,Name,Nickname,Record,Streak,Height,Weight,Reach,Stance,DOB,Sig_Str_M,Sig_Str_Acc,Sig_Str_Abs_M,Str_Def,TD_Avg,TD_Acc,TD_Def,Sub_Avg,Wins,Losses,Draws(NC)
0,Jessica Eye,Evil,Record: 15-11-0 (1 NC),-4,66,125.0,66.0,Orthodox,1986-07-27,3.86,0.37,4.19,0.55,0.58,0.4,0.57,0.5,15,11,0 (1 NC)
1,Michael Byrnes,,Record: 5-3-0,1,71,155.0,,,1990-07-17,0.0,0.0,0.0,0.0,0.0,0.0,0.0,0.0,5,3,0
2,Dos Caras Jr.,,Record: 9-5-0,-2,76,225.0,,Orthodox,1977-05-25,0.77,0.23,1.2,0.59,0.0,0.0,0.72,0.0,9,5,0
3,Steve Byrnes,The Sergeant,Record: 6-1-0,-1,72,170.0,,Orthodox,,1.2,0.51,2.67,0.27,3.0,0.6,0.0,4.0,6,1,0
4,Charles Byrd,Kid Dynamite,Record: 10-7-0,-3,70,185.0,73.0,Orthodox,1983-10-11,3.43,0.55,2.63,0.55,2.5,0.5,0.4,1.5,10,7,0
5,Alptekin Ozkilic,The Turkish Delight,Record: 9-5-0,-3,65,125.0,65.0,Orthodox,1986-03-27,3.81,0.32,5.72,0.59,4.21,0.58,0.75,0.0,9,5,0
6,Pat Pytlik,,Record: 9-2-0,-1,72,170.0,73.0,Orthodox,1989-04-24,3.12,0.56,4.56,0.22,0.0,0.0,0.33,0.0,9,2,0
7,John Makdessi,The Bull,Record: 18-9-0,-2,68,155.0,68.0,Orthodox,1985-05-03,5.52,0.49,4.15,0.68,0.0,0.0,0.86,0.0,18,9,0
8,Adam Lynn,,Record: 17-10-0 (1 NC),-2,70,155.0,,Orthodox,,1.47,0.63,6.95,0.1,0.0,0.0,0.5,0.0,17,10,0 (1 NC)
9,Chris Lytle,Lights Out,Record: 31-18-5,1,71,170.0,68.0,Orthodox,1974-08-18,3.76,0.45,3.03,0.58,0.7,0.55,0.55,2.4,31,18,5
10,Lisa Kyriacou,The Savage,Record: 7-2-0,-1,65,125.0,64.0,Orthodox,1993-11-17,4.67,0.41,4.4,0.47,0.0,0.0,0.33,0.0,7,2,0
11,Ren Ozaki,,Record: 6-1-2,-1,67,135.0,68.0,Orthodox,2001-12-15,1.2,0.35,1.07,0.55,0.0,0.0,0.36,0.0,6,1,2
12,Joe Pyfer,Bodybagz,Record: 13-3-0,1,74,185.0,75.0,Orthodox,1996-09-17,3.72,0.41,3.48,0.51,1.45,0.41,0.5,0.9,13,3,0
13,Darren Uyenoyama,BC,Record: 10-6-0,-2,66,125.0,65.0,Orthodox,1979-10-15,1.34,0.39,2.21,0.66,1.42,0.33,0.35,0.7,10,6,0
14,Danny Roberts,Hot Chocolate,Record: 18-8-0,-3,73,170.0,74.0,Southpaw,1987-07-14,3.18,0.39,3.73,0.5,0.24,0.09,0.57,0.2,18,8,0
15,Mike Pyle,Quicksand,Record: 27-14-1,-3,72,170.0,74.0,Orthodox,1975-09-18,2.74,0.45,2.84,0.6,1.8,0.35,0.7,1.5,27,14,1
16,Tony Sylvester,,Record: 11-3-0,-1,73,225.0,,Southpaw,1978-01-27,0.0,0.0,10.12,0.12,0.0,0.0,0.0,0.0,11,3,0
17,Kevin Szaflarski,,Record: 11-2-0,-1,77,260.0,77.0,Orthodox,1994-12-30,1.13,0.28,8.07,0.3,0.0,0.0,0.0,0.0,11,2,0
18,Tim Sylvia,The Maine-iac,Record: 31-10-0 (1 NC),-2,80,265.0,80.0,Orthodox,1976-03-05,4.23,0.41,2.61,0.61,0.11,1.0,0.75,0.1,31,10,0 (1 NC)
19,Leo Sylvest,Lethal,Record: 10-16-0,-1,71,205.0,,Orthodox,1973-09-03,0.0,0.0,6.58,0.27,0.0,0.0,0.0,0.0,10,16,0
20,Kevin Syler,El Nino Bala,Record: 10-1-0,-1,69,155.0,71.0,Switch,1993-07-29,5.6,0.69,4.03,0.48,1.0,0.4,0.77,2.0,10,1,0
21,Bentley Syler,Bolivia,Record: 5-1-0,-1,64,125.0,,Orthodox,1982-12-22,1.3,0.18,1.73,0.79,0.0,0.0,0.75,0.0,5,1,0
22,Floyd Sword,,Record: 12-3-0,-1,72,185.0,,Orthodox,1976-08-24,0.78,0.42,1.57,0.4,0.0,0.0,0.33,0.0,12,3,0
23,Mike Swick,Quick,Record: 15-6-0,-2,73,170.0,77.0,Orthodox,1979-06-19,2.36,0.37,2.29,0.54,1.06,0.5,0.61,0.6,15,6,0
24,Martin Svensson,,Record: 15-6-0,-1,73,155.0,,,1985-04-25,2.02,0.38,5.91,0.38,0.0,0.0,0.0,0.0,15,6,0
25,Oumar Sy,,Record: 10-0-0,0,76,205.0,83.0,Orthodox,1995-11-21,0.0,0.0,0.81,0.25,8.07,0.66,0.0,4.0,10,0,0
26,Daniel Swain,,Record: 20-10-1,-1,69,145.0,70.0,Orthodox,1991-01-30,0.8,0.44,3.2,0.4,0.0,0.0,0.0,6.0,20,10,1
27,Danilo Suzart,,Record: 9-2-0,-1,72,260.0,,Orthodox,1991-12-04,4.09,0.55,11.73,0.51,0.0,0.0,0.0,0.0,9,2,0
28,Cub Swanson,,Record: 29-14-0,-1,68,145.0,70.0,Orthodox,1983-11-02,4.67,0.5,3.86,0.59,1.04,0.5,0.63,0.4,29,14,0
29,Joel Sutton,,Record: 2-4-1,2,71,205.0,,Orthodox,,0.0,0.0,0.0,0.0,0.0,0.0,0.0,0.0,2,4,1
30,Chad Sutton,,Record: 2-2-0,-1,73,185.0,,,1982-08-07,0.0,0.0,0.0,0.0,0.0,0.0,0.0,0.0,2,2,0
31,Rama Supandhi,Hellboy,Record: 8-4-0,-1,65,125.0,66.0,Southpaw,1991-11-07,2.2,0.42,3.53,0.48,1.0,0.11,0.0,0.0,8,4,0
32,Jason Suttie,Nobunaga,Record: 0-1-0,-1,72,210.0,,Orthodox,1973-08-07,2.07,0.83,4.97,0.36,0.0,0.0,0.0,0.0,0,1,0
33,Justin Sumter,,Record: 7-3-0,-2,74,185.0,80.0,Southpaw,1989-11-16,2.68,0.48,7.64,0.34,2.87,1.0,0.0,0.0,7,3,0
34,Magomed Sultanakhmedov,,Record: 18-6-0,-1,74,185.0,,Southpaw,,0.0,0.0,2.4,0.42,9.0,1.0,0.0,9.0,18,6,0
35,Sumudaerji,The Tibetan Eagle,Record: 16-6-0,0,68,125.0,72.0,Southpaw,1996-01-20,4.64,0.54,2.73,0.61,0.29,1.0,0.66,0.6,16,6,0
36,George Sullivan,The Silencer,Record: 17-7-0 (1 NC),-3,72,170.0,73.0,Orthodox,1981-03-13,3.53,0.39,2.42,0.57,1.37,0.2,0.38,0.7,17,7,0 (1 NC)
37,Amar Suloev,,Record: 24-7-0,-1,69,183.0,,Orthodox,1976-07-01,1.98,0.37,2.19,0.7,0.27,1.0,0.88,0.3,24,7,0
38,Naho Sugiyuma,Sugi Rock,Record: 12-5-0,-1,61,105.0,,,1978-02-03,2.59,0.48,2.45,0.71,2.05,1.0,0.66,0.0,12,5,0
39,Daisuke Sugie,Amazon,Record: 10-8-1,-1,66,160.0,,Orthodox,,0.0,0.0,0.22,0.8,3.27,0.5,0.0,3.3,10,8,1
40,Takashi Sugiura,,Record: 1-3-0,1,71,225.0,,Southpaw,1970-05-31,1.37,0.4,2.08,0.53,1.33,0.66,0.0,0.0,1,3,0
41,Genki Sudo,Neo-Samurai,Record: 15-4-2,1,69,155.0,,Orthodox,1978-03-08,1.55,0.39,2.23,0.33,3.58,0.6,0.5,4.2,15,4,2
42,Tatiana Suarez,,Record: 11-0-0,7,65,115.0,66.0,Southpaw,1990-12-19,4.27,0.63,1.38,0.51,6.2,0.61,1.0,0.9,11,0,0
43,Lucasz Sudolski,,Record: 8-1-0,-1,76,205.0,75.0,Orthodox,1993-06-15,5.7,0.67,4.89,0.28,0.0,0.0,1.0,0.0,8,1,0
44,Mike Stumpf,,Record: 11-4-0,-2,70,170.0,,,1986-08-01,3.34,0.43,8.85,0.47,1.59,0.25,0.33,0.8,11,4,0
45,Kyle Sturgeon,,Record: 0-1-0,-1,75,225.0,,Switch,,0.0,0.0,0.0,0.0,0.0,0.0,0.0,0.0,0,1,0
46,Masanori Suda,,Record: 22-11-3,-1,69,183.0,,Orthodox,,1.8,0.5,1.2,0.63,0.0,0.0,0.6,0.0,22,11,3
47,Josh Stuart,,Record: 1-4-0,-1,69,160.0,,,,0.0,0.0,0.0,0.0,0.0,0.0,0.0,0.0,1,4,0
48,Stefan Struve,Skyscraper,Record: 33-13-0,-2,83,265.0,84.0,Orthodox,1988-02-18,3.12,0.47,4.04,0.46,0.56,0.46,0.55,1.7,33,13,0
49,Mark Striegl,Mugen,Record: 18-4-0 (1 NC),-2,68,145.0,70.0,Southpaw,1988-06-23,1.4,0.45,4.07,0.4,0.0,0.0,0.66,0.0,18,4,0 (1 NC)
50,Hans Stringer,,Record: 22-8-3,-2,75,205.0,,Orthodox,1987-07-06,3.16,0.61,2.84,0.41,2.4,0.36,0.62,0.0,22,8,3
51,Dave Strasser,,Record: 25-8-0,-2,70,170.0,,Orthodox,1969-07-13,3.04,0.45,1.88,0.59,0.72,0.33,0.33,0.0,25,8,0
52,Gerald Strebendt,The Finishing Machine,Record: 9-7-0,-1,69,155.0,,Orthodox,1979-03-01,0.0,0.0,4.0,0.38,0.0,0.0,0.0,16.4,9,7,0
53,Sean Strickland,,Record: 29-6-0,1,73,185.0,76.0,Orthodox,1991-02-27,6.01,0.42,4.48,0.61,0.78,0.64,0.77,0.2,29,6,0
54,Gennaro Strangis,,Record: 0-1-0,-1,0,,,,,0.0,0.0,0.0,0.0,0.0,0.0,0.0,0.0,0,1,0
55,Jesse Strader,Sui Generis,Record: 5-3-0,-2,67,135.0,70.0,Orthodox,1991-05-29,5.03,0.51,5.28,0.47,3.87,0.57,1.0,0.0,5,3,0
56,Rick Story,The Horror,Record: 19-9-0,-1,69,170.0,71.0,Southpaw,1984-08-28,3.8,0.41,2.17,0.62,2.53,0.48,0.63,0.9,19,9,0
57,Sam Stout,Hands of Stone,Record: 20-12-1,-3,69,155.0,70.0,Orthodox,1984-04-23,4.17,0.28,4.08,0.57,0.63,0.38,0.77,0.1,20,12,1
58,Greg Stott,Ranger,Record: 0-1-0,-1,67,220.0,,Southpaw,,0.0,0.0,0.0,0.0,0.0,0.0,0.0,0.0,0,1,0
59,Tim Stout,,Record: 12-10-0,-1,71,185.0,,,1979-02-09,0.0,0.0,0.0,0.0,0.0,0.0,0.0,0.0,12,10,0
60,Curtis Stout,,Record: 11-12-1,-4,73,185.0,,Southpaw,1973-11-07,0.69,0.67,3.2,0.29,0.0,0.0,0.2,0.0,11,12,1
61,George Stork,,Record: 7-9-0,-1,70,185.0,,,,0.0,0.0,0.0,0.0,0.0,0.0,0.0,0.0,7,9,0
62,Darko Stosic,,Record: 13-4-0,-3,72,205.0,76.0,Orthodox,1992-02-09,2.61,0.45,4.04,0.58,3.42,0.5,0.83,0.0,13,4,0
63,Ryan Stonitsch,,Record: 8-1-0,-1,69,170.0,,Southpaw,1977-02-03,2.53,0.36,2.53,0.71,0.0,0.0,0.0,0.0,8,1,0
64,Ken Stone,,Record: 11-4-0,-1,68,135.0,71.0,Southpaw,1982-10-08,3.85,0.49,2.9,0.48,1.24,0.33,0.6,0.6,11,4,0
65,Julija Stoliarenko,,Record: 11-9-2,-1,67,125.0,66.0,Orthodox,1993-04-08,2.49,0.39,4.54,0.46,0.93,0.27,0.54,1.7,11,9,2
66,Niklas Stolze,Green Mask,Record: 12-6-0,-3,73,155.0,74.0,Switch,1992-12-28,2.12,0.48,2.25,0.49,0.66,1.0,0.55,0.7,12,6,0
67,Lazar Stojadinovic,The Bronx Bomber,Record: 12-5-0,-1,67,145.0,68.0,Southpaw,1989-03-22,1.82,0.29,1.97,0.59,0.0,0.0,0.0,0.0,12,5,0
68,Dan Stittgen,The Anvil,Record: 12-5-0,-2,73,170.0,,Orthodox,1980-11-17,2.97,0.46,4.42,0.37,0.78,1.0,1.0,0.0,12,5,0
69,Dustin Stoltzfus,,Record: 15-6-0,0,72,185.0,75.0,Orthodox,1991-11-15,3.51,0.44,3.4,0.47,2.45,0.41,0.46,1.0,15,6,0
70,Alex Stiebling,The Brazilian Killa,Record: 19-11-1 (1 NC),-1,74,205.0,,Southpaw,,1.77,0.42,1.45,0.52,0.35,0.66,0.66,0.7,19,11,1 (1 NC)
71,Denis Stojnic,,Record: 13-3-0 (1 NC),-2,72,245.0,,Orthodox,1980-02-02,1.51,0.23,6.06,0.36,0.0,0.0,0.8,1.0,13,3,0 (1 NC)
72,Kyle Stewart,Gunz Up,Record: 11-3-0,-2,72,170.0,76.0,Orthodox,1989-01-31,1.41,0.35,2.42,0.43,1.32,0.2,0.6,0.0,11,3,0
73,Navajo Stirling,,Record: 5-0-0,1,76,205.0,79.0,Orthodox,1997-11-07,7.07,0.68,3.4,0.48,0.0,0.0,1.0,0.0,5,0,0
74,Darren Stewart,The Dentist,Record: 12-8-0 (2 NC),-2,72,205.0,74.0,Orthodox,1990-12-30,3.05,0.45,3.29,0.48,1.75,0.45,0.67,0.1,12,8,0 (2 NC)
75,Tyler Stinson,The Evolution,Record: 30-10-0,-2,75,170.0,,,1986-01-17,2.8,0.23,4.6,0.56,0.5,1.0,0.0,0.5,30,10,0
76,Joe Stevenson,Daddy,Record: 33-16-0,-4,67,145.0,70.0,Orthodox,1982-06-15,2.05,0.44,2.44,0.6,2.75,0.44,0.39,2.2,33,16,0
77,Marc Stevens,,Record: 21-10-0,-1,69,155.0,,,,0.45,0.26,1.79,0.46,0.0,0.0,0.0,0.0,21,10,0
78,Maia Stevenson,,Record: 6-5-0,-1,64,115.0,62.0,Orthodox,1982-03-19,1.57,0.54,3.13,0.33,3.91,1.0,0.5,0.0,6,5,0
79,Luke Stewart,,Record: 6-3-0,-2,71,170.0,,Orthodox,,3.75,0.56,2.34,0.53,3.75,0.33,0.5,1.9,6,3,0
80,Aljamain Sterling,Funk Master,Record: 24-4-0,0,67,145.0,71.0,Orthodox,1989-07-31,4.61,0.52,2.3,0.58,2.31,0.27,0.45,0.7,24,4,0
81,Dmitri Stepanov,,Record: 0-1-0,-1,75,217.0,,Orthodox,,0.0,0.0,0.0,0.0,0.0,0.0,0.0,0.0,0,1,0
82,Ray Steinbeiss,Ipswitch Cobra,Record: 14-7-0,-1,71,170.0,,Orthodox,1979-09-12,0.0,0.0,0.0,1.0,0.0,0.0,0.0,0.0,14,7,0
83,Eric Steenberg,,Record: 5-1-0,-1,0,155.0,,,1983-06-22,0.0,0.0,0.0,0.0,0.0,0.0,0.0,0.0,5,1,0
84,Ricky Steele,The Karate Kid,Record: 6-0-0,1,69,135.0,74.0,Orthodox,1988-05-26,4.07,0.7,2.93,0.5,0.0,0.0,0.91,0.0,6,0,0
85,Austin Tweedy,,Record: 8-2-0,-1,69,155.0,,Orthodox,1990-09-25,4.29,0.66,6.43,0.0,0.0,0.0,0.0,0.0,8,2,0
86,Marcin Tybura,Tybur,Record: 25-9-0,-1,75,249.0,78.0,Orthodox,1985-11-09,3.57,0.48,3.34,0.55,1.42,0.33,0.77,0.1,25,9,0
87,Jeremy Stephens,Lil' Heathen,Record: 28-19-0 (1 NC),-3,69,145.0,71.0,Orthodox,1986-05-25,3.17,0.4,3.05,0.58,1.16,0.38,0.65,0.4,28,19,0 (1 NC)
88,Jalin Turner,The Tarantula,Record: 14-8-0,-1,75,155.0,77.0,Southpaw,1995-05-18,5.6,0.48,4.57,0.41,0.79,0.55,0.74,1.1,14,8,0
89,Anton Turkalj,The Pleasure Man,Record: 8-4-0,-4,76,205.0,78.0,Orthodox,1996-06-10,2.45,0.42,3.42,0.54,4.98,0.41,0.16,0.0,8,4,0
90,Steve Steinbeiss,The Hooligan,Record: 9-4-0,-3,75,185.0,75.0,Orthodox,1981-05-05,3.92,0.55,1.86,0.49,0.44,0.5,0.58,0.0,9,4,0
91,Wellington Turman,The Prodigy,Record: 18-8-0,-3,72,170.0,72.0,Orthodox,1996-07-22,3.23,0.51,4.17,0.45,1.55,0.2,0.42,0.8,18,8,0
92,Ricky Turcios,,Record: 13-4-0,-1,69,135.0,71.0,Orthodox,1993-06-05,4.63,0.37,3.34,0.55,0.89,0.25,0.45,0.5,13,4,0
93,Courtney Turner,,Record: 0-3-0,-1,74,170.0,,,,0.0,0.0,0.0,0.0,0.0,0.0,0.0,0.0,0,3,0
94,Albert Tumenov,Einstein,Record: 18-4-0,-2,71,170.0,73.0,Orthodox,1991-12-26,3.76,0.42,3.34,0.58,0.2,0.2,0.75,0.0,18,4,0
95,Dominique Steele,Non-Stop Action-Packed,Record: 14-9-0,-3,70,170.0,74.0,Orthodox,1988-01-27,2.32,0.49,2.42,0.5,2.95,0.42,0.76,0.0,14,9,0
96,Adam Steele,,Record: 0-1-0,-1,0,170.0,,,,0.0,0.0,0.0,0.0,0.0,0.0,0.0,0.0,0,1,0
97,Damian Stasiak,Webster,Record: 10-6-0,-3,65,135.0,70.0,Orthodox,1990-02-20,1.86,0.36,3.1,0.52,2.64,0.35,0.43,0.6,10,6,0
98,Clifford Starks,,Record: 13-3-0,-2,72,185.0,78.0,Orthodox,1981-04-25,1.94,0.33,2.49,0.58,1.94,1.0,0.6,0.0,13,3,0
99,Laureano Staropoli,Pepi,Record: 9-5-0,-4,73,185.0,71.0,Orthodox,1993-02-27,3.31,0.34,3.73,0.54,0.83,0.26,0.48,0.0,9,5,0
100,Lucas Stark,,Record: 1-5-0,-1,0,155.0,,,,1.6,0.25,3.2,0.66,12.0,1.0,0.0,0.0,1,5,0
101,Josh Stansbury,The Sandman,Record: 4-8-0,-2,74,205.0,74.0,Orthodox,1984-11-19,3.22,0.54,3.54,0.54,0.0,0.0,0.87,1.0,4,8,0
102,Kalib Starnes,,Record: 17-11-1,-2,75,185.0,74.0,Orthodox,1975-01-06,2.71,0.48,4.43,0.53,1.46,0.33,0.25,0.6,17,11,1
103,Dion Staring,Soldier,Record: 35-14-0,-2,73,235.0,,Orthodox,1978-06-09,1.09,0.37,5.0,0.47,0.0,0.0,0.33,0.0,35,14,0
104,Brian Stann,All American,Record: 12-6-0,-2,73,205.0,74.0,Orthodox,1980-09-24,3.28,0.42,2.65,0.59,0.12,0.12,0.6,0.3,12,6,0
105,Andreas Stahl,Real Steel,Record: 10-4-0,-2,71,170.0,,Orthodox,1988-05-20,2.83,0.37,4.74,0.57,1.55,0.66,0.8,0.0,10,4,0
106,Ron Stallings,The Choir Boy,Record: 14-8-0 (1 NC),-1,74,170.0,75.0,Southpaw,1983-01-25,3.22,0.6,3.26,0.51,0.0,0.0,0.71,0.0,14,8,0 (1 NC)
107,Cody Stamann,The Spartan,Record: 21-7-1,-2,66,135.0,64.0,Orthodox,1989-11-09,4.35,0.47,3.89,0.6,2.22,0.37,0.76,0.0,21,7,1
108,Cristina Stanciu,Barbie,Record: 5-2-0,-2,63,115.0,,Orthodox,1994-03-29,2.5,0.5,3.07,0.52,0.85,1.0,0.4,1.7,5,2,0
109,Bobby Stack,,Record: 8-3-0,-1,69,155.0,,Orthodox,,1.0,0.2,2.89,0.34,7.48,0.45,1.0,0.0,8,3,0
110,Austin Springer,,Record: 12-4-0,-1,68,145.0,71.0,Orthodox,1987-05-12,3.54,0.57,3.15,0.41,3.37,0.4,1.0,0.8,12,4,0
111,Georges St-Pierre,Rush,Record: 26-2-0,13,71,185.0,76.0,Orthodox,1981-05-19,3.78,0.53,1.4,0.72,4.16,0.74,0.83,1.1,26,2,0
112,Daniel Spohn,Dragon,Record: 15-6-0,1,76,205.0,79.0,Southpaw,1984-10-12,2.42,0.49,1.6,0.53,0.0,0.0,0.28,2.5,15,6,0
113,Serghei Spivac,Polar Bear,Record: 17-4-0,1,75,260.0,78.0,Orthodox,1995-01-24,3.51,0.49,3.72,0.5,4.63,0.65,0.7,0.7,17,4,0
114,Pete Spratt,The Secret Weapon,Record: 25-23-0,-3,69,170.0,,Orthodox,1971-01-09,1.63,0.48,1.33,0.55,0.3,1.0,0.46,0.3,25,23,0
115,Daniel Spitz,,Record: 6-3-0,-2,79,245.0,82.0,Orthodox,1990-07-31,2.6,0.35,5.3,0.46,0.74,0.66,0.0,0.0,6,3,0
116,Mario Sperry,Zen Machine,Record: 13-4-0,-1,74,205.0,,Orthodox,1966-09-28,2.81,0.52,1.53,0.47,2.09,0.42,0.71,1.4,13,4,0
117,Waachiim Spiritwolf,Native Warrior,Record: 12-13-1 (2 NC),0,68,170.0,,,,10.0,1.0,10.0,0.0,0.0,0.0,0.0,0.0,12,13,1 (2 NC)
118,Eric Spicely,Zebrinha,Record: 12-6-0,-4,73,185.0,73.0,Orthodox,1986-09-29,3.71,0.45,5.72,0.55,1.31,0.2,0.75,1.0,12,6,0
119,Felicia Spencer,FeeNom,Record: 9-3-0,1,66,145.0,68.0,Orthodox,1990-11-29,3.21,0.48,4.54,0.45,1.18,0.18,0.27,0.2,9,3,0
120,Sean Spencer,Black Magic,Record: 12-6-0,-3,70,170.0,74.0,Orthodox,1987-06-25,4.24,0.32,4.02,0.6,0.14,0.33,0.68,0.0,12,6,0
121,Sam Spengler,The Ram,Record: 9-5-0,-2,71,185.0,,Orthodox,,3.27,0.62,3.27,0.54,1.75,0.11,0.75,1.8,9,5,0
122,Tommy Speer,,Record: 21-7-0,-2,70,170.0,71.0,Orthodox,1984-08-20,2.56,0.51,5.12,0.35,2.02,0.33,0.33,0.0,21,7,0
123,Patrick Speight,,Record: 7-3-0,-1,73,170.0,,Orthodox,,0.0,0.0,0.0,0.0,0.0,0.0,0.0,0.0,7,3,0
124,Andreas Spang,Sweet Swede,Record: 9-3-0,1,73,185.0,,,1978-11-07,0.0,0.0,0.0,0.0,0.0,0.0,0.0,0.0,9,3,0
125,Charon Spain,,Record: 14-26-0,-1,69,155.0,,,1988-03-11,0.0,0.0,0.0,0.0,0.0,0.0,0.0,0.0,14,26,0
126,Chris Spang,The Kiss,Record: 6-3-0,-1,74,170.0,,Orthodox,1987-11-26,1.83,0.36,1.95,0.6,0.0,0.0,0.5,0.9,6,3,0
127,Ryan Spann,Superman,Record: 21-10-0,-3,77,205.0,79.0,Orthodox,1991-08-24,3.25,0.4,3.89,0.44,1.34,0.35,0.47,1.5,21,10,0
128,Ketlen Souza,Esquentadinha,Record: 15-4-0,2,63,115.0,63.0,Orthodox,1994-08-18,5.11,0.66,3.49,0.56,0.76,0.5,0.62,0.8,15,4,0
129,Bruno Souza,The Tiger,Record: 10-3-0,-2,70,145.0,70.0,Orthodox,1996-03-07,3.73,0.39,5.3,0.45,0.5,0.16,0.6,0.0,10,3,0
130,Livinha Souza,The Brazilian Gangsta,Record: 14-4-0,-2,63,115.0,63.0,Orthodox,1991-03-11,1.75,0.45,3.6,0.56,2.54,0.45,0.4,1.4,14,4,0
131,Edimilson Souza,Kevin,Record: 15-5-0,-1,72,145.0,74.0,Orthodox,1984-10-17,4.65,0.44,2.91,0.58,0.0,0.0,0.5,0.0,15,5,0
132,Bobby Southworth,,Record: 10-6-0 (1 NC),-1,74,205.0,,Orthodox,1969-12-16,0.99,0.39,1.38,0.65,3.98,0.78,0.64,1.3,10,6,0 (1 NC)
133,Jacare Souza,,Record: 26-10-0 (1 NC),-4,73,185.0,72.0,Orthodox,1979-12-07,2.53,0.47,2.83,0.62,2.57,0.39,0.57,1.3,26,10,0 (1 NC)
134,Andre Soukhamthath,The Asian Sensation,Record: 13-8-0,-2,69,135.0,70.0,Orthodox,1988-10-23,2.77,0.44,4.31,0.49,1.25,0.53,0.58,0.2,13,8,0
135,Joe Soto,One Bad Mofo,Record: 18-7-0,-2,66,135.0,65.0,Orthodox,1987-03-22,3.36,0.41,5.37,0.67,0.85,0.21,0.7,1.9,18,7,0
136,Mario Sousa,Coracao Valente,Record: 15-3-0,-2,75,185.0,79.0,Orthodox,1996-10-20,2.82,0.5,2.99,0.28,0.52,0.25,0.37,0.5,15,3,0
137,Alex Soto,Extremo,Record: 8-3-1,-2,68,135.0,,Southpaw,1984-02-15,2.95,0.25,5.02,0.59,2.82,0.3,0.0,0.0,8,3,1
138,Greg Soto,,Record: 9-4-0,-1,71,170.0,73.0,Orthodox,1986-06-03,3.21,0.63,2.61,0.52,1.49,0.27,0.44,1.0,9,4,0
139,Marco Tulio,Matuto,Record: 12-1-0,2,72,185.0,74.0,Orthodox,1994-06-13,4.42,0.51,2.78,0.58,1.33,0.2,0.0,0.7,12,1,0
140,Teila Tuli,,Record: 0-1-0,-1,72,430.0,,Orthodox,1969-06-14,0.0,0.0,0.0,0.0,0.0,0.0,0.0,0.0,0,1,0
141,Nyamjargal Tumendemberel,Art of Knockout,Record: 8-0-0,2,67,125.0,71.0,Orthodox,1998-03-22,4.43,0.44,3.62,0.45,4.68,0.38,0.14,3.7,8,0,0
142,Tom Tuggle,The Law,Record: 0-3-0,-1,74,250.0,,Orthodox,,0.0,0.0,2.14,0.0,32.14,1.0,0.0,0.0,0,3,0
143,Jumabieke Tuerxun,The Wild Wolf,Record: 19-4-1,-3,67,135.0,,Orthodox,1986-04-17,1.6,0.28,3.08,0.59,0.47,0.11,0.66,0.9,19,4,1
144,Zubaira Tukhugov,Warrior,Record: 20-6-1,-1,68,155.0,68.0,Orthodox,1991-01-15,3.17,0.39,3.07,0.63,2.13,0.39,1.0,0.0,20,6,1
145,Tai Tuivasa,Bam Bam,Record: 15-8-0,-5,74,264.0,75.0,Southpaw,1993-03-16,3.77,0.46,5.18,0.44,0.0,0.0,0.57,0.0,15,8,0
146,Chris Tuchscherer,The Crowbar,Record: 21-4-0 (1 NC),-2,74,258.0,76.0,Orthodox,1975-09-08,1.35,0.31,3.17,0.47,1.19,0.18,0.0,0.6,21,4,0 (1 NC)
147,Jon Tuck,Super Saiyan,Record: 10-5-0,-1,71,155.0,73.0,Orthodox,1984-08-28,3.0,0.4,3.74,0.6,0.42,0.33,0.5,1.0,10,5,0
148,Gavin Tucker,Guv'nor,Record: 13-3-0,-2,66,145.0,66.0,Southpaw,1986-06-17,4.29,0.44,4.18,0.57,3.13,0.44,0.53,1.5,13,3,0
149,Abel Trujillo,Killa,Record: 15-8-0 (1 NC),-2,68,155.0,70.0,Orthodox,1983-09-18,2.65,0.41,2.31,0.59,2.18,0.45,0.4,0.4,15,8,0 (1 NC)
150,Reynaldo Trujillo,The Truth,Record: 21-19-0,1,69,155.0,,,1982-01-01,0.0,0.0,0.0,0.0,0.0,0.0,0.0,0.0,21,19,0
151,Rei Tsuruya,,Record: 10-0-0,4,66,125.0,68.0,Orthodox,2002-06-22,2.28,0.6,1.31,0.46,5.45,0.5,0.5,2.5,10,0,0
152,Aaron Trujillo,,Record: 0-1-0,1,65,125.0,,,,0.0,0.0,0.0,0.0,0.0,0.0,0.0,0.0,0,1,0
153,Arman Tsarukyan,Ahalkalakets,Record: 22-3-0,4,67,155.0,72.0,Orthodox,1996-10-11,3.79,0.48,1.84,0.53,3.25,0.37,0.75,0.0,22,3,0
154,Antonio Trocoli,Malvado,Record: 12-4-0 (1 NC),-1,77,185.0,80.0,Orthodox,1990-12-06,1.28,0.51,6.1,0.24,0.91,0.12,1.0,0.9,12,4,0 (1 NC)
155,Tor Troeng,The Hammer,Record: 16-7-1,-3,74,185.0,,Orthodox,1983-01-25,1.16,0.46,3.26,0.32,0.62,0.07,0.66,0.3,16,7,1
156,Francisco Trevino,Sitkayan,Record: 13-3-0,-2,69,155.0,70.0,Orthodox,1981-12-17,2.65,0.42,2.42,0.64,0.97,0.22,0.41,0.0,13,3,0
157,Alexander Trevino,,Record: 7-7-0,-1,0,170.0,,,,0.0,0.0,0.0,0.0,0.0,0.0,0.0,0.0,7,7,0
158,Frank Trigg,Twinkle Toes,Record: 21-9-0,-2,69,170.0,71.0,Southpaw,1972-05-07,2.79,0.46,1.9,0.56,2.35,0.47,0.75,0.8,21,9,0
159,Angelo Trevino,Baby Monsta,Record: 7-3-0,-1,71,170.0,,Switch,1993-06-10,5.19,0.54,3.9,0.47,0.0,0.0,1.0,0.0,7,3,0
160,Michael Trizano,The Lone Wolf,Record: 11-3-0,1,71,145.0,71.0,Orthodox,1991-12-31,3.63,0.53,4.4,0.5,0.36,0.66,0.72,0.5,11,3,0
161,Francisco Trinaldo,Massaranduba,Record: 28-9-0,-1,69,170.0,70.0,Southpaw,1978-08-24,3.13,0.45,2.67,0.6,0.98,0.42,0.6,0.5,28,9,0
162,Bryan Travers,,Record: 15-4-0,-2,0,155.0,,,1983-04-11,2.33,0.48,3.93,0.55,2.0,0.28,0.63,0.0,15,4,0
163,Dequan Townsend,The Tarantula,Record: 21-12-0,-4,75,205.0,79.0,Orthodox,1986-05-11,1.23,0.34,3.92,0.38,0.0,0.0,0.46,0.0,21,12,0
164,Roberto Traven,Spider,Record: 6-4-1,-1,75,227.0,,Orthodox,1968-09-16,0.92,0.5,2.77,0.57,0.0,0.0,0.0,0.0,6,4,1
165,Salim Touahri,Grizzly,Record: 10-4-0,-3,70,170.0,72.0,Orthodox,1989-09-28,2.6,0.46,2.87,0.58,0.0,0.0,0.83,0.0,10,4,0
166,Minoru Toyonaga,,Record: 2-5-0,-1,71,195.0,,Southpaw,,0.0,0.0,0.0,0.0,0.0,0.0,0.0,0.0,2,5,0
167,Eduardo Torres Caut,Cyborg,Record: 16-2-0,-1,67,135.0,70.0,Orthodox,1995-04-26,1.1,0.34,1.24,0.65,2.06,0.33,0.5,0.0,16,2,0
168,Manuel Torres,El Loco,Record: 15-3-0,-1,70,155.0,73.0,Switch,1995-03-25,7.17,0.55,4.53,0.52,2.26,0.66,0.88,1.1,15,3,0
169,Desmond Torres,,Record: 7-2-0,-1,66,135.0,69.0,Orthodox,1997-01-06,4.8,0.64,11.78,0.48,0.0,0.0,1.0,0.0,7,2,0
170,Jose Torres,Shorty,Record: 8-1-0,-1,64,125.0,65.0,Orthodox,1992-08-02,4.37,0.36,9.84,0.5,1.28,0.33,0.75,0.0,8,1,0
171,Alex Torres,Rolo,Record: 5-4-0,-1,70,145.0,,Orthodox,1988-05-29,2.47,0.37,2.73,0.69,2.0,0.22,0.5,0.0,5,4,0
172,Haven Torres,,Record: 0-0-0,-1,0,125.0,,,,0.0,0.0,0.0,0.0,0.0,0.0,0.0,0.0,0,0,0
173,Ronys Torres,,Record: 35-5-0,-2,67,155.0,,Orthodox,1975-08-13,0.87,0.26,1.93,0.57,4.0,0.47,0.16,0.5,35,5,0
174,Ilia Topuria,El Matador,Record: 15-0-0,0,67,145.0,69.0,Orthodox,1997-01-21,4.4,0.46,3.35,0.65,1.92,0.56,0.92,1.3,15,0,0
175,Miguel Torres,,Record: 44-9-0,-1,69,135.0,76.0,Orthodox,1981-01-18,3.98,0.43,1.86,0.74,0.0,0.0,0.17,1.6,44,9,0
176,Anthony Torres,The Crush,Record: 5-3-0,-1,68,170.0,,Orthodox,1978-07-31,3.54,0.48,7.52,0.45,0.0,0.0,1.0,2.2,5,3,0
177,Carl Toomey,,Record: 3-3-0,-1,0,,,,,0.0,0.0,0.0,0.0,0.0,0.0,0.0,0.0,3,3,0
178,James Toney,Lights Out,Record: 0-1-0,-1,69,220.0,,Orthodox,1968-08-24,0.0,0.0,2.41,0.27,0.0,0.0,0.0,0.0,0,1,0
179,Masanori Tonooka,,Record: 1-2-0,-1,68,185.0,,Orthodox,,0.16,0.05,1.09,0.36,0.0,0.0,0.0,0.0,1,2,0
180,Tyler Toner,,Record: 15-7-0 (1 NC),-2,68,145.0,70.0,Orthodox,1983-03-31,2.95,0.52,2.13,0.62,0.0,0.0,0.54,0.4,15,7,0 (1 NC)
181,George Sotiropoulos,,Record: 14-7-0,-4,70,155.0,71.0,Orthodox,1977-07-09,2.61,0.27,2.52,0.67,2.32,0.31,0.53,1.6,14,7,0
182,Puja Tomar,Cyclone,Record: 9-4-0,1,64,115.0,59.0,Southpaw,1993-12-05,6.33,0.47,5.6,0.44,0.0,0.0,1.0,0.0,9,4,0
183,Ben Sosoli,Combat Wombat,Record: 7-3-0 (2 NC),-1,72,265.0,72.0,Southpaw,1989-12-10,2.31,0.31,4.3,0.47,0.0,0.0,0.0,0.0,7,3,0 (2 NC)
184,Krzysztof Soszynski,The Polish Experiment,Record: 26-12-1,-1,73,205.0,77.0,Open Stance,1977-08-02,3.37,0.39,3.13,0.58,0.52,0.25,0.71,1.0,26,12,1
185,Punahele Soriano,Puna,Record: 10-4-0,1,71,170.0,72.0,Southpaw,1992-11-22,4.89,0.53,3.88,0.48,1.48,0.56,0.37,0.0,10,4,0
186,Dmitry Sosnovskiy,Wicked Machine,Record: 11-0-0,1,75,240.0,77.0,Orthodox,1989-07-06,2.95,0.7,2.53,0.35,3.16,0.66,1.0,3.2,11,0,0
187,Sean Soriano,,Record: 14-8-0,-5,69,145.0,70.0,Orthodox,1989-10-06,3.18,0.61,2.14,0.56,1.33,0.55,0.52,0.0,14,8,0
188,Jin Soo Son,,Record: 9-4-0,-2,66,135.0,69.0,Orthodox,1993-04-01,5.1,0.36,7.63,0.52,1.5,0.25,1.0,0.0,9,4,0
189,Benardo Sopaj,Lion King,Record: 11-3-0,-1,66,135.0,66.0,Orthodox,2000-09-25,3.06,0.52,4.56,0.53,3.06,0.75,0.5,0.0,11,3,0
190,Emiliano Sordi,He-Man,Record: 16-7-0,-1,74,205.0,,Orthodox,1991-02-15,4.79,0.5,4.79,0.48,0.0,0.0,1.0,8.3,16,7,0
191,Emrah Sonmez,Anatolian Wolf,Record: 14-5-0,-1,70,145.0,71.0,Orthodox,1992-06-26,1.47,0.46,1.73,0.48,5.0,0.21,0.0,0.0,14,5,0
192,YoungJae Song,Super Rookie,Record: 6-1-1,-1,67,145.0,70.0,Orthodox,1996-01-03,3.33,0.58,2.33,0.55,0.0,0.0,0.45,0.0,6,1,1
193,Joe Son,,Record: 0-4-0,-1,64,236.0,,Orthodox,1970-11-22,0.0,0.0,0.0,0.0,0.0,0.0,0.0,0.0,0,4,0
194,Chael Sonnen,,Record: 29-15-1,-1,73,205.0,73.0,Southpaw,1977-04-03,3.08,0.43,1.1,0.62,3.81,0.59,0.66,0.4,29,15,1
195,Paul Song,,Record: 2-2-0,-1,0,185.0,,,,0.0,0.0,0.0,0.0,0.0,0.0,0.0,0.0,2,2,0
196,Song Yadong,Kung Fu Kid,Record: 21-8-1 (1 NC),-1,68,135.0,67.0,Orthodox,1997-12-02,4.49,0.43,3.96,0.55,0.66,0.4,0.72,0.2,21,8,1 (1 NC)
197,Joe Solecki,,Record: 13-5-0,-2,69,155.0,70.0,Orthodox,1993-08-27,1.98,0.56,1.77,0.48,2.23,0.46,0.2,1.4,13,5,0
198,Chris Solomon,,Record: 0-0-0,-1,71,155.0,,,,0.0,0.0,2.8,0.37,0.0,0.0,0.33,0.0,0,0,0
199,Song Kenan,The Assassin,Record: 21-8-0,1,72,170.0,71.0,Orthodox,1990-03-10,4.57,0.47,5.84,0.51,0.43,0.33,0.72,0.0,21,8,0
200,Alexander Soldatkin,,Record: 14-4-0,-1,74,250.0,75.0,Orthodox,1993-06-10,1.16,0.6,1.35,0.26,1.45,0.5,0.5,0.0,14,4,0
201,Denis Sobolev,,Record: 4-7-0,-1,75,216.0,,Orthodox,,0.0,0.0,5.45,0.33,0.0,0.0,0.0,0.0,4,7,0
202,Renato Sobral,Babalu,Record: 37-11-0,-1,73,205.0,75.0,Orthodox,1975-09-07,2.23,0.45,1.53,0.57,2.48,0.42,0.65,2.6,37,11,0
203,Rameau Thierry Sokoudjou,The African Assassin,Record: 18-18-0,-2,70,205.0,78.0,Orthodox,1984-04-18,2.26,0.45,2.61,0.56,1.93,0.47,0.78,0.9,18,18,0
204,Richie Smullen,,Record: 3-1-1,-1,69,155.0,68.0,Orthodox,1991-08-17,1.98,0.77,2.26,0.65,8.49,0.66,0.0,0.0,3,1,1
205,Peter Sobotta,,Record: 17-7-1,-2,72,170.0,75.0,Southpaw,1987-01-11,2.14,0.4,2.9,0.58,1.53,0.32,0.77,0.5,17,7,1
206,Louis Smolka,Da Last Samurai,Record: 17-9-0,-2,69,135.0,68.0,Orthodox,1991-07-16,4.67,0.47,4.11,0.53,1.69,0.35,0.32,1.8,17,9,0
207,Dmitrii Smoliakov,The Lifeguard,Record: 9-3-0,-3,74,253.0,74.0,Switch,1982-08-05,1.44,0.42,3.81,0.55,0.0,0.0,0.75,0.0,9,3,0
208,Devin Smyth,,Record: 4-2-0,-1,70,170.0,72.0,Switch,1995-07-21,2.6,0.68,6.73,0.25,4.0,0.26,1.0,0.0,4,2,0
209,Shimon Smotritsky,The Assassin,Record: 8-2-0,-2,74,170.0,74.0,Orthodox,2000-08-22,3.52,0.34,8.67,0.56,3.52,0.33,0.5,0.0,8,2,0
210,Cameron Smotherman,The Baby-Faced Killa,Record: 8-4-0,-1,69,135.0,69.0,Orthodox,1997-09-17,4.0,0.36,13.0,0.35,0.0,0.0,0.0,0.0,8,4,0
211,Cole Smith,The Cole Train,Record: 7-2-0,-2,71,135.0,67.0,Orthodox,1989-04-05,1.78,0.35,1.96,0.49,1.67,0.33,0.45,1.7,7,2,0
212,Nate Smith,The Savage,Record: 6-1-0,-1,66,125.0,69.0,Switch,1995-04-09,1.28,0.38,2.04,0.35,0.0,0.0,0.33,2.3,6,1,0
213,Anthony Smith,Lionheart,Record: 38-20-0,0,76,205.0,76.0,Orthodox,1988-07-26,3.24,0.49,4.6,0.46,0.46,0.26,0.5,0.6,38,20,0
214,Braxton Smith,The Beautiful Monster,Record: 5-2-0,-1,71,257.0,72.0,Orthodox,1990-01-01,6.46,0.48,11.54,0.32,0.0,0.0,1.0,0.0,5,2,0
215,Colton Smith,,Record: 7-4-0,-3,72,155.0,71.0,Orthodox,1987-08-14,1.64,0.41,2.3,0.51,4.09,0.36,0.25,1.4,7,4,0
216,Dillon Smith,,Record: 0-0-0,1,72,170.0,,,,0.0,0.0,0.0,0.0,0.0,0.0,0.0,0.0,0,0,0
217,Gilbert Smith,,Record: 12-6-0,-1,69,185.0,,Southpaw,1981-10-19,1.09,0.41,2.73,0.35,3.51,0.6,0.0,1.2,12,6,0
218,Devonte Smith,King Kage,Record: 11-4-0,-2,69,155.0,76.0,Orthodox,1993-07-30,4.55,0.53,3.91,0.49,0.35,0.25,0.85,0.3,11,4,0
219,Trevor Smith,Hot Sauce,Record: 15-10-0,-3,75,185.0,75.0,Orthodox,1981-01-05,3.29,0.55,3.31,0.51,1.7,0.32,0.6,0.7,15,10,0
220,Leslie Smith,The Peacemaker,Record: 10-7-1,2,69,135.0,66.0,Orthodox,1982-08-17,7.56,0.4,8.41,0.51,0.0,0.0,0.62,0.0,10,7,1
221,Adam Smith,,Record: 0-3-0,-1,0,,,,,0.0,0.0,0.0,0.0,0.0,0.0,0.0,0.0,0,3,0
222,Josh Smith,,Record: 9-8-0,-1,72,155.0,,Orthodox,1982-07-02,0.73,0.28,1.4,0.54,0.0,0.0,0.57,2.0,9,8,0
223,David Smith,,Record: 5-1-0,1,0,155.0,,,,0.0,0.0,0.0,0.0,0.0,0.0,0.0,0.0,5,1,0
224,Hideo Tokoro,,Record: 34-29-2,-2,67,135.0,,Orthodox,1977-08-22,1.78,0.37,2.01,0.65,0.87,0.34,0.44,2.3,34,29,2
225,Eric Smith,,Record: 1-1-0,-1,0,,,Southpaw,,0.0,0.0,0.0,0.0,0.0,0.0,0.0,0.0,1,1,0
226,Kazuki Tokudome,,Record: 18-7-1,-3,71,155.0,73.0,Southpaw,1987-03-04,2.26,0.41,3.63,0.53,2.0,0.38,0.78,0.0,18,7,1
227,Tuco Tokkos,,Record: 10-4-0,-2,76,205.0,76.0,Orthodox,1990-06-30,3.26,0.43,4.57,0.45,1.96,1.0,0.33,0.0,10,4,0
228,Dusko Todorovic,Thunder,Record: 12-4-0,0,73,185.0,74.0,Orthodox,1994-05-19,5.54,0.57,4.55,0.46,0.96,0.12,0.45,0.0,12,4,0
229,Chris Tickle,BadBoy,Record: 9-9-0,-1,69,155.0,,,1982-02-01,1.07,0.4,1.13,0.43,1.0,0.25,0.2,2.0,9,9,0
230,Brett Tillis,,Record: 0-0-0,-1,0,145.0,,,,0.0,0.0,0.0,0.0,0.0,0.0,0.0,0.0,0,0,0
231,Nolan Ticman,,Record: 4-3-0,-2,66,125.0,,Orthodox,1988-05-17,2.57,0.47,2.53,0.67,0.0,0.0,0.6,0.0,4,3,0
232,Denis Tiuliulin,,Record: 10-10-0 (1 NC),-4,73,185.0,77.0,Orthodox,1988-05-17,3.61,0.41,5.23,0.38,0.96,0.42,0.72,0.0,10,10,0 (1 NC)
233,Josh Thornburg,,Record: 8-8-0,-2,72,170.0,,,1984-05-24,1.2,0.5,3.13,0.38,2.0,0.66,0.42,2.0,8,8,0
234,Darren Till,The Gorilla,Record: 18-5-1,-3,72,185.0,74.0,Southpaw,1992-12-24,2.3,0.46,3.31,0.56,0.55,0.46,0.69,0.0,18,5,1
235,Simeon Thoresen,The Grin,Record: 17-6-1,-2,73,170.0,79.0,Orthodox,1984-03-14,3.85,0.43,3.85,0.64,1.12,0.4,0.5,1.7,17,6,1
236,James Thompson,The Colossus,Record: 20-16-0 (1 NC),-4,77,265.0,,Orthodox,1978-12-16,5.13,0.52,3.19,0.41,3.14,0.36,0.53,1.3,20,16,0 (1 NC)
237,Gleison Tibau,,Record: 33-14-0,-4,70,155.0,71.0,Southpaw,1983-10-07,1.95,0.31,2.51,0.63,4.08,0.53,0.92,0.8,33,14,0
238,Oli Thompson,,Record: 17-10-0,-2,73,242.0,75.0,Orthodox,1980-01-02,1.66,0.46,5.31,0.46,0.0,0.0,0.5,0.5,17,10,0
239,Josh Thomson,The Punk,Record: 22-9-0 (1 NC),-3,70,155.0,71.0,Orthodox,1978-09-21,2.59,0.47,2.12,0.64,1.92,0.39,0.54,1.3,22,9,0 (1 NC)
240,Nick Thompson,The Goat,Record: 38-14-1,-3,73,170.0,74.0,Orthodox,1981-06-23,1.87,0.42,1.8,0.49,1.06,1.0,0.35,2.6,38,14,1
241,Stephen Thompson,Wonderboy,Record: 17-7-1,0,72,170.0,75.0,Orthodox,1983-02-11,4.11,0.46,3.03,0.54,0.26,0.41,0.65,0.0,17,7,1
242,Noah Thomas,,Record: 14-7-0,-2,69,135.0,,Orthodox,1981-03-27,0.44,0.13,4.99,0.33,0.0,0.0,0.0,1.3,14,7,0
243,Joel Thomas,The NIce Guy,Record: 5-2-0,-1,70,170.0,,,,0.0,0.0,0.0,0.0,0.0,0.0,0.0,0.0,5,2,0
244,Nik Theotikos,,Record: 6-2-0,-1,0,185.0,,Orthodox,,0.0,0.0,5.48,0.19,0.0,0.0,0.0,4.8,6,2,0
245,Ryan Thomas,The Tank Engine,Record: 20-8-0,-2,72,170.0,,Orthodox,1984-11-05,2.01,0.36,4.17,0.3,5.59,0.33,0.0,2.2,20,8,0
246,Din Thomas,Dinyero,Record: 26-9-0 (1 NC),-2,69,155.0,,Orthodox,1976-09-28,1.85,0.37,2.6,0.59,1.38,0.52,0.76,1.2,26,9,0 (1 NC)
247,Elias Theodorou,The Spartan,Record: 16-3-0,-1,73,185.0,75.0,Orthodox,1988-05-31,4.19,0.42,2.39,0.53,1.27,0.28,0.59,0.0,16,3,0
248,Paulo Thiago,,Record: 18-9-0,-3,71,170.0,74.0,Orthodox,1981-01-25,1.71,0.39,1.99,0.63,1.42,0.31,0.63,1.2,18,9,0
249,Brandon Thatch,Rukus,Record: 11-5-0,-4,74,170.0,74.0,Switch,1985-07-11,2.7,0.42,3.63,0.52,1.36,0.66,0.5,0.7,11,5,0
250,Daniel Teymur,Kid Dynamite,Record: 7-4-0,-1,65,145.0,69.0,Orthodox,1988-02-03,3.08,0.46,3.93,0.56,0.56,0.18,0.6,0.3,7,4,0
251,Jeff Terry,,Record: 2-3-0,-1,74,205.0,,,,1.09,0.5,9.27,0.19,0.0,0.0,1.0,0.0,2,3,0
252,David Teymur,,Record: 8-2-0,-1,69,155.0,73.0,Southpaw,1989-05-01,4.69,0.43,3.53,0.55,0.94,0.33,0.77,0.0,8,2,0
253,Motonobu Tezuka,,Record: 28-12-7,-2,67,135.0,,Southpaw,1987-08-29,0.87,0.23,2.8,0.51,1.5,0.11,0.0,0.5,28,12,7
254,Jason Thacker,,Record: 0-1-0,-1,70,185.0,,Orthodox,1975-08-18,0.63,0.33,17.05,0.32,0.0,0.0,0.0,0.0,0,1,0
255,James Terry,Intensity,Record: 19-9-0,-2,70,170.0,,Orthodox,1981-03-16,3.23,0.32,4.77,0.64,3.31,0.36,0.75,0.0,19,9,0
256,Taneisha Tennant,Triple Threat,Record: 5-1-0,-1,67,145.0,70.0,Orthodox,1989-06-15,5.67,0.55,3.4,0.71,0.0,0.0,1.0,0.0,5,1,0
257,Herman Terrado,,Record: 15-3-1,2,0,170.0,,,,0.0,0.0,0.0,0.0,0.0,0.0,0.0,0.0,15,3,1
258,David Terrell,The Soul Assassin,Record: 6-2-0,1,73,185.0,,Southpaw,1978-01-09,2.34,0.63,2.71,0.37,5.54,0.5,0.0,5.5,6,2,0
259,Dave Terrel,The Bionic,Record: 7-7-0,-1,68,170.0,,Southpaw,1978-05-10,2.62,0.43,2.8,0.48,3.28,0.38,1.0,0.0,7,7,0
260,Tra Telligman,Trauma,Record: 7-5-1,-2,74,233.0,,Orthodox,1965-02-07,1.83,0.35,3.02,0.56,0.87,1.0,0.8,0.0,7,5,1
261,John Teixeira,Macapa,Record: 21-2-2,-1,67,145.0,,Orthodox,1986-11-18,3.36,0.35,3.2,0.63,1.0,0.27,0.71,0.7,21,2,2
262,Shawn Teed,,Record: 5-2-0,-1,77,265.0,,Orthodox,1992-02-13,1.4,0.42,13.31,0.21,0.0,0.0,0.0,0.0,5,2,0
263,Scott Smith,Hands of Steel,Record: 18-11-0 (1 NC),-4,72,185.0,70.0,Orthodox,1979-05-21,1.9,0.27,5.87,0.5,0.12,0.06,0.58,0.5,18,11,0 (1 NC)
264,Glover Teixeira,,Record: 33-9-0,-2,74,205.0,76.0,Orthodox,1979-10-28,3.73,0.49,4.43,0.51,2.11,0.33,0.6,0.9,33,9,0
265,Patrick Smith,,Record: 20-17-0,1,74,225.0,,Orthodox,1963-08-28,0.0,0.0,0.0,0.0,0.0,0.0,0.0,0.0,20,17,0
266,Maurice Smith,,Record: 12-14-0,1,74,221.0,,Orthodox,1961-12-13,0.41,0.46,0.47,0.6,0.89,0.5,0.2,0.9,12,14,0
267,Kestutis Smirnovas,,Record: 24-8-2,-2,70,200.0,,Orthodox,,4.95,0.52,5.05,0.54,1.55,0.5,1.0,1.6,24,8,2
268,Joe Slick,,Record: 16-5-3,-1,72,199.0,,Orthodox,1977-10-17,0.0,0.0,0.0,0.0,0.0,0.0,0.0,0.0,16,5,3
269,Zach Skinner,,Record: 10-11-0,1,66,145.0,,Orthodox,,0.53,0.5,2.4,0.32,5.0,0.27,1.0,1.0,10,11,0
270,Matt Skelton,,Record: 0-1-0,-1,75,265.0,,Orthodox,1967-01-23,0.0,0.0,0.54,0.0,0.0,0.0,0.66,0.0,0,1,0
271,Brian Sleeman,,Record: 9-9-1,-1,68,185.0,,,,4.0,0.48,1.85,0.7,9.23,1.0,1.0,0.0,9,9,1
272,Chas Skelly,The Scrapper,Record: 19-3-0 (1 NC),2,71,145.0,72.0,Orthodox,1985-05-11,2.01,0.4,3.21,0.49,1.74,0.34,0.39,2.3,19,3,0 (1 NC)
273,Dennis Siver,,Record: 23-11-0 (1 NC),1,66,145.0,70.0,Orthodox,1979-01-13,3.87,0.32,2.67,0.65,0.87,0.32,0.65,0.3,23,11,0 (1 NC)
274,Jeri Sitzes,,Record: 3-1-0,1,65,125.0,,,,0.0,0.0,0.0,0.0,0.0,0.0,0.0,0.0,3,1,0
275,Yokthai Sithoar,,Record: 0-1-0,-1,67,143.0,,,1974-12-25,0.0,0.0,0.0,0.0,0.0,0.0,0.0,0.0,0,1,0
276,Jeremia Siregar,The Teacher,Record: 6-3-0,-1,62,125.0,63.0,Orthodox,1991-07-27,2.8,0.42,7.37,0.29,0.0,0.0,0.75,0.0,6,3,0
277,Gian Siqueira,Pitbull,Record: 19-5-0,-1,73,170.0,74.0,Orthodox,1994-06-23,0.8,1.0,3.41,0.19,0.0,0.0,0.0,0.0,19,5,0
278,Mitchell Sipe,No Dice,Record: 4-1-0,-1,74,245.0,,Orthodox,1996-04-09,5.5,0.56,9.98,0.46,1.53,0.2,0.0,0.0,4,1,0
279,Elvis Sinosic,The King of Rock n' Rumble,Record: 7-11-2,-6,75,205.0,77.0,Orthodox,1971-02-13,1.13,0.37,4.6,0.53,0.0,0.0,0.0,1.2,7,11,2
280,Rory Singer,Outburst,Record: 11-9-0,-2,74,185.0,77.0,Orthodox,1976-05-28,2.55,0.39,2.42,0.63,0.39,0.25,0.64,0.8,11,9,0
281,Kiran Singh,Stubborn,Record: 7-4-0,-1,61,115.0,65.0,Orthodox,2000-07-25,0.0,0.0,19.51,0.23,0.0,0.0,0.0,0.0,7,4,0
282,Rana Rudra Pratap Singh,Ashwathama,Record: 11-2-0,-1,70,135.0,69.0,Orthodox,1997-05-09,0.0,0.0,9.05,0.27,0.0,0.0,0.0,0.0,11,2,0
283,Tony Sims,,Record: 12-4-0,-2,71,155.0,70.0,Southpaw,1985-10-14,1.81,0.63,0.76,0.65,0.71,0.5,0.5,0.7,12,4,0
284,Lodune Sincaid,,Record: 15-9-0,-3,69,185.0,,Orthodox,1973-05-07,2.72,0.42,6.17,0.57,0.0,0.0,0.75,0.0,15,9,0
285,Everett Sims,Sexual Chocolate,Record: 4-1-0,-1,77,260.0,77.0,Southpaw,1988-09-04,0.81,0.66,2.19,0.3,0.0,0.0,0.42,1.2,4,1,0
286,Marlon Sims,,Record: 3-4-0,-1,0,170.0,,,,0.0,0.0,0.0,0.0,0.0,0.0,0.0,0.0,3,4,0
287,Wes Sims,The Project,Record: 24-14-1 (2 NC),-4,82,260.0,,Orthodox,1979-08-04,0.98,0.51,2.95,0.37,0.0,0.0,0.4,2.3,24,14,1 (2 NC)
288,Aaron Simpson,A-Train,Record: 12-5-0,-1,72,170.0,73.0,Orthodox,1974-07-20,3.6,0.52,2.53,0.56,3.78,0.34,0.83,0.5,12,5,0
289,Jamey Simmons,The Afro Samurai,Record: 7-4-0,-2,66,135.0,70.0,Orthodox,1992-09-11,0.79,0.21,1.92,0.74,0.0,0.0,0.5,0.0,7,4,0
290,Elias Silverio,Xuxu,Record: 13-3-0,-2,71,155.0,73.0,Orthodox,1986-09-22,3.67,0.49,2.97,0.51,1.62,0.38,0.85,0.2,13,3,0
291,Ricky Simon,,Record: 20-6-0,-3,66,135.0,69.0,Orthodox,1992-08-31,2.99,0.43,3.84,0.61,5.2,0.44,0.75,0.3,20,6,0
292,Marcus Silveira,Conan,Record: 6-4-0 (1 NC),-1,75,242.0,,Orthodox,,0.0,0.0,0.0,0.0,0.0,0.0,0.0,0.0,6,4,0 (1 NC)
293,Leonardo Silva de Oliveira,Cabecao,Record: 12-4-0,-1,74,185.0,,Orthodox,1992-04-23,1.07,0.4,0.54,0.5,24.11,0.5,0.0,0.0,12,4,0
294,Douglas Silva de Andrade,D Silva,Record: 29-6-0 (1 NC),-1,67,135.0,68.0,Orthodox,1985-06-22,3.54,0.38,3.93,0.57,0.55,0.42,0.72,0.2,29,6,0 (1 NC)
295,Sim Kai Xiong,Kobra,Record: 5-1-0,-1,65,125.0,66.0,Orthodox,1997-09-06,3.19,0.63,4.56,0.47,6.84,0.28,0.0,0.0,5,1,0
296,Danny Silva,El Puma,Record: 9-1-0,2,71,145.0,70.0,Switch,1997-01-30,8.3,0.58,9.47,0.59,3.0,0.5,1.0,0.5,9,1,0
297,Jhonata Silva,,Record: 8-2-0,-1,65,125.0,66.0,Orthodox,1997-04-24,4.86,0.52,9.85,0.44,0.0,0.0,0.0,0.0,8,2,0
298,Jean Silva,Lord,Record: 14-2-0,4,67,145.0,69.0,Orthodox,1996-12-27,5.37,0.52,4.43,0.57,0.81,0.5,0.8,0.0,14,2,0
299,Janaina Silva,Jana-Iron-Hand,Record: 5-1-0,-1,61,115.0,60.0,Orthodox,1992-02-16,0.0,0.0,1.5,0.62,0.0,0.0,0.0,0.0,5,1,0
300,Erik Silva,The King,Record: 9-3-0,-2,69,145.0,71.0,Orthodox,1987-03-16,2.07,0.7,1.57,0.4,3.76,0.8,0.62,0.0,9,3,0
301,Karine Silva,Killer,Record: 18-4-0,5,65,125.0,67.0,Orthodox,1993-12-02,2.67,0.35,3.12,0.49,3.59,0.72,0.0,2.2,18,4,0
302,Maria Silva,Viuva Negra,Record: 8-1-0,-1,63,115.0,64.0,Orthodox,1995-12-19,3.0,0.57,1.13,0.62,2.0,1.0,0.55,0.5,8,1,0
303,Natalia Silva,,Record: 18-5-1,0,64,125.0,65.0,Southpaw,1997-02-03,5.19,0.47,2.35,0.64,0.4,0.25,0.91,0.0,18,5,1
304,Jansey Silva,Jones,Record: 7-2-0,-1,74,185.0,67.0,Orthodox,1995-05-30,0.46,0.4,2.32,0.33,0.0,0.0,0.0,0.0,7,2,0
305,Jacob Silva,Lil Animal,Record: 6-4-0,-2,65,125.0,67.0,Orthodox,1988-02-23,4.17,0.44,4.92,0.56,1.51,1.0,0.66,0.0,6,4,0
306,James Te Huna,,Record: 16-9-0,-4,74,185.0,75.0,Orthodox,1981-09-29,4.04,0.51,2.99,0.62,2.75,0.37,0.58,0.2,16,9,0
307,Gabriel Silva,,Record: 8-2-0,-2,66,135.0,71.0,Orthodox,1994-08-26,1.3,0.34,3.47,0.45,1.5,0.25,0.38,0.5,8,2,0
308,J.T Taylor,The Outlaw,Record: 7-7-0,1,70,,,,,3.17,0.8,3.7,0.26,3.96,1.0,0.0,7.9,7,7,0
309,Bruno Silva,Blindado,Record: 23-11-0,-3,72,185.0,74.0,Orthodox,1989-07-13,4.12,0.49,5.45,0.41,0.93,0.27,0.73,0.0,23,11,0
310,Danielle Taylor,Dynamite,Record: 9-4-0,-2,60,115.0,60.0,Orthodox,1989-10-25,2.75,0.29,3.31,0.71,0.2,0.2,0.7,0.2,9,4,0
311,Louis Taylor,Handgunz,Record: 13-4-0,-2,71,185.0,,Orthodox,1979-05-12,2.06,0.32,1.24,0.68,2.48,0.28,1.0,0.0,13,4,0
312,Torrance Taylor,,Record: 13-8-1,-1,67,155.0,,,,0.0,0.0,0.0,0.0,0.0,0.0,0.0,0.0,13,8,1
313,Paul Taylor,Relentless,Record: 11-6-1 (1 NC),1,72,155.0,72.0,Orthodox,1979-12-15,4.44,0.47,4.47,0.55,0.27,0.25,0.56,0.5,11,6,1 (1 NC)
314,Jeremy Tavares,,Record: 1-6-0,-2,0,135.0,,,,0.0,0.0,0.0,0.0,0.0,0.0,0.0,0.0,1,6,0
315,Ramon Taveras,The Savage,Record: 10-2-0,2,68,135.0,70.0,Southpaw,1994-01-09,4.63,0.45,5.41,0.65,0.0,0.0,1.0,0.0,10,2,0
316,Thiago Tavares,,Record: 21-7-1,-1,67,145.0,70.0,Orthodox,1984-11-08,2.0,0.4,2.31,0.62,3.83,0.42,0.62,1.5,21,7,1
317,Brad Tavares,,Record: 20-10-0,-1,73,185.0,74.0,Orthodox,1987-12-21,3.38,0.43,3.15,0.55,0.78,0.26,0.81,0.0,20,10,0
318,Jesse Taylor,JT Money,Record: 31-15-0,1,72,170.0,73.0,Orthodox,1983-01-02,1.94,0.65,0.55,0.38,7.28,0.5,1.0,3.1,31,15,0
319,Deividas Taurosevicius,,Record: 17-5-0,-1,69,145.0,68.0,Southpaw,1977-08-28,2.13,0.43,1.82,0.59,2.0,0.28,0.5,0.3,17,5,0
320,Gary Tapusoa,,Record: 8-3-0,-1,67,185.0,,,,0.0,0.0,0.0,0.0,0.0,0.0,0.0,0.0,8,3,0
321,Kasey Tanner,,Record: 6-1-0,-1,67,135.0,69.0,Orthodox,1992-01-11,6.6,0.5,6.67,0.63,2.0,0.33,0.0,0.0,6,1,0
322,Miesha Tate,Cupcake,Record: 20-9-0,1,66,135.0,65.0,Orthodox,1986-08-18,2.62,0.45,2.98,0.51,2.02,0.31,0.55,1.3,20,9,0
323,Otari Tanzilovi,,Record: 9-1-0,-1,70,135.0,70.0,Orthodox,1998-04-09,4.53,0.72,3.33,0.55,4.0,0.25,0.0,0.0,9,1,0
324,Manny Tapia,The Mangler,Record: 12-14-1,-3,65,135.0,67.0,Orthodox,1981-03-14,2.69,0.21,4.74,0.58,0.49,0.4,0.66,0.2,12,14,1
325,Evan Tanner,,Record: 32-8-0,-2,72,185.0,74.0,Orthodox,1971-02-11,3.05,0.59,2.64,0.56,2.55,0.43,0.25,1.3,32,8,0
326,Michinori Tanaka,,Record: 11-3-0,-2,65,135.0,67.0,Orthodox,1990-10-04,1.97,0.37,1.99,0.5,2.4,0.38,0.43,0.2,11,3,0
327,Akihito Tanaka,Kinniku Mantaro,Record: 2-2-0,-1,0,,,Southpaw,,0.19,0.5,2.05,0.38,5.59,0.66,0.0,0.0,2,2,0
328,Issei Tamura,,Record: 10-8-0,-2,65,135.0,63.0,Orthodox,1984-03-12,1.89,0.53,4.58,0.44,0.92,0.25,0.33,0.0,10,8,0
329,Jason Tan,,Record: 5-3-0,-2,70,170.0,,Orthodox,1981-12-17,0.69,0.29,7.37,0.18,0.0,0.0,0.0,0.0,5,3,0
330,Akitoshi Tamura,The Ironman,Record: 21-18-2,-1,69,135.0,70.0,Orthodox,1980-05-31,3.73,0.43,1.94,0.78,0.0,0.0,0.2,1.0,21,18,2
331,Tsuyoshi Tamakairiki,,Record: 0-3-0,-1,72,220.0,,Orthodox,,0.0,0.0,26.67,0.5,0.0,0.0,0.0,0.0,0,3,0
332,Kiyoshi Tamura,,Record: 32-13-3,3,71,185.0,,Southpaw,1969-12-17,2.44,0.53,1.44,0.6,0.58,0.6,0.45,0.2,32,13,3
333,Murtaza Talha,,Record: 6-1-0,-1,72,205.0,74.0,Orthodox,1996-07-10,4.91,0.58,8.29,0.3,0.0,0.0,1.0,0.0,6,1,0
334,Nordine Taleb,,Record: 15-7-0,-1,73,170.0,74.0,Orthodox,1981-06-10,3.66,0.51,2.62,0.66,1.94,0.76,0.73,0.0,15,7,0
335,Payton Talbott,,Record: 9-0-0,4,70,135.0,70.0,Switch,1998-09-09,8.38,0.55,3.57,0.51,0.0,0.0,0.9,0.5,9,0,0
336,Makoto Takimoto,,Record: 6-5-0,2,67,205.0,,Southpaw,1979-12-08,1.37,0.39,1.71,0.55,1.48,0.5,0.25,1.1,6,5,0
337,Hiroyuki Takaya,Streetfight Bancho,Record: 21-14-2,-1,66,139.0,,Orthodox,1977-06-10,3.18,0.33,3.16,0.6,0.9,0.45,0.66,0.0,21,14,2
338,Yoko Takahashi,,Record: 15-12-2,-1,68,150.0,,,1973-04-20,5.11,0.54,8.78,0.48,0.0,0.0,0.0,0.0,15,12,2
339,Oleg Taktarov,The Russian Bear,Record: 17-5-2,-2,72,210.0,,Orthodox,1967-08-26,0.0,0.0,0.0,0.0,0.0,0.0,0.0,0.0,17,5,2
340,Yoshihiro Takayama,,Record: 1-4-0,-3,77,280.0,,Orthodox,1968-09-19,3.4,0.54,5.69,0.29,0.67,0.33,0.55,0.0,1,4,0
341,Daiju Takase,,Record: 12-15-2,-1,72,170.0,,Southpaw,1978-04-20,0.49,0.3,1.64,0.47,0.84,0.17,0.21,1.2,12,15,2
342,Mairbek Taisumov,Beckan,Record: 27-6-0,-1,69,155.0,73.0,Orthodox,1988-08-08,2.98,0.39,3.03,0.64,1.34,0.63,0.88,0.0,27,6,0
343,Nobuhiko Takada,,Record: 2-6-2,-1,72,220.0,,Southpaw,1962-04-12,0.31,0.24,1.92,0.39,1.15,0.2,0.0,0.0,2,6,2
344,Yoshiki Takahashi,Kazuo,Record: 30-27-3 (1 NC),-3,71,199.0,,Southpaw,1969-03-13,2.26,0.51,6.47,0.44,0.0,0.0,0.66,2.3,30,27,3 (1 NC)
345,Tatsuro Taira,,Record: 16-0-0,0,67,125.0,70.0,Orthodox,2000-01-27,3.56,0.65,1.7,0.47,2.35,0.47,0.62,2.1,16,0,0
346,Justin Tafa,Bad Man,Record: 7-4-0 (1 NC),0,72,264.0,74.0,Southpaw,1993-12-13,4.09,0.54,5.02,0.47,0.0,0.0,0.5,0.0,7,4,0 (1 NC)
347,Khalid Taha,The Warrior,Record: 13-5-0 (1 NC),-3,65,135.0,69.0,Orthodox,1992-02-15,2.64,0.32,4.12,0.46,0.0,0.0,0.61,0.2,13,5,0 (1 NC)
348,Junior Tafa,The Juggernaut,Record: 5-3-0,-2,75,240.0,75.0,Orthodox,1996-09-21,1.67,0.42,1.67,0.47,0.0,0.0,0.73,0.0,5,3,0
349,Eugenio Tadeu,,Record: 2-3-0 (1 NC),-1,68,160.0,,Orthodox,,0.0,0.0,0.0,0.0,0.0,0.0,0.0,0.0,2,3,0 (1 NC)
350,Bruno Silva,Bulldog,Record: 14-5-2 (1 NC),4,64,125.0,65.0,Orthodox,1990-03-16,3.32,0.48,3.14,0.58,2.26,0.28,0.6,0.2,14,5,2 (1 NC)
351,Felipe Silva,,Record: 8-2-0,-2,72,155.0,77.0,Orthodox,1984-05-08,5.4,0.5,1.8,0.59,1.0,1.0,0.71,0.0,8,2,0
352,Dayana Silva,,Record: 7-4-0,-1,67,135.0,,Orthodox,1990-08-27,6.33,0.51,5.93,0.57,0.0,0.0,0.42,0.0,7,4,0
353,Joaquim Silva,Netto BJJ,Record: 13-6-0,-1,68,155.0,69.0,Southpaw,1989-02-05,3.66,0.43,4.53,0.53,0.39,0.5,0.69,0.8,13,6,0
354,Fabio Silva,,Record: 1-8-0,-1,71,205.0,,Orthodox,1982-03-31,0.09,0.11,5.9,0.38,0.0,0.0,0.0,0.0,1,8,0
355,Wagner Silva,Wagnao,Record: 6-3-0,-2,72,170.0,,Orthodox,1987-02-07,1.69,0.29,2.87,0.65,0.0,0.0,0.58,0.0,6,3,0
356,Claudio Silva,Hannibal,Record: 14-4-0,-3,71,170.0,71.0,Southpaw,1982-09-06,2.48,0.42,3.0,0.46,2.85,0.26,0.44,1.1,14,4,0
357,Erick Silva,,Record: 19-9-0 (1 NC),-2,72,170.0,74.0,Orthodox,1984-06-21,2.5,0.48,4.18,0.49,0.85,0.35,0.56,1.4,19,9,0 (1 NC)
358,Leandro Silva,Buscape,Record: 20-6-1 (1 NC),-2,69,155.0,72.0,Orthodox,1985-11-11,2.39,0.48,2.08,0.63,1.76,0.37,0.65,0.4,20,6,1 (1 NC)
359,Jay Silva,,Record: 10-11-1,-2,74,185.0,,Southpaw,,1.13,0.34,3.07,0.4,0.0,0.0,0.38,1.0,10,11,1
360,Antonio Silva,Bigfoot,Record: 19-12-1,-3,76,264.0,82.0,Orthodox,1979-09-14,2.89,0.45,3.09,0.5,0.82,0.29,0.66,0.8,19,12,1
361,Edson Silva,Paredao,Record: 14-12-0 (1 NC),-1,0,205.0,,Orthodox,,2.69,0.14,5.37,0.5,0.0,0.0,0.0,0.0,14,12,0 (1 NC)
362,Sidney Silva,,Record: 8-4-0,-1,75,170.0,,Southpaw,1972-02-27,2.86,0.65,3.3,0.34,3.3,1.0,0.0,0.0,8,4,0
363,Wanderlei Silva,The Axe Murderer,Record: 35-13-1 (1 NC),1,71,205.0,74.0,Orthodox,1976-07-03,2.79,0.4,2.19,0.6,0.97,0.53,0.62,0.6,35,13,1 (1 NC)
364,Paulo Cesar Silva,Giant,Record: 2-6-0,-5,89,385.0,,Orthodox,1963-07-21,0.4,0.15,2.72,0.47,0.42,1.0,0.16,0.4,2,6,0
365,Jean Silva,White Bear,Record: 19-12-3 (1 NC),-1,66,160.0,,Orthodox,1977-10-08,0.73,0.22,2.93,0.52,0.0,0.0,0.0,0.0,19,12,3 (1 NC)
366,Thiago Silva,,Record: 19-6-0 (2 NC),2,74,205.0,74.0,Orthodox,1982-11-12,3.92,0.5,2.55,0.67,1.03,0.47,0.7,0.7,19,6,0 (2 NC)
367,Anderson Silva,The Spider,Record: 34-11-0 (1 NC),-3,74,185.0,77.0,Southpaw,1975-04-14,3.05,0.61,2.05,0.6,0.5,0.77,0.69,0.8,34,11,0 (1 NC)
368,Assuerio Silva,,Record: 16-8-0 (1 NC),-4,70,241.0,,Orthodox,1974-06-18,1.42,0.46,4.2,0.54,2.66,0.34,0.25,1.8,16,8,0 (1 NC)
369,Serhiy Sidey,,Record: 10-2-0,0,71,135.0,72.0,Switch,1996-07-04,5.16,0.35,4.19,0.56,0.0,0.0,0.0,0.0,10,2,0
370,Steven Siler,Super,Record: 29-16-0,-3,71,145.0,70.0,Orthodox,1987-02-15,3.21,0.41,2.96,0.54,0.47,0.21,0.55,1.6,29,16,0
371,Siala Siliga,Mighty Mo,Record: 12-5-0,-2,73,290.0,,Orthodox,1970-10-08,1.08,0.26,1.96,0.5,1.47,0.5,0.8,0.0,12,5,0
372,Ronal Siahaan,Naga Sakti,Record: 7-1-0,-1,67,125.0,71.0,Southpaw,1996-05-05,0.63,0.66,6.17,0.25,0.0,0.0,0.25,0.0,7,1,0
373,Kiril Sidelnikov,,Record: 11-4-0,-1,71,230.0,,,1988-08-17,2.87,0.28,4.48,0.61,0.0,0.0,0.0,0.0,11,4,0
374,Sam Sicilia,,Record: 15-8-0,-3,68,145.0,67.0,Orthodox,1986-02-01,2.46,0.33,3.55,0.59,1.45,0.43,0.7,0.9,15,8,0
375,Brandon Shuey,Big Dawg,Record: 7-6-0,-1,67,155.0,,Orthodox,1976-02-01,0.68,0.33,1.36,0.0,0.0,0.0,0.0,10.2,7,6,0
376,Landon Showalter,The Show,Record: 11-19-1,1,72,185.0,,,1976-06-14,0.0,0.0,0.0,0.0,0.0,0.0,0.0,0.0,11,19,1
377,Jack Shore,Tank,Record: 17-2-0,-1,68,145.0,71.0,Orthodox,1995-02-06,3.75,0.58,2.32,0.56,3.1,0.38,0.76,0.7,17,2,0
378,Josh Shockley,,Record: 11-4-0,-2,73,155.0,,Orthodox,1989-11-15,1.4,0.33,1.75,0.6,0.0,0.0,0.61,0.8,11,4,0
379,Akira Shoji,,Record: 14-17-5,-3,68,195.0,,Orthodox,1974-01-31,1.03,0.34,2.63,0.53,1.79,0.73,0.82,0.4,14,17,5
380,Josh Shockman,The War Hammer,Record: 6-3-0,-2,76,235.0,,Southpaw,1980-12-29,0.87,0.32,0.87,0.58,0.0,0.0,0.23,0.0,6,3,0
381,Liudvik Sholinian,Palmeyros,Record: 9-4-1,-2,70,135.0,71.0,Orthodox,1990-01-20,2.5,0.3,5.67,0.55,0.0,0.0,0.66,0.0,9,4,1
382,Wade Shipp,The Nightmare,Record: 11-5-0,-1,75,245.0,,Orthodox,1975-02-09,4.29,0.86,2.14,0.0,0.0,0.0,0.75,0.0,11,5,0
383,Wes Shivers,,Record: 7-1-0,1,80,,,,,0.0,0.0,0.0,0.0,0.0,0.0,0.0,0.0,7,1,0
384,Shunichi Shimizu,,Record: 30-18-11 (1 NC),-1,65,135.0,,Orthodox,1985-01-31,0.14,0.33,4.68,0.3,0.0,0.0,0.0,0.0,30,18,11 (1 NC)
385,Yuya Shirai,,Record: 26-14-2,-1,68,168.0,,Orthodox,1980-04-02,1.02,1.0,4.07,0.55,0.0,0.0,0.0,0.0,26,14,2
386,Jake Shields,,Record: 31-9-1 (1 NC),-1,72,170.0,72.0,Orthodox,1979-01-09,2.45,0.36,1.8,0.56,2.83,0.29,0.35,1.2,31,9,1 (1 NC)
387,Henrique Shiguemoto,,Record: 13-4-1,-1,71,185.0,72.0,Orthodox,1989-06-22,3.6,0.33,6.0,0.16,0.0,0.0,0.5,0.0,13,4,1
388,Shi Ming,,Record: 16-5-0,2,62,115.0,60.0,Orthodox,1994-11-14,3.73,0.44,2.8,0.53,0.0,0.0,0.58,0.0,16,5,0
389,Katsuyori Shibata,,Record: 4-11-1,-1,72,168.0,,Orthodox,1979-11-17,2.06,0.35,2.4,0.53,0.49,0.5,0.53,0.7,4,11,1
390,Antonina Shevchenko,La Pantera,Record: 10-4-0,1,68,125.0,67.0,Southpaw,1984-11-20,3.86,0.55,2.93,0.52,0.43,0.42,0.53,0.4,10,4,0
391,Osamu Tachihikari,,Record: 0-4-0,-1,77,300.0,,Orthodox,,0.0,0.0,0.0,0.0,0.0,0.0,0.0,0.0,0,4,0
392,Valentina Shevchenko,Bullet,Record: 24-4-1,1,65,125.0,66.0,Southpaw,1988-03-07,3.16,0.52,2.0,0.64,2.74,0.64,0.71,0.3,24,4,1
393,Sean Sherk,The Muscle Shark,Record: 36-4-1,1,66,155.0,67.0,Orthodox,1973-08-05,2.17,0.35,2.71,0.55,4.09,0.46,0.56,0.4,36,4,1
394,Chase Sherman,The Vanilla Gorilla,Record: 16-12-0,-2,76,250.0,78.0,Orthodox,1989-11-16,6.04,0.45,6.65,0.52,0.09,0.5,0.74,0.0,16,12,0
395,Jason Sharp,,Record: 3-3-0,-2,0,205.0,,,,0.0,0.0,0.0,0.0,0.0,0.0,0.0,0.0,3,3,0
396,Eric Shelton,Showtime,Record: 12-6-0,-1,66,125.0,68.0,Orthodox,1991-02-02,2.57,0.42,1.88,0.63,2.83,0.51,0.46,0.2,12,6,0
397,Shang Zhifa,Northeast Flying Tiger,Record: 32-8-0,-1,67,125.0,63.0,Orthodox,1986-03-15,1.27,0.32,1.27,0.6,2.0,1.0,0.0,0.0,32,8,0
398,Priya Sharma,The Catwoman,Record: 5-2-0,-1,61,115.0,59.0,Orthodox,1991-08-29,1.33,0.16,3.2,0.4,0.0,0.0,0.55,0.0,5,2,0
399,Frank Shamrock,,Record: 23-10-2,-2,70,185.0,,Orthodox,1972-12-08,4.75,0.53,4.66,0.57,0.35,0.5,0.37,1.1,23,10,2
400,Kamal Shalorus,Prince of Persia,Record: 9-5-2,-3,68,155.0,68.0,Orthodox,1972-08-27,3.06,0.32,2.99,0.7,2.07,0.5,0.8,0.0,9,5,2
401,Don Shainis,Shameless,Record: 12-5-0,-2,66,145.0,67.0,Orthodox,1990-09-16,3.42,0.5,5.87,0.31,0.97,0.25,0.2,1.9,12,5,0
402,Liliya Shakirova,,Record: 8-2-0,-1,64,125.0,65.0,Orthodox,1991-10-24,2.7,0.3,2.58,0.74,0.0,0.0,0.0,0.0,8,2,0
403,Rosi Sexton,The Surgeon,Record: 13-5-0,-3,63,135.0,,Orthodox,1977-07-16,3.31,0.39,7.42,0.41,0.75,0.1,0.8,0.0,13,5,0
404,Leon Shahbazyan,,Record: 7-2-0,-1,76,170.0,74.0,Orthodox,1995-11-18,6.33,0.52,8.18,0.32,1.46,0.5,0.0,0.0,7,2,0
405,Scott Shaffer,,Record: 0-1-0,-1,67,145.0,,Orthodox,,2.4,0.67,0.53,0.5,0.0,0.0,0.72,3.0,0,1,0
406,Edmen Shahbazyan,The Golden Boy,Record: 13-5-0,-1,75,185.0,75.0,Orthodox,1997-11-20,3.77,0.5,3.9,0.46,2.01,0.38,0.65,0.5,13,5,0
407,Ken Shamrock,The World's Most Dangerous Man,Record: 28-17-2,-4,73,205.0,72.0,Orthodox,1964-02-11,1.47,0.46,4.3,0.39,0.94,0.6,0.44,2.5,28,17,2
408,Igor Severino,,Record: 8-1-0,-1,67,125.0,69.0,Orthodox,2003-04-21,7.17,0.52,4.33,0.47,9.69,0.71,0.5,0.0,8,1,0
409,Carl Seumanutafa,,Record: 10-8-0,-1,73,255.0,,Orthodox,,0.0,0.0,3.33,0.75,0.0,0.0,0.0,0.0,10,8,0
410,Dan Severn,The Beast,Record: 101-19-1,1,74,250.0,,Southpaw,1958-06-08,0.0,0.0,0.0,0.0,0.0,0.0,0.0,0.0,101,19,1
411,Fredy Serrano,El Profe,Record: 3-2-0,-2,63,125.0,65.0,Orthodox,1979-09-22,1.58,0.26,1.89,0.61,2.84,0.25,0.84,0.0,3,2,0
412,Adrian Serrano,,Record: 56-29-4,-1,68,170.0,,,1963-12-23,0.0,0.0,0.0,0.0,0.0,0.0,0.0,0.0,56,29,4
413,Matt Serra,The Terra,Record: 11-7-0,-1,66,170.0,68.0,Orthodox,1974-06-02,1.98,0.39,2.64,0.46,2.05,0.2,0.38,0.9,11,7,0
414,Alex Serdyukov,The Russian Crusher,Record: 8-5-0,-1,74,170.0,74.0,Orthodox,1980-05-24,4.94,0.48,3.1,0.46,1.84,0.55,0.67,1.8,8,5,0
415,Nick Serra,The Mad Monkey,Record: 7-3-0,-1,69,170.0,,Orthodox,1978-03-27,0.0,0.0,1.73,0.43,1.0,0.1,0.0,2.0,7,3,0
416,Ivan Serati,,Record: 12-4-0,-2,72,205.0,,Orthodox,,0.86,0.26,5.33,0.29,0.0,0.0,0.0,0.0,12,4,0
417,Ray Seraille,,Record: 8-9-0,-1,75,246.0,,,,5.29,0.27,17.65,0.41,0.0,0.0,0.0,0.0,8,9,0
418,YeDam Seo,,Record: 7-4-0,-2,63,115.0,63.0,Orthodox,1992-03-20,1.07,0.27,2.4,0.58,0.5,0.2,0.42,0.0,7,4,0
419,Kim In Seok,,Record: 3-6-0,-1,66,145.0,,Orthodox,,0.87,0.37,5.19,0.6,0.0,0.0,0.0,0.0,3,6,0
420,Mackens Semerzier,Da Menace,Record: 8-4-0 (1 NC),-1,69,145.0,72.0,Orthodox,1980-11-03,2.91,0.45,3.48,0.46,2.14,0.5,0.5,2.1,8,4,0 (1 NC)
421,Andrei Semenov,,Record: 34-9-2,-2,72,185.0,,Orthodox,1977-06-17,0.78,0.15,2.44,0.6,1.74,0.8,0.55,0.4,34,9,2
422,Pete Sell,Drago,Record: 10-7-0,-1,71,170.0,75.0,Orthodox,1982-08-05,2.6,0.42,3.65,0.51,0.91,0.21,0.47,0.9,10,7,0
423,Matthew Semelsberger,Semi The Jedi,Record: 11-7-0,-3,73,170.0,75.0,Switch,1992-11-23,3.78,0.43,4.21,0.54,1.02,0.57,0.45,0.4,11,7,0
424,Stefan Sekulic,,Record: 12-4-0,-2,72,170.0,75.0,Southpaw,1992-02-12,1.83,0.5,2.83,0.64,2.0,0.33,0.25,0.5,12,4,0
425,Ray Sefo,Sugarfoot,Record: 2-2-0,-1,72,240.0,,Orthodox,1971-02-15,0.86,0.31,1.71,0.72,0.0,0.0,0.66,0.0,2,2,0
426,Rony Sefo,,Record: 0-2-0,-1,69,225.0,,Orthodox,,0.0,0.0,0.43,0.0,0.0,0.0,0.0,0.0,0,2,0
427,Brendan Seguin,,Record: 23-19-1,1,72,185.0,,,1976-07-03,2.6,0.45,0.6,0.84,5.0,0.62,1.0,0.0,23,19,1
428,Kenneth Seegrist,,Record: 4-7-0,-1,72,185.0,,Orthodox,,3.21,0.66,1.28,0.0,0.0,0.0,0.4,14.4,4,7,0
429,Neil Seery,2Tap,Record: 16-13-0,-2,64,125.0,64.0,Orthodox,1979-08-30,3.56,0.41,3.79,0.58,0.78,0.27,0.53,1.6,16,13,0
430,Mike Seal,Crazy Boy,Record: 13-15-1 (1 NC),-1,76,185.0,,Orthodox,,5.5,0.68,3.33,0.5,0.0,0.0,0.33,0.0,13,15,1 (1 NC)
431,Eric Schwartz,,Record: 2-0-0,1,0,205.0,,,,0.0,0.0,0.0,0.0,0.0,0.0,0.0,0.0,2,0,0
432,Justin Scoggins,,Record: 11-5-0,-3,67,125.0,66.0,Southpaw,1992-05-02,3.56,0.51,2.16,0.55,3.42,0.63,0.82,0.5,11,5,0
433,Brian Schwartz,,Record: 1-1-0,1,75,170.0,,Orthodox,,1.27,0.44,0.87,0.45,0.0,0.0,0.5,1.0,1,1,0
434,Mark Schultz,,Record: 1-1-0,1,69,200.0,,Orthodox,,0.0,0.0,0.0,0.0,0.0,0.0,0.0,0.0,1,1,0
435,Wes Schultz,Party Time,Record: 6-2-0,-1,74,185.0,77.0,Orthodox,1996-08-09,5.16,0.45,5.38,0.46,3.36,0.25,0.0,0.0,6,2,0
436,Brad Scott,Bear,Record: 11-6-0,-2,73,170.0,76.0,Orthodox,1989-06-24,3.52,0.41,4.31,0.57,0.32,0.15,0.63,0.7,11,6,0
437,Lacey Schuckman,,Record: 11-10-0,-1,63,125.0,,,,0.0,0.0,0.0,0.0,0.0,0.0,0.0,0.0,11,10,0
438,Darrill Schoonover,The Boss,Record: 14-8-0,-1,74,220.0,,Orthodox,1985-07-18,1.2,0.33,4.35,0.38,0.0,0.0,0.5,1.1,14,8,0
439,Nate Schroeder,,Record: 11-10-0,-1,73,230.0,,,,0.0,0.0,0.0,0.0,0.0,0.0,0.0,0.0,11,10,0
440,Bob Schrijber,Dirty,Record: 20-17-1,-2,72,240.0,,Orthodox,,0.0,0.0,0.0,0.0,0.0,0.0,0.0,0.0,20,17,1
441,Alex Schoenauer,,Record: 15-10-0,-2,75,185.0,,Orthodox,1976-05-05,1.22,0.4,2.27,0.42,0.0,0.0,0.22,4.9,15,10,0
442,Daniel Schmitt,,Record: 2-3-0,-1,0,185.0,,,,0.0,0.0,0.0,0.0,0.0,0.0,0.0,0.0,2,3,0
443,Colleen Schneider,,Record: 11-7-0,-1,0,135.0,,,,2.17,0.48,2.5,0.5,2.5,0.5,0.6,0.0,11,7,0
444,Pat Schilling,Thrilling,Record: 5-2-0,-2,68,145.0,,Orthodox,1988-08-28,1.87,0.26,8.24,0.52,0.0,0.0,0.0,0.0,5,2,0
445,Samy Schiavo,,Record: 10-6-0,-2,68,155.0,,Orthodox,1975-12-24,1.68,0.34,2.62,0.38,0.94,0.5,0.66,0.9,10,6,0
446,Adam Schindler,,Record: 10-6-0,1,68,155.0,,,1983-05-19,0.0,0.0,0.0,0.0,0.0,0.0,0.0,0.0,10,6,0
447,Matt Schnell,Danger,Record: 16-9-0 (1 NC),-3,68,125.0,70.0,Orthodox,1990-01-15,4.39,0.39,4.64,0.55,0.56,0.4,0.5,1.0,16,9,0 (1 NC)
448,Semmy Schilt,Hightower,Record: 26-14-1,1,82,265.0,,Orthodox,1973-10-27,1.2,0.5,1.31,0.53,0.0,0.0,0.47,1.1,26,14,1
449,Fabiano Scherner,Pegaleve,Record: 11-10-0 (3 NC),-2,75,257.0,,Orthodox,1972-06-30,1.31,0.31,3.2,0.38,1.09,0.33,0.4,0.0,11,10,0 (3 NC)
450,Antonio Schembri,Nino,Record: 5-5-0,-3,69,205.0,,Orthodox,1974-06-01,0.72,0.26,2.12,0.55,1.31,0.4,0.0,0.4,5,5,0
451,Matheus Scheffel,Buffa,Record: 14-7-0,-1,74,205.0,75.0,Orthodox,1992-11-04,1.33,0.36,3.0,0.47,0.0,0.0,1.0,0.0,14,7,0
452,Brendan Schaub,Big Brown,Record: 10-5-0,-2,76,245.0,78.0,Orthodox,1983-03-18,2.92,0.37,2.22,0.57,2.32,0.46,0.72,0.4,10,5,0
453,Mark Scanlon,,Record: 9-2-0,-1,69,170.0,,Orthodox,,2.2,0.35,3.33,0.48,3.0,0.75,0.25,2.0,9,2,0
454,Eric Schambari,,Record: 15-6-0,-1,71,185.0,,Orthodox,1978-04-22,1.43,0.42,1.07,0.54,3.0,0.42,0.0,1.0,15,6,0
455,Eric Schafer,Red,Record: 14-8-2,-4,75,185.0,76.0,Orthodox,1977-09-20,1.89,0.34,3.38,0.56,1.81,0.36,0.5,1.8,14,8,2
456,Kerry Schall,Meat Truck,Record: 24-13-0 (1 NC),-1,74,265.0,,Orthodox,1971-08-09,0.94,0.11,4.84,0.63,0.0,0.0,0.0,0.0,24,13,0 (1 NC)
457,Mikheil Sazhiniani,Spartan,Record: 13-3-0,-1,72,205.0,71.0,Orthodox,1996-10-05,2.27,0.28,3.03,0.52,0.0,0.0,1.0,0.0,13,3,0
458,Lumumba Sayers,,Record: 6-5-0,-1,72,185.0,,,1978-06-30,2.54,0.41,2.37,0.48,7.63,0.75,0.0,2.5,6,5,0
459,Chris Saunders,The So Cal Kid,Record: 16-8-0,-1,68,155.0,,,1986-03-11,1.48,0.22,2.96,0.75,3.7,1.0,0.0,0.0,16,8,0
460,Chad W. Saunders,,Record: 7-2-0,-1,70,170.0,,Orthodox,,0.0,0.0,0.0,0.0,0.0,0.0,0.0,0.0,7,2,0
461,Townsend Saunders,,Record: 0-2-0,-2,65,170.0,,Orthodox,,0.0,0.0,0.0,0.0,0.0,0.0,0.0,0.0,0,2,0
462,Matt Sayles,,Record: 8-4-0,-2,67,155.0,68.0,Orthodox,1994-02-21,4.83,0.41,2.81,0.61,0.36,0.16,0.81,0.7,8,4,0
463,Ben Saunders,Killa B,Record: 22-13-2,-4,74,170.0,77.0,Orthodox,1983-04-13,3.23,0.5,3.58,0.51,0.2,0.4,0.66,1.3,22,13,2
464,Takenori Sato,,Record: 19-11-7 (1 NC),-2,70,170.0,,Southpaw,1985-06-08,0.46,0.33,12.92,0.09,0.0,0.0,0.0,0.0,19,11,7 (1 NC)
465,Masaaki Satake,,Record: 1-8-1,-5,73,220.0,,Orthodox,1965-08-17,1.4,0.35,3.76,0.41,0.0,0.0,0.58,0.0,1,8,1
466,Tom Sauer,,Record: 25-12-0,-1,73,263.0,,,1970-11-11,0.0,0.0,0.0,0.0,0.0,0.0,0.0,0.0,25,12,0
467,Takashi Sato,Ten,Record: 16-7-0,-4,70,170.0,73.0,Southpaw,1990-06-09,2.21,0.41,3.73,0.44,0.76,0.37,0.6,0.0,16,7,0
468,Keisuke Sasu,Sasuke,Record: 11-3-1,-1,65,145.0,69.0,Switch,1994-09-30,2.76,0.49,2.42,0.48,3.76,0.4,0.61,1.9,11,3,1
469,Paul Sass,,Record: 14-2-0,-2,72,155.0,73.0,Orthodox,1988-08-04,0.53,0.26,1.9,0.51,0.53,0.16,0.33,7.4,14,2,0
470,Yuki Sasaki,,Record: 25-22-2,-2,74,185.0,,Orthodox,1976-09-12,1.09,0.43,1.2,0.57,0.43,1.0,0.66,0.0,25,22,2
471,Kyosuke Sasaki,,Record: 3-7-4,0,67,183.0,,Southpaw,,0.33,0.45,0.93,0.46,0.0,0.0,0.0,0.0,3,7,4
472,Harris Sarmiento,The Hitman,Record: 36-26-0,-3,69,155.0,,Orthodox,1983-09-09,0.84,0.25,3.46,0.36,2.36,0.6,0.57,0.0,36,26,0
473,Yuta Sasaki,Ulka,Record: 21-6-2,-1,70,125.0,71.0,Southpaw,1989-10-07,2.16,0.41,2.5,0.5,3.03,0.43,0.41,1.2,21,6,2
474,Diego Saraiva,The Octopus,Record: 22-20-1,-3,66,155.0,,Orthodox,1982-04-23,1.64,0.32,3.58,0.62,1.33,0.4,0.0,0.7,22,20,1
475,Jeka Saragih,,Record: 14-4-0,-1,68,145.0,69.0,Orthodox,1995-01-01,2.73,0.5,2.65,0.41,2.21,0.8,0.66,0.6,14,4,0
476,Bob Sapp,The Beast,Record: 11-20-0,-2,77,350.0,,Orthodox,1974-09-22,3.19,0.55,1.88,0.49,0.58,1.0,0.72,0.0,11,20,0
477,Daniel Sarafian,,Record: 10-6-0,-1,69,185.0,73.0,Orthodox,1982-08-21,2.23,0.46,3.1,0.58,0.36,0.07,0.53,0.7,10,6,0
478,Mairon Santos,The Legend,Record: 15-1-0,1,67,145.0,72.0,Orthodox,2000-06-10,4.77,0.46,1.85,0.57,0.0,0.0,0.0,0.0,15,1,0
479,Nick Sanzo,,Record: 1-1-0,-1,69,190.0,,,,0.0,0.0,0.0,0.0,0.0,0.0,0.0,0.0,1,1,0
480,Djorden Santos,Shakur,Record: 10-1-0,1,72,185.0,75.0,Orthodox,1997-08-01,5.67,0.55,2.73,0.52,1.0,0.5,0.86,0.0,10,1,0
481,Daniel Santos,Willycat,Record: 12-2-0,2,67,135.0,67.0,Orthodox,1995-03-12,4.26,0.37,5.12,0.5,1.9,0.5,0.73,0.0,12,2,0
482,Marilia Santos,Chocolate,Record: 10-3-0,-1,64,125.0,,Orthodox,1992-12-12,4.4,0.54,4.07,0.53,1.0,1.0,0.66,1.0,10,3,0
483,Gabriel Santos,Mosquitinho,Record: 11-2-0,1,69,145.0,70.0,Orthodox,1996-11-28,4.69,0.59,4.77,0.47,3.44,0.52,0.85,0.8,11,2,0
484,Luana Santos,,Record: 8-2-0,-1,66,125.0,67.0,Orthodox,2000-04-16,4.28,0.51,4.15,0.61,1.62,0.4,0.8,1.2,8,2,0
485,Edivan Santos,Pe De Sapo,Record: 12-3-1 (1 NC),-1,76,248.0,78.0,Orthodox,1992-05-03,1.55,0.48,7.09,0.26,0.0,0.0,0.25,0.0,12,3,1 (1 NC)
486,Taila Santos,,Record: 19-3-0,-2,66,125.0,68.0,Orthodox,1993-06-22,3.39,0.48,2.64,0.58,2.0,0.76,0.86,1.1,19,3,0
487,Yana Santos,,Record: 15-8-0 (1 NC),1,66,135.0,68.0,Orthodox,1989-11-11,4.42,0.58,3.12,0.5,0.97,0.53,0.42,0.1,15,8,0 (1 NC)
488,Bruno Santos,Carioca,Record: 15-2-0,-1,69,185.0,,Orthodox,1987-07-17,1.18,0.46,2.27,0.56,3.0,0.37,0.66,0.3,15,2,0
489,Leonardo Santos,,Record: 18-7-1,-3,72,155.0,75.0,Orthodox,1980-02-05,2.82,0.46,3.4,0.54,0.88,0.25,0.86,0.2,18,7,1
490,Thiago Santos,Marreta,Record: 22-11-0,-2,74,205.0,76.0,Orthodox,1984-01-07,3.72,0.48,2.57,0.53,0.88,0.33,0.65,0.1,22,11,0
491,Iliarde Santos,,Record: 30-13-1 (1 NC),-3,65,125.0,67.0,Orthodox,1980-09-25,3.0,0.3,6.1,0.57,1.66,0.23,0.83,0.0,30,13,1 (1 NC)
492,Evangelista Santos,Cyborg,Record: 21-18-0,-2,70,170.0,76.0,Orthodox,1977-12-12,3.94,0.36,6.01,0.49,0.78,1.0,0.5,0.4,21,18,0
493,Luis Santos,,Record: 63-10-1 (1 NC),-1,73,170.0,,Southpaw,,4.4,0.57,4.0,0.64,0.0,0.0,0.0,0.0,63,10,1 (1 NC)
494,Adriano Santos,,Record: 0-1-0,-1,0,,,,,0.0,0.0,0.0,0.0,0.0,0.0,0.0,0.0,0,1,0
495,Paulo Santos,,Record: 0-3-0,-1,0,,,,,0.0,0.0,0.0,0.0,0.0,0.0,0.0,0.0,0,3,0
496,Jose Santibanez,,Record: 10-3-0,-1,0,155.0,,,1980-01-18,0.0,0.0,0.0,0.0,0.0,0.0,0.0,0.0,10,3,0
497,Richie Santiago,The Milford Mauler,Record: 7-2-0,-1,67,135.0,67.0,Southpaw,1992-10-10,3.87,0.49,4.87,0.42,0.0,0.0,0.25,0.0,7,2,0
498,Art Santore,Pachuco,Record: 18-8-0,-2,74,185.0,,,1972-10-26,1.4,0.12,7.31,0.52,0.0,0.0,1.0,0.0,18,8,0
499,Will Santiago,The Brown Bomber,Record: 9-5-0,-1,67,185.0,,Orthodox,1983-02-08,1.47,0.39,5.53,0.56,1.0,0.5,1.0,0.0,9,5,0
500,Duda Santana,Cowboyzinha,Record: 3-1-0,-1,67,145.0,73.0,Orthodox,1996-01-10,6.01,0.39,2.72,0.73,6.44,0.6,0.0,0.0,3,1,0
501,Jorge Santiago,The Sandman,Record: 25-12-0,-3,73,170.0,75.0,Orthodox,1980-10-09,1.69,0.35,2.62,0.56,0.58,0.3,0.52,0.8,25,12,0
502,Mike Santiago,,Record: 19-12-0,-3,70,145.0,69.0,Orthodox,1989-07-28,3.44,0.49,3.58,0.36,2.66,0.5,0.53,1.1,19,12,0
503,Shaheen Santana,Shazam,Record: 6-1-0,-1,73,155.0,75.0,Orthodox,1991-06-04,0.82,0.42,1.65,0.4,0.0,0.0,0.0,2.8,6,1,0
504,Martin Sano,Spartan,Record: 4-3-1,-1,71,170.0,75.0,Orthodox,1991-05-30,4.0,0.33,12.0,0.4,0.0,0.0,0.0,0.0,4,3,1
505,Yuhi Sano,,Record: 0-4-0,-3,71,243.0,,Orthodox,1965-02-02,0.0,0.0,0.0,0.0,0.0,0.0,0.0,0.0,0,4,0
506,Chris Sanford,,Record: 5-1-0,-1,71,185.0,,Orthodox,1968-03-12,0.23,0.5,3.22,0.17,0.0,0.0,0.0,3.5,5,1,0
507,Roldan Sangcha'an,The Executioner,Record: 4-2-0,-2,64,125.0,,Orthodox,1990-12-04,2.71,0.46,2.15,0.51,1.94,0.6,0.68,0.0,4,2,0
508,Hector Sandoval,Kid Alex,Record: 14-4-0,-1,62,125.0,64.0,Orthodox,1986-07-19,3.31,0.52,2.33,0.65,3.49,0.25,0.71,1.4,14,4,0
509,Joseph Sandoval,,Record: 7-7-0,-2,67,135.0,,Southpaw,1986-05-11,1.82,0.42,12.12,0.6,0.0,0.0,0.0,0.0,7,7,0
510,Raul Sandoval,,Record: 3-3-0,-1,0,130.0,,,,0.0,0.0,0.0,0.0,0.0,0.0,0.0,0.0,3,3,0
511,Hugo Sandoval,,Record: 2-3-0,1,0,135.0,,,,0.0,0.0,0.0,0.0,0.0,0.0,0.0,0.0,2,3,0
512,Cory Sandhagen,,Record: 17-5-0,-1,71,135.0,70.0,Switch,1992-04-20,5.02,0.44,3.46,0.56,1.19,0.32,0.63,0.3,17,5,0
513,Luke Sanders,Cool Hand,Record: 13-5-0,-2,66,135.0,67.0,Southpaw,1985-12-12,6.61,0.52,4.37,0.5,0.71,0.3,0.72,0.2,13,5,0
514,Jesse Sanders,,Record: 23-7-0,-1,72,170.0,,Orthodox,,0.0,0.0,6.45,0.35,0.0,0.0,0.5,0.0,23,7,0
515,Robert Sanchez,Littlefury,Record: 8-2-0,-1,66,125.0,66.0,Orthodox,1986-03-05,0.96,0.4,1.78,0.46,3.61,0.62,0.5,0.7,8,2,0
516,Jerrod Sanders,J-Reazie,Record: 16-3-0 (1 NC),-1,68,135.0,72.0,Orthodox,1979-10-01,0.88,0.64,1.14,0.46,2.2,0.33,0.5,1.6,16,3,0 (1 NC)
517,Andrew Sanchez,El Dirte,Record: 13-7-0,-2,73,185.0,74.0,Orthodox,1988-04-08,4.3,0.43,5.1,0.5,2.55,0.36,1.0,0.0,13,7,0
518,Bobby Sanchez,The Kid,Record: 10-35-0,-2,67,155.0,,Orthodox,,0.0,0.0,0.0,1.0,0.0,0.0,1.0,0.0,10,35,0
519,Julian Sanchez,,Record: 0-1-0,-1,75,300.0,,Orthodox,,0.0,0.0,0.0,0.0,0.0,0.0,0.0,0.0,0,1,0
520,Joby Sanchez,,Record: 11-4-0,-2,66,135.0,68.0,Orthodox,1991-06-24,3.22,0.36,2.82,0.63,0.95,0.71,0.51,0.4,11,4,0
521,Donald Sanchez,,Record: 31-17-0,-1,70,145.0,,,1984-08-18,0.58,0.5,1.16,0.55,0.0,0.0,0.5,0.0,31,17,0
522,Diego Sanchez,Nightmare,Record: 31-13-0,-1,70,170.0,72.0,Southpaw,1981-12-31,2.69,0.37,3.02,0.56,1.51,0.24,0.46,0.8,31,13,0
523,Johnny Sampaio,,Record: 3-1-0,-1,68,170.0,,Orthodox,1975-09-11,1.32,0.4,2.64,0.5,9.89,0.5,0.0,9.9,3,1,0
524,Josh Sampo,The Gremlin,Record: 11-5-0,-3,64,125.0,64.0,Orthodox,1984-07-24,1.99,0.36,2.96,0.55,1.06,0.33,0.4,2.1,11,5,0
525,Eddie Sanchez,The Manic Hispanic,Record: 15-8-0,-2,74,230.0,74.0,Orthodox,1982-11-04,3.45,0.43,3.3,0.43,1.13,0.26,0.42,0.0,15,8,0
526,Dylan Salvador,,Record: 5-2-0,-1,69,155.0,69.0,Southpaw,1993-05-20,4.34,0.37,11.57,0.46,0.0,0.0,0.0,0.0,5,2,0
527,John Salter,,Record: 14-3-0,1,73,185.0,74.0,Southpaw,1985-03-21,1.68,0.32,1.68,0.68,2.85,0.46,0.66,0.5,14,3,0
528,Josh Samman,Anqa,Record: 13-4-0,-2,75,185.0,79.0,Orthodox,1988-03-14,2.08,0.52,2.47,0.34,1.09,0.33,0.33,0.4,13,4,0
529,Vinicius Salvador,,Record: 14-7-0,-3,67,135.0,70.0,Southpaw,1996-07-24,5.48,0.43,6.5,0.48,0.36,0.11,0.86,0.0,14,7,0
530,Boston Salmon,Boom Boom,Record: 6-3-0,-2,69,135.0,69.0,Southpaw,1990-11-20,4.13,0.37,7.75,0.59,0.0,0.0,1.0,0.0,6,3,0
531,Sean Salmon,,Record: 18-21-0,-3,70,185.0,,Southpaw,1977-09-11,1.49,0.33,2.03,0.65,4.06,0.5,0.0,0.0,18,21,0
532,Quillan Salkilld,,Record: 7-1-0,1,72,155.0,75.0,Orthodox,1999-12-28,5.4,0.55,4.27,0.43,9.0,0.4,1.0,1.0,7,1,0
533,Gabriel Salinas-Jones,,Record: 5-2-1,-2,73,245.0,,,1984-11-20,0.0,0.0,0.0,0.0,0.0,0.0,0.0,0.0,5,2,1
534,Muslim Salikhov,King of Kung Fu,Record: 20-5-0,1,71,170.0,70.0,Orthodox,1984-06-09,3.32,0.49,2.92,0.63,1.12,0.33,0.71,0.0,20,5,0
535,John Salgado,Greco,Record: 4-8-1,-1,70,170.0,,,,0.99,0.5,1.86,0.4,0.0,0.0,0.5,0.0,4,8,1
536,Brandon Saling,White Steel,Record: 8-6-0,-1,70,170.0,,,1986-01-28,2.88,0.4,6.08,0.2,0.0,0.0,0.57,0.0,8,6,0
537,Luis Saldana,,Record: 16-7-1,0,71,145.0,73.0,Orthodox,1991-01-27,5.16,0.5,3.65,0.6,0.64,0.17,0.44,0.2,16,7,1
538,Roman Salazar,El Gallito,Record: 10-6-0 (1 NC),-1,67,135.0,,Orthodox,1988-02-21,1.95,0.39,2.89,0.57,1.77,0.18,0.5,0.0,10,6,0 (1 NC)
539,Justin Salas,J-Bomb,Record: 12-7-0,-2,68,155.0,70.0,Southpaw,1982-03-13,3.42,0.43,2.96,0.68,2.43,0.2,0.0,0.0,12,7,0
540,Hayato Sakurai,Mach,Record: 38-13-2,2,67,168.0,,Orthodox,1975-08-24,2.45,0.49,1.94,0.59,1.87,0.69,0.56,0.3,38,13,2
541,Ivan Salaverry,,Record: 14-9-0,-2,72,185.0,,Orthodox,1971-01-11,3.01,0.47,1.19,0.76,0.49,0.18,0.36,2.5,14,9,0
542,Wataru Sakata,,Record: 11-14-0,-1,69,195.0,,Southpaw,1973-03-11,1.11,0.61,2.08,0.31,0.0,0.0,0.0,0.0,11,14,0
543,Kazushi Sakuraba,The Gracie Hunter,Record: 26-17-1 (2 NC),-4,72,185.0,,Southpaw,1969-07-14,1.26,0.41,2.03,0.51,1.26,0.31,0.48,1.7,26,17,1 (2 NC)
544,Gokhan Saki,The Rebel,Record: 1-2-0,-1,72,205.0,73.0,Orthodox,1983-10-19,7.09,0.58,4.57,0.53,0.0,0.0,1.0,0.0,1,2,0
545,Ryuta Sakurai,,Record: 24-24-6,-3,67,183.0,,Orthodox,,1.8,0.48,3.44,0.58,0.52,1.0,0.36,1.6,24,24,6
546,Augusto Sakai,,Record: 16-5-1,1,75,265.0,77.0,Orthodox,1991-05-09,4.6,0.49,3.83,0.48,0.23,0.4,0.56,0.0,16,5,1
547,Alessio Sakara,Legionarius,Record: 19-11-0 (2 NC),-4,72,185.0,72.0,Orthodox,1981-09-02,3.96,0.47,2.8,0.59,2.18,0.78,0.62,0.0,19,11,0 (2 NC)
548,Yukio Sakaguchi,,Record: 6-7-0,-1,69,185.0,,Orthodox,1973-07-26,0.3,0.25,2.4,0.5,4.5,1.0,0.0,9.0,6,7,0
549,Lukasz Sajewski,Wookie,Record: 13-3-0,-3,68,155.0,71.0,Orthodox,1990-11-27,2.06,0.35,3.88,0.57,1.01,0.25,0.66,0.0,13,3,0
550,Tatsuya Saika,Yanbo,Record: 11-5-0,-1,72,155.0,73.0,Orthodox,1990-09-18,6.67,0.44,9.91,0.43,0.0,0.0,0.66,0.0,11,5,0
551,Ovince Saint Preux,,Record: 27-17-0,1,75,205.0,80.0,Southpaw,1983-04-08,3.03,0.47,3.32,0.47,1.1,0.36,0.67,0.5,27,17,0
552,Kiru Sahota,,Record: 12-2-0,2,70,125.0,73.0,Orthodox,1995-05-28,4.33,0.57,2.47,0.42,1.0,0.33,0.5,0.5,12,2,0
553,Benoit Saint Denis,God of War,Record: 13-2-0 (1 NC),0,71,155.0,73.0,Southpaw,1995-12-18,5.7,0.54,4.98,0.42,4.76,0.37,0.69,1.5,13,2,0 (1 NC)
554,Jason Saggo,,Record: 12-4-0,-2,71,155.0,71.0,Orthodox,1985-11-23,2.5,0.39,2.94,0.52,2.33,0.4,0.23,0.0,12,4,0
555,Saparbeg Safarov,,Record: 9-3-0,-1,73,185.0,78.0,Orthodox,1986-10-14,4.03,0.48,2.96,0.47,2.52,0.41,0.33,0.0,9,3,0
556,Frankie Saenz,,Record: 13-7-0,-2,66,135.0,66.0,Orthodox,1980-08-12,3.94,0.47,3.5,0.52,1.74,0.31,0.61,0.1,13,7,0
557,Tarec Saffiedine,Sponge,Record: 16-7-0,-3,70,170.0,70.0,Switch,1986-09-06,4.05,0.47,3.06,0.62,0.52,0.36,0.84,0.1,16,7,0
558,Nazim Sadykhov,Black Wolf,Record: 9-1-1,0,70,155.0,69.0,Southpaw,1994-05-16,4.94,0.48,5.72,0.48,1.71,0.62,0.75,0.3,9,1,1
559,Danny Sabatello,Italian Gangster,Record: 9-1-0,1,70,135.0,71.0,Orthodox,1993-03-31,2.07,0.57,0.2,0.25,3.0,0.75,1.0,1.0,9,1,0
560,Pat Sabatini,,Record: 18-5-0,-1,68,145.0,70.0,Orthodox,1990-11-09,2.02,0.59,1.54,0.49,3.73,0.42,0.5,1.9,18,5,0
561,Amir Sadollah,,Record: 6-5-0,-2,70,170.0,75.0,Orthodox,1980-08-27,4.71,0.46,3.55,0.6,0.57,0.27,0.6,0.3,6,5,0
562,Pete Sabala,,Record: 3-15-0,-1,0,135.0,,,,0.0,0.0,0.0,0.0,0.0,0.0,0.0,0.0,3,15,0
563,Cameron Saaiman,MSP,Record: 9-2-0,-2,68,135.0,67.0,Southpaw,2000-12-20,5.32,0.46,4.18,0.51,0.91,0.28,0.47,0.7,9,2,0
564,Nursulton Ruziboev,Black,Record: 34-9-2 (2 NC),0,77,170.0,76.0,Orthodox,1993-11-19,2.5,0.43,4.6,0.49,0.77,1.0,0.0,0.0,34,9,2 (2 NC)
565,Casey Ryan,,Record: 7-3-0,1,0,185.0,,,,0.0,0.0,0.0,0.0,0.0,0.0,0.0,0.0,7,3,0
566,Bas Rutten,El Guapo,Record: 28-4-1,3,73,205.0,,Orthodox,1965-02-24,5.59,0.61,2.06,0.79,0.0,0.0,0.0,0.0,28,4,1
567,Montserrat Conejo Ruiz,,Record: 10-4-0,-3,60,115.0,61.0,Southpaw,1993-02-03,0.79,0.27,4.96,0.37,2.05,0.83,0.33,0.8,10,4,0
568,Mike Russow,,Record: 15-3-0 (1 NC),-2,73,255.0,73.0,Orthodox,1976-09-11,1.55,0.47,2.9,0.59,4.66,0.43,0.0,0.7,15,3,0 (1 NC)
569,Anthony Ruiz,El Toro,Record: 33-22-0,-3,74,205.0,,Orthodox,1977-11-03,2.56,0.64,1.67,0.28,1.43,0.31,0.21,0.0,33,22,0
570,Eddie Ruiz,,Record: 1-1-0,-1,67,155.0,,Orthodox,1967-06-10,0.2,0.25,1.4,0.47,2.0,0.12,0.0,0.0,1,1,0
571,Rodolfo Rubio Perez,Fito,Record: 10-16-1,-1,65,145.0,,Orthodox,1987-01-29,1.13,0.36,1.0,0.62,2.0,0.33,0.33,0.0,10,16,1
572,Mauricio Ruffy,,Record: 10-1-0,2,71,155.0,75.0,Orthodox,1996-06-17,4.88,0.59,3.8,0.59,0.0,0.0,1.0,0.0,10,1,0
573,Gabe Ruediger,Godzilla,Record: 18-8-0,-3,70,155.0,,Orthodox,1977-08-29,1.7,0.31,5.16,0.41,2.04,0.11,0.28,0.0,18,8,0
574,Rodrigo Ruas,,Record: 4-5-1 (1 NC),-1,70,185.0,,Orthodox,1977-10-06,1.28,0.35,7.0,0.41,0.0,0.0,0.0,0.0,4,5,1 (1 NC)
575,Marco Ruas,King of the Streets,Record: 9-4-2,-2,73,210.0,,Orthodox,1961-01-23,0.0,0.0,0.0,0.0,0.0,0.0,0.0,0.0,9,4,2
576,Jairzinho Rozenstruik,Bigi Boy,Record: 15-5-0,2,74,242.0,78.0,Orthodox,1988-03-17,3.75,0.49,2.74,0.51,0.0,0.0,0.75,0.0,15,5,0
577,Mauricio Rua,Shogun,Record: 27-14-1,-3,73,205.0,76.0,Orthodox,1981-11-25,3.57,0.5,2.79,0.54,2.01,0.48,0.49,0.7,27,14,1
578,Murilo Rua,Ninja,Record: 20-13-1,-2,71,185.0,,Orthodox,1980-05-22,2.48,0.45,1.85,0.53,1.97,0.45,0.37,1.2,20,13,1
579,Brandon Royval,Raw Dawg,Record: 16-7-0,0,69,125.0,68.0,Southpaw,1992-08-16,4.33,0.36,3.42,0.46,0.47,0.6,0.4,1.1,16,7,0
580,Brad Royster,,Record: 1-2-0,-1,0,135.0,,,,0.0,0.0,0.0,0.0,0.0,0.0,0.0,0.0,1,2,0
581,Phil Rowe,The Fresh Prince,Record: 10-5-0,-2,75,170.0,80.0,Orthodox,1990-07-18,3.65,0.49,4.34,0.55,0.7,0.36,0.56,0.3,10,5,0
582,Cam Rowston,Battle Giraffe,Record: 8-3-0,-1,74,185.0,78.0,Orthodox,1995-01-19,2.13,0.49,1.87,0.47,0.0,0.0,0.28,1.0,8,3,0
583,Ray Routh,,Record: 2-1-0,-1,68,185.0,,Orthodox,,0.54,0.21,3.22,0.28,2.69,0.33,0.0,0.0,2,1,0
584,Khalil Rountree Jr.,,Record: 14-5-0 (1 NC),0,73,205.0,76.0,Southpaw,1990-02-26,3.84,0.39,4.18,0.5,0.0,0.0,0.58,0.1,14,5,0 (1 NC)
585,Ronda Rousey,Rowdy,Record: 12-2-0,-2,67,135.0,66.0,Orthodox,1987-02-01,4.17,0.52,4.14,0.44,6.26,0.68,0.5,4.8,12,2,0
586,Rick Roufus,,Record: 4-6-0,-1,72,207.0,,Southpaw,,0.53,0.33,1.06,0.33,0.0,0.0,0.5,0.0,4,6,0
587,Nick Rossborough,Leatherface,Record: 26-19-1,-1,77,205.0,,,1981-11-18,2.8,0.35,4.33,0.35,0.0,0.0,1.0,0.0,26,19,1
588,Kristian Rothaermel,,Record: 4-3-0,-1,72,205.0,,Open Stance,1972-01-31,0.75,0.5,2.49,0.41,0.0,0.0,0.0,0.0,4,3,0
589,Ben Rothwell,,Record: 39-14-0,-1,76,265.0,78.0,Orthodox,1981-10-17,3.71,0.42,4.63,0.47,0.68,0.34,0.7,0.4,39,14,0
590,Shannon Ross,The Turkish Delight,Record: 13-9-0,-4,66,125.0,66.0,Switch,1989-05-12,5.96,0.39,7.39,0.55,0.0,0.0,1.0,0.0,13,9,0
591,Jared Rosholt,,Record: 14-4-0,-1,74,265.0,75.0,Orthodox,1986-08-04,2.08,0.46,1.52,0.59,1.83,0.41,0.66,0.1,14,4,0
592,Kevin Rosier,,Record: 2-6-0,-2,76,275.0,,Orthodox,,0.0,0.0,0.0,0.0,0.0,0.0,0.0,0.0,2,6,0
593,Hilarie Rose,,Record: 4-2-0,-1,63,115.0,63.0,Orthodox,1992-11-11,2.33,0.33,6.13,0.44,0.0,0.0,1.0,0.0,4,2,0
594,Aaron Rosa,,Record: 18-6-0,-1,76,205.0,77.0,Orthodox,1983-05-28,4.03,0.47,4.41,0.45,0.36,0.33,0.85,0.4,18,6,0
595,Raul Rosas Jr.,El Nino Problema,Record: 10-1-0,3,69,135.0,67.0,Switch,2004-10-08,1.55,0.43,1.43,0.51,4.02,0.39,0.0,1.3,10,1,0
596,Karol Rosa,,Record: 18-6-0,1,65,135.0,67.0,Orthodox,1994-12-30,6.49,0.56,4.91,0.49,1.2,0.46,0.68,0.0,18,6,0
597,Jacob Rosales,The Lil Badger,Record: 13-7-0,-2,71,155.0,74.0,Orthodox,1995-07-28,7.19,0.46,10.66,0.44,1.12,0.18,0.5,0.6,13,7,0
598,Jake Rosholt,,Record: 12-5-0 (1 NC),-1,73,185.0,,Orthodox,1982-02-09,2.68,0.53,2.33,0.49,6.51,0.68,0.0,1.8,12,5,0 (1 NC)
599,Charles Rosa,Boston Strong,Record: 14-8-0,-3,69,145.0,69.0,Switch,1986-08-24,3.08,0.36,3.86,0.47,1.67,0.35,0.38,1.0,14,8,0
600,George Roop,,Record: 15-13-1,-2,73,135.0,72.0,Orthodox,1981-11-10,3.43,0.34,2.47,0.6,1.05,0.57,0.59,0.1,15,13,1
601,Joao Roque,,Record: 7-2-4,1,66,155.0,,Orthodox,1971-07-22,0.0,0.0,0.0,0.0,0.0,0.0,0.0,0.0,7,2,4
602,Juancamilo Ronderos,100,Record: 4-2-0,-2,63,125.0,64.0,Southpaw,1995-02-17,2.18,0.3,2.18,0.63,2.72,0.33,0.0,0.0,4,2,0
603,Jesse Ronson,The Body Snatcher,Record: 21-12-0 (1 NC),-2,70,155.0,70.0,Southpaw,1985-12-24,3.54,0.47,3.39,0.57,0.46,0.28,0.57,0.5,21,12,0 (1 NC)
604,Yusup Saadulaev,Maestro,Record: 16-4-1 (1 NC),1,66,135.0,,,1985-03-31,0.57,0.45,0.96,0.66,5.73,0.6,0.0,1.0,16,4,1 (1 NC)
605,Rongzhu,,Record: 25-6-0,-1,69,155.0,72.0,Orthodox,2000-03-07,5.45,0.51,5.8,0.44,1.85,0.62,0.85,0.2,25,6,0
606,Cortavious Romious,,Record: 9-2-0,1,64,135.0,68.0,Southpaw,1994-01-06,3.04,0.37,2.52,0.49,0.0,0.0,0.87,1.9,9,2,0
607,Kaleio Romero,KO,Record: 6-2-0,-1,70,145.0,69.0,Switch,1996-04-19,2.6,0.48,3.27,0.5,1.0,0.08,0.0,1.0,6,2,0
608,Anthony Romero,The Genius,Record: 8-0-0,1,71,155.0,70.0,Orthodox,1997-02-25,5.87,0.52,4.0,0.65,2.0,0.22,1.0,0.0,8,0,0
609,Mara Romero Borella,,Record: 12-9-0 (2 NC),-4,66,125.0,69.0,Orthodox,1986-06-03,2.54,0.37,2.48,0.71,1.83,0.44,0.66,0.2,12,9,0 (2 NC)
610,Ricardo Romero,,Record: 11-3-0,-2,72,205.0,76.0,Orthodox,1978-04-15,2.17,0.55,4.77,0.46,1.63,0.1,1.0,3.3,11,3,0
611,Yoel Romero,Soldier of God,Record: 13-5-0,-3,72,185.0,73.0,Southpaw,1977-04-30,3.44,0.49,3.05,0.6,1.57,0.3,0.78,0.0,13,5,0
612,Alexandr Romanov,King Kong,Record: 17-3-0,0,74,262.0,75.0,Southpaw,1990-12-11,3.94,0.52,2.14,0.5,4.17,0.54,0.28,0.8,17,3,0
613,Jared Rollins,J-Roc,Record: 8-4-0,-1,69,170.0,,Orthodox,1977-01-26,3.33,0.57,2.41,0.39,2.5,0.5,0.5,1.2,8,4,0
614,Shane Roller,,Record: 11-7-0,-1,70,155.0,72.0,Orthodox,1979-07-14,2.04,0.34,2.65,0.6,2.46,0.33,0.42,1.9,11,7,0
615,Max Rohskopf,Rated R,Record: 5-1-0,-1,73,155.0,71.0,Orthodox,1994-09-27,1.7,0.31,5.8,0.42,3.0,0.33,0.0,1.5,5,1,0
616,Marcelo Rojo,Pitbull,Record: 16-10-0,-3,68,145.0,71.0,Orthodox,1988-07-02,4.92,0.39,6.42,0.55,0.46,0.5,0.66,0.0,16,10,0
617,Brett Rogers,The Grim,Record: 17-10-0 (1 NC),-3,77,265.0,81.0,Orthodox,1981-02-17,3.17,0.44,3.2,0.46,0.0,0.0,0.58,0.0,17,10,0 (1 NC)
618,Marcos Rogerio de Lima,Pezao,Record: 22-10-1,1,73,253.0,75.0,Orthodox,1985-06-25,3.7,0.57,2.9,0.51,1.4,0.45,0.59,0.5,22,10,1
619,Brian Rogers,The Professional Predator,Record: 14-9-0,1,71,185.0,,,1984-02-15,4.79,0.38,5.76,0.58,1.22,0.5,1.0,0.6,14,9,0
620,Pete Rodriguez,Dead Game,Record: 5-2-0,-1,69,170.0,71.0,Switch,1996-11-13,9.28,0.43,12.83,0.42,0.0,0.0,1.0,0.0,5,2,0
621,Piera Rodriguez,La Fiera,Record: 9-2-0,-2,63,115.0,63.0,Orthodox,1992-11-11,3.64,0.47,2.84,0.58,3.11,0.41,0.66,0.0,9,2,0
622,Nick Roehrick,,Record: 7-1-0,-1,74,205.0,,Orthodox,1987-07-06,2.31,0.17,6.92,0.44,0.0,0.0,0.0,0.0,7,1,0
623,Christian Rodriguez,,Record: 11-2-0,-1,67,145.0,71.0,Orthodox,1997-12-17,3.65,0.47,2.56,0.58,1.07,0.54,0.65,1.1,11,2,0
624,Victor Rodriguez,Vicious,Record: 7-4-0,-2,65,125.0,67.0,Switch,1992-09-05,1.59,0.37,6.11,0.5,0.0,0.0,0.0,0.0,7,4,0
625,Drako Rodriguez,,Record: 7-3-0,-2,68,135.0,69.0,Orthodox,1996-06-16,3.37,0.36,4.4,0.58,2.93,0.66,0.75,0.7,7,3,0
626,Ray Rodriguez,The Judge,Record: 16-8-0,-3,67,135.0,70.0,Orthodox,1987-12-10,0.9,0.27,3.89,0.4,1.42,0.5,0.44,0.0,16,8,0
627,Ronaldo Rodriguez,Lazy Boy,Record: 17-2-0,2,66,125.0,65.0,Orthodox,1999-05-07,2.13,0.44,3.15,0.46,1.13,0.5,0.64,1.1,17,2,0
628,Daniel Rodriguez,D-Rod,Record: 17-5-0,-3,73,170.0,74.0,Southpaw,1986-12-31,7.42,0.49,5.52,0.56,0.55,0.5,0.56,0.1,17,5,0
629,Marina Rodriguez,,Record: 17-4-2,0,66,115.0,65.0,Orthodox,1987-04-29,4.82,0.47,3.12,0.55,0.23,0.42,0.65,0.2,17,4,2
630,Yair Rodriguez,El Pantera,Record: 16-5-0 (1 NC),-2,71,145.0,71.0,Orthodox,1992-10-06,4.65,0.46,3.99,0.52,0.69,0.27,0.58,0.7,16,5,0 (1 NC)
631,Manuel Rodriguez,Chalate,Record: 11-5-0,-1,69,170.0,,Orthodox,1985-04-25,0.81,0.33,3.23,0.38,9.09,0.75,0.0,0.0,11,5,0
632,Mike Rodriguez,Slo Mike,Record: 11-7-0 (1 NC),-3,76,205.0,82.0,Southpaw,1988-11-28,4.35,0.53,4.24,0.41,0.0,0.0,0.37,0.0,11,7,0 (1 NC)
633,Paul Rodriguez,,Record: 10-9-2,-3,67,155.0,,Orthodox,,0.84,1.0,1.68,0.68,0.0,0.0,0.5,0.0,10,9,2
634,Ricco Rodriguez,Suave,Record: 53-25-0 (1 NC),-2,76,265.0,,Orthodox,1977-08-19,1.85,0.51,1.15,0.61,2.3,0.39,0.4,1.0,53,25,0 (1 NC)
635,Kleydson Rodrigues,KR,Record: 8-4-0,-2,65,135.0,67.0,Orthodox,1995-10-22,4.58,0.57,2.29,0.53,0.6,0.22,0.53,0.6,8,4,0
636,Gregory Rodrigues,Robocop,Record: 16-5-0,3,75,185.0,75.0,Orthodox,1992-02-17,5.52,0.56,4.69,0.51,2.74,0.41,1.0,0.4,16,5,0
637,Kevin Roddy,K-Rod,Record: 15-16-1 (1 NC),-1,71,145.0,,,,2.64,0.3,2.38,0.6,0.0,0.0,0.5,0.0,15,16,1 (1 NC)
638,Keith Rockel,Rock,Record: 12-4-1,1,72,185.0,,Orthodox,,1.13,0.73,0.21,0.66,4.63,0.75,1.0,4.6,12,4,1
639,Luke Rockhold,,Record: 16-6-0,-3,75,185.0,77.0,Southpaw,1984-10-17,4.1,0.49,2.68,0.53,0.7,0.29,0.65,1.0,16,6,0
640,Carlos Eduardo Rocha,Ta Danado,Record: 9-4-0,-2,70,170.0,73.0,Orthodox,1981-07-12,1.24,0.34,1.85,0.55,0.0,0.0,0.52,1.4,9,4,0
641,Lucas Rocha,Fenomeno,Record: 17-1-0,0,63,125.0,64.0,Orthodox,2000-08-12,1.51,0.53,4.15,0.33,0.0,0.0,0.66,0.0,17,1,0
642,Vagner Rocha,Ceara,Record: 14-4-0,-2,70,155.0,73.0,Orthodox,1982-06-06,2.64,0.42,4.5,0.48,1.4,0.33,0.5,1.9,14,4,0
643,Alvin Robinson,,Record: 15-9-0,-2,69,155.0,68.0,Southpaw,1982-07-16,1.57,0.5,1.29,0.51,1.24,0.5,0.25,1.2,15,9,0
644,Colin Robinson,Big C,Record: 10-12-0,-2,76,243.0,,Orthodox,1968-11-27,6.19,0.69,7.91,0.37,2.58,1.0,0.5,5.2,10,12,0
645,Mark Robinson,White Rhino,Record: 1-0-0 (1 NC),0,72,265.0,,Orthodox,,0.0,0.0,5.8,0.13,0.0,0.0,0.0,0.0,1,0,0 (1 NC)
646,Gillian Robertson,The Savage,Record: 14-8-0,0,65,115.0,63.0,Orthodox,1995-05-17,2.83,0.48,2.96,0.56,2.48,0.42,0.41,1.1,14,8,0
647,Chad Robichaux,Robo,Record: 13-2-0,1,64,135.0,,,1975-08-18,0.0,0.0,0.0,0.0,0.0,0.0,0.0,0.0,13,2,0
648,Kenny Robertson,,Record: 15-5-0,-2,70,170.0,74.0,Orthodox,1984-02-14,3.72,0.47,3.02,0.52,1.37,0.26,0.57,0.8,15,5,0
649,Buddy Roberts,,Record: 12-3-0,-1,74,185.0,,Orthodox,1982-10-17,2.17,0.34,2.08,0.7,0.0,0.0,0.76,0.7,12,3,0
650,Daniel Roberts,Ninja,Record: 15-7-0,-3,70,170.0,74.0,Southpaw,1980-08-05,0.73,0.2,2.27,0.46,2.46,0.44,0.4,2.5,15,7,0
651,Roosevelt Roberts,The Predator,Record: 12-5-0 (1 NC),0,74,155.0,73.0,Orthodox,1994-02-11,3.05,0.44,3.12,0.52,1.39,0.29,0.52,0.9,12,5,0 (1 NC)
652,Taylor Roberts,,Record: 3-12-0,-1,71,170.0,,,,0.0,0.0,0.0,0.0,0.0,0.0,0.0,0.0,3,12,0
653,Ryan Roberts,,Record: 21-12-1 (1 NC),-1,66,155.0,,Orthodox,1978-07-16,0.0,0.0,22.5,0.45,0.0,0.0,0.0,0.0,21,12,1 (1 NC)
654,Joey Roberts,,Record: 4-3-0,-1,74,200.0,,,,0.0,0.0,0.0,0.0,0.0,0.0,0.0,0.0,4,3,0
655,Tyrone Roberts,Native Warrior,Record: 43-12-1,1,69,185.0,,Orthodox,,0.0,0.0,0.0,0.0,0.0,0.0,0.0,0.0,43,12,1
656,David Roberts,,Record: 5-8-0,-1,73,170.0,,Orthodox,1975-11-15,0.0,0.0,0.0,0.0,0.0,0.0,0.0,0.0,5,8,0
657,Andre Roberts,The Chief,Record: 14-2-1,1,74,345.0,,Orthodox,1965-02-24,0.0,0.0,0.0,0.0,0.0,0.0,0.0,0.0,14,2,1
658,Justin Robbins,,Record: 14-18-1,-1,65,135.0,,,1980-07-29,0.67,0.37,3.2,0.47,0.0,0.0,0.0,0.0,14,18,1
659,Kali Robbins,Pop Tart,Record: 6-3-0,-1,63,115.0,63.0,Orthodox,1984-07-05,3.73,0.46,9.4,0.44,2.0,0.33,0.0,0.0,6,3,0
660,Pedro Rizzo,The Rock,Record: 20-11-0,-4,73,241.0,,Orthodox,1974-05-03,1.93,0.34,3.02,0.5,0.26,0.28,0.78,0.0,20,11,0
661,Karl Roberson,Baby K,Record: 9-6-0,-4,73,205.0,74.0,Southpaw,1990-10-04,2.57,0.51,2.42,0.57,0.72,0.4,0.4,0.5,9,6,0
662,Theo Rlayang,Jungle King,Record: 5-1-0,-1,67,145.0,65.0,Orthodox,1994-08-10,5.93,0.48,8.4,0.4,2.0,0.4,0.0,0.0,5,1,0
663,Jerome Rivera,Renegade,Record: 10-6-0,-4,70,125.0,72.0,Southpaw,1995-04-22,3.21,0.33,2.6,0.51,0.0,0.0,0.4,0.0,10,6,0
664,Nicdali Rivera-Calanoc,The Night Queen,Record: 9-10-0,-1,63,105.0,,,1985-06-12,1.82,0.2,2.42,0.78,0.0,0.0,0.0,0.0,9,10,0
665,Irwin Rivera,The Beast,Record: 10-6-0,-1,66,135.0,67.0,Southpaw,1989-02-14,3.36,0.44,5.07,0.57,1.0,0.16,0.7,0.0,10,6,0
666,Francisco Rivera,Cisco,Record: 11-7-0 (1 NC),-3,68,135.0,70.0,Orthodox,1981-10-08,4.07,0.41,3.16,0.68,1.01,0.63,0.68,0.6,11,7,0 (1 NC)
667,Jimmie Rivera,El Terror,Record: 23-5-0,-1,64,135.0,68.0,Orthodox,1989-06-29,4.03,0.4,3.9,0.6,0.88,0.27,0.92,0.1,23,5,0
668,Jorge Rivera,El Conquistador,Record: 20-9-0,1,73,185.0,73.0,Orthodox,1972-02-28,3.16,0.48,2.64,0.54,0.84,0.5,0.63,0.1,20,9,0
669,Mario Rivera,,Record: 6-8-0,-3,70,170.0,,,,0.0,0.0,8.41,0.2,0.0,0.0,0.0,0.0,6,8,0
670,Dante Rivera,,Record: 16-7-0,-1,73,185.0,,Southpaw,1974-12-08,2.27,0.53,4.0,0.25,0.0,0.0,0.16,0.0,16,7,0
671,Shannon Ritch,The Cannon,Record: 56-83-0 (4 NC),-2,69,190.0,,Orthodox,1970-09-27,1.0,1.0,6.0,0.5,0.0,0.0,0.0,0.0,56,83,0 (4 NC)
672,Diego Rivas,Pitbull,Record: 10-2-0,-2,68,145.0,69.0,Orthodox,1991-11-11,1.37,0.4,2.14,0.52,1.79,0.6,0.64,0.9,10,2,0
673,Albert Rios,,Record: 13-6-0,1,68,145.0,,,,0.0,0.0,0.0,0.0,0.0,0.0,0.0,0.0,13,6,0
674,Mike Rio,The Wolverine,Record: 10-5-0,-3,70,155.0,70.0,Orthodox,1981-07-06,1.68,0.39,2.99,0.53,2.58,0.27,0.0,1.0,10,5,0
675,Jordan Rinaldi,All Day,Record: 14-7-0,-1,70,145.0,72.0,Orthodox,1987-09-25,1.56,0.35,2.32,0.59,1.45,0.35,0.2,1.2,14,7,0
676,Rafael Rios,,Record: 4-2-0,-1,0,150.0,,,,0.0,0.0,0.0,0.0,0.0,0.0,0.0,0.0,4,2,0
677,Robbie Ring,Razor,Record: 6-1-0,-1,69,145.0,68.0,Orthodox,2000-07-14,5.11,0.38,9.15,0.38,4.04,0.33,0.0,0.0,6,1,0
678,Moise Rimbon,Swamp,Record: 23-11-3,-1,70,205.0,,Orthodox,1977-04-20,0.8,0.34,1.0,0.71,1.0,0.5,0.37,0.0,23,11,3
679,Aaron Riley,,Record: 30-14-1,-2,68,155.0,69.0,Southpaw,1980-12-09,3.45,0.34,3.78,0.61,1.18,0.34,0.6,0.1,30,14,1
680,Nick Ring,The Promise,Record: 14-4-0,-2,72,185.0,74.0,Southpaw,1979-02-10,3.52,0.42,3.48,0.62,1.36,0.36,0.52,0.3,14,4,0
681,Jeremiah Riggs,,Record: 7-8-0,1,72,185.0,,,1982-12-17,0.0,0.0,0.0,0.0,0.0,0.0,0.0,0.0,7,8,0
682,Jason Riley,The Juggernaut,Record: 10-7-0,-2,78,245.0,,,1975-09-22,0.0,0.0,9.68,0.33,0.0,0.0,0.5,0.0,10,7,0
683,Joe Riggs,Diesel,Record: 44-17-0 (1 NC),-1,72,185.0,70.0,Southpaw,1982-09-23,2.41,0.51,1.69,0.57,2.45,0.55,0.62,0.6,44,17,0 (1 NC)
684,Brad Riddell,Quake,Record: 10-4-0,-3,67,155.0,71.0,Orthodox,1991-09-30,4.71,0.53,3.53,0.53,1.77,0.36,0.63,0.0,10,4,0
685,Matthew Riddle,Deep Waters,Record: 8-3-0 (2 NC),0,73,170.0,76.0,Southpaw,1986-01-14,3.01,0.42,2.74,0.54,3.51,0.5,0.89,0.5,8,3,0 (2 NC)
686,Matt Ricehouse,,Record: 6-1-0,-1,0,155.0,,,1987-03-11,3.7,0.44,4.8,0.47,1.0,0.22,0.81,0.0,6,1,0
687,John Richard,,Record: 3-5-1,-1,0,205.0,,,1982-05-22,0.0,0.0,0.0,0.0,0.0,0.0,0.0,0.0,3,5,1
688,Rex Richards,,Record: 7-2-0,2,77,265.0,,,,17.65,0.58,5.29,0.72,0.0,0.0,0.0,0.0,7,2,0
689,Tabatha Ricci,Baby Shark,Record: 11-2-0,2,61,115.0,61.0,Orthodox,1995-02-21,4.63,0.38,5.3,0.58,2.99,0.38,0.81,0.1,11,2,0
690,Mike Ricci,The Martian,Record: 11-5-0,-1,72,155.0,76.0,Southpaw,1986-03-18,1.8,0.32,1.64,0.65,0.67,1.0,0.54,0.0,11,5,0
691,Esteban Ribovics,El Gringo,Record: 14-1-0,3,70,155.0,69.0,Orthodox,1996-04-27,7.53,0.48,4.95,0.57,0.64,0.66,0.61,0.3,14,1,0
692,Alex Ricci,,Record: 10-5-0,-2,71,155.0,,Orthodox,1982-07-21,2.48,0.41,2.53,0.64,0.0,0.0,0.64,0.0,10,5,0
693,Will Ribeiro,,Record: 10-2-0,-1,68,135.0,,Orthodox,1983-02-17,1.83,0.28,1.64,0.74,1.15,1.0,0.5,2.9,10,2,0
694,Brendson Ribeiro,The Gorilla,Record: 15-7-0 (1 NC),0,75,205.0,81.0,Orthodox,1996-09-08,3.08,0.46,3.08,0.49,2.2,0.5,0.0,0.7,15,7,0 (1 NC)
695,Vitor Ribeiro,Shaolin,Record: 20-5-0,-3,68,154.0,,Orthodox,1979-02-24,1.0,0.28,1.95,0.48,1.58,0.26,1.0,1.2,20,5,0
696,Claudio Ribeiro,,Record: 11-5-0,-2,73,185.0,77.0,Orthodox,1992-07-17,3.59,0.51,4.9,0.3,0.56,0.5,0.66,0.0,11,5,0
697,Amanda Ribas,,Record: 12-5-0,-1,63,125.0,66.0,Orthodox,1993-08-26,4.63,0.4,3.4,0.61,2.07,0.51,0.85,0.7,12,5,0
698,Mike Rhodes,Biggie,Record: 10-5-0,-3,73,170.0,74.0,Orthodox,1989-12-04,3.2,0.39,4.13,0.64,0.96,0.33,0.75,0.5,10,5,0
699,Lucrezia Ria,,Record: 8-2-0,1,66,125.0,,Orthodox,1992-06-24,4.07,0.46,4.4,0.45,1.0,0.33,0.0,0.0,8,2,0
700,Johnny Rhodes,,Record: 2-1-0,-1,72,210.0,,Orthodox,,0.0,0.0,0.0,0.0,0.0,0.0,0.0,0.0,2,1,0
701,Victor Reyna,Kelevra,Record: 11-5-0 (1 NC),-2,71,170.0,74.0,Southpaw,1986-08-05,5.8,0.63,4.75,0.42,0.0,0.0,1.0,0.0,11,5,0 (1 NC)
702,Dominick Reyes,The Devastator,Record: 13-4-0,0,76,205.0,77.0,Southpaw,1989-12-26,4.87,0.5,3.75,0.48,0.35,0.28,0.8,0.3,13,4,0
703,Alex Reyes,The Executioner,Record: 13-5-0,-3,71,155.0,73.0,Orthodox,1986-10-02,4.46,0.46,6.92,0.48,1.5,0.28,0.0,0.0,13,5,0
704,Herman Renting,,Record: 1-3-0,-1,72,215.0,,Switch,,0.0,0.0,0.0,0.0,0.0,0.0,0.0,0.0,1,3,0
705,John Renken,The Saint,Record: 18-28-4 (1 NC),-1,72,190.0,,Orthodox,,0.0,0.0,0.0,0.0,0.0,0.0,0.0,0.0,18,28,4 (1 NC)
706,Marco Polo Reyes,,Record: 8-7-0,-3,71,155.0,71.0,Orthodox,1984-11-07,6.0,0.37,5.52,0.59,0.0,0.0,0.46,0.0,8,7,0
707,Solomon Renfro,The Black Dragon,Record: 8-2-0,-1,69,170.0,72.0,Switch,1997-02-05,5.2,0.44,3.53,0.61,2.0,0.5,1.0,0.0,8,2,0
708,Marion Reneau,The Belizean Bruiser,Record: 9-8-1,-5,66,135.0,68.0,Orthodox,1977-06-20,3.2,0.41,3.52,0.59,0.62,0.63,0.5,0.8,9,8,1
709,Goran Reljic,,Record: 15-8-0,-3,75,205.0,81.0,Southpaw,1984-03-20,1.69,0.37,2.69,0.59,1.69,0.5,0.33,1.1,15,8,0
710,Chance Rencountre,Black Eagle,Record: 14-4-0,-1,74,170.0,75.0,Southpaw,1986-12-31,1.1,0.2,3.62,0.49,1.35,0.26,0.16,0.3,14,4,0
711,Montserrat Rendon,Monster,Record: 6-1-0,-1,68,135.0,68.0,Orthodox,1989-03-16,3.13,0.28,3.9,0.54,3.0,0.54,1.0,0.0,6,1,0
712,Wilson Reis,,Record: 23-10-0,-1,64,125.0,65.0,Southpaw,1985-01-06,1.83,0.29,3.04,0.55,5.15,0.42,0.47,0.6,23,10,0
713,Leigh Remedios,Bulldog,Record: 18-10-2,-1,67,155.0,,Orthodox,1976-01-13,0.75,0.41,1.36,0.68,0.0,0.0,0.33,0.0,18,10,2
714,Paulo Renato Junior,,Record: 12-3-0,-2,72,205.0,73.0,Orthodox,1994-01-25,4.89,0.45,5.18,0.56,0.0,0.0,1.0,0.0,12,3,0
715,Chad Reiner,The Grinder,Record: 33-18-0,-2,71,170.0,,Orthodox,1981-06-29,0.53,0.2,1.97,0.46,0.99,0.33,0.25,2.0,33,18,0
716,Jason Reinhardt,,Record: 20-3-0,-3,66,135.0,,Orthodox,1969-10-31,0.51,0.4,4.07,0.43,1.91,0.12,0.5,0.0,20,3,0
717,Johnny Rees,The Hater Hurter,Record: 13-5-0 (1 NC),-2,72,170.0,,Orthodox,1982-10-21,3.29,0.64,0.84,0.47,1.15,0.25,0.5,0.0,13,5,0 (1 NC)
718,Zachary Reese,Savage,Record: 8-1-0,2,76,185.0,77.0,Switch,1994-03-24,5.06,0.59,2.88,0.48,4.08,0.55,0.25,2.5,8,1,0
719,James Reese,JP,Record: 11-10-0,-1,69,155.0,,,1980-12-21,0.0,0.0,0.0,0.0,0.0,0.0,0.0,0.0,11,10,0
720,Stephen Regman,,Record: 9-4-0,-1,71,185.0,76.0,Orthodox,1991-08-05,1.41,0.6,4.93,0.23,3.52,1.0,0.0,0.0,9,4,0
721,Karl Reed,No Worries,Record: 6-1-0,-2,75,205.0,78.0,Orthodox,1988-10-27,2.04,0.44,3.84,0.38,1.06,0.22,0.53,0.0,6,1,0
722,Dennis Reed,,Record: 45-62-1,-1,0,205.0,,Orthodox,,0.0,0.0,0.0,0.0,0.0,0.0,0.0,0.0,45,62,1
723,Elise Reed,,Record: 7-4-0,0,63,115.0,63.0,Orthodox,1992-12-05,2.66,0.49,3.06,0.52,0.58,0.6,0.42,0.0,7,4,0
724,Rafael Rebello,Rafinha,Record: 9-4-0,-1,65,135.0,67.0,Orthodox,1980-10-16,2.19,0.32,3.29,0.58,2.82,0.33,0.75,0.5,9,4,0
725,Paul Redmond,Redser,Record: 12-7-0,-2,70,145.0,,Orthodox,1986-10-20,0.72,0.34,2.99,0.41,0.0,0.0,0.5,0.0,12,7,0
726,Mateusz Rebecki,,Record: 19-2-0,0,67,155.0,66.0,Southpaw,1992-11-03,4.69,0.48,4.15,0.54,4.12,0.75,0.33,1.0,19,2,0
727,Greg Rebello,Ribz,Record: 24-8-0,-2,72,240.0,73.0,Southpaw,1982-06-13,2.61,0.39,2.92,0.58,0.0,0.0,0.0,0.0,24,8,0
728,Antony Rea,Wild Thing,Record: 33-15-0,-1,72,205.0,,Orthodox,1976-07-15,2.89,0.28,5.42,0.42,0.0,0.0,1.0,0.0,33,15,0
729,Stevie Ray,Braveheart,Record: 23-9-0,1,70,155.0,70.0,Southpaw,1990-03-25,3.73,0.44,2.93,0.54,0.75,0.46,0.55,0.6,23,9,0
730,Gideon Ray,,Record: 17-15-1,-3,70,185.0,,Southpaw,1973-05-27,2.08,0.4,2.58,0.53,1.49,1.0,0.0,0.0,17,15,1
731,Abdul Razak Alhassan,,Record: 12-6-0 (1 NC),0,70,185.0,73.0,Orthodox,1985-08-11,3.62,0.49,3.97,0.55,0.88,0.38,0.51,0.2,12,6,0 (1 NC)
732,Joe Ray,,Record: 13-0-0,-2,0,170.0,,,1984-12-17,0.0,0.0,0.0,0.0,0.0,0.0,0.0,0.0,13,0,0
733,Bec Rawlings,Rowdy,Record: 7-8-0,-4,66,125.0,64.0,Orthodox,1989-02-11,4.48,0.42,5.66,0.57,0.71,0.4,0.68,0.4,7,8,0
734,Hussain Rasouli,,Record: 2-3-0,-1,66,135.0,,,,0.0,0.0,0.0,0.0,0.0,0.0,0.0,0.0,2,3,0
735,David Rasouri,,Record: 2-3-0,1,67,155.0,,,,0.0,0.0,0.0,0.0,0.0,0.0,0.0,0.0,2,3,0
736,Ed Ratcliff,9mm,Record: 7-3-0,-2,70,155.0,71.0,Orthodox,1983-03-05,2.71,0.38,2.96,0.63,0.28,0.16,0.53,0.0,7,3,0
737,Mitch Raposo,,Record: 9-2-0,-2,65,125.0,64.0,Switch,1998-10-16,2.29,0.33,3.32,0.51,1.94,0.6,0.5,0.0,9,2,0
738,Raou Raou,,Record: 0-1-0,-1,68,195.0,,Orthodox,,2.01,0.16,6.75,0.6,0.0,0.0,0.0,0.0,0,1,0
739,Ricardo Ramos,,Record: 17-6-0,1,69,145.0,72.0,Orthodox,1995-08-01,3.03,0.36,3.85,0.55,2.77,0.61,0.72,0.8,17,6,0
740,Kevin Randleman,The Monster,Record: 17-16-0,-7,70,205.0,,Orthodox,1971-08-10,1.26,0.54,1.12,0.57,2.0,0.56,0.3,0.8,17,16,0
741,Davi Ramos,Tasmanian Devil,Record: 10-4-0,-2,66,155.0,70.0,Orthodox,1986-11-05,2.64,0.37,3.44,0.56,1.95,0.4,0.83,0.6,10,4,0
742,Vernon Ramos Ho,,Record: 3-1-0,-1,66,170.0,,Orthodox,1992-06-03,4.0,0.25,8.0,0.55,0.0,0.0,0.0,0.0,3,1,0
743,Dorian Ramos,,Record: 8-3-0,-1,68,145.0,70.0,Orthodox,1993-12-31,2.3,0.52,2.67,0.47,1.82,0.25,0.33,0.0,8,3,0
744,Ian Rammel,,Record: 7-8-0,-1,72,185.0,,,1985-07-22,0.0,0.0,0.0,0.0,0.0,0.0,0.0,0.0,7,8,0
745,Luis Ramos,Beicao,Record: 20-10-2,-2,68,170.0,,Orthodox,1981-01-18,2.4,0.35,5.6,0.42,1.5,0.2,1.0,0.0,20,10,2
746,Mitch Ramirez,,Record: 8-2-0,-2,71,155.0,71.0,Orthodox,1992-11-03,2.37,0.42,3.34,0.36,0.91,1.0,0.0,0.0,8,2,0
747,Hector Ramirez,Sick Dog,Record: 10-6-1,-3,72,205.0,,Orthodox,1976-03-28,2.27,0.41,4.6,0.56,2.3,0.55,0.66,0.5,10,6,1
748,Thomas Ramirez,,Record: 0-1-0,-1,73,410.0,,Sideways,,0.0,0.0,0.0,0.0,0.0,0.0,0.0,0.0,0,1,0
749,Zygimantas Ramaska,,Record: 9-3-0,-1,71,145.0,71.0,Orthodox,1996-12-27,0.96,0.6,2.25,0.3,0.0,0.0,0.33,2.4,9,3,0
750,Jessica Rakoczy,The Ragin',Record: 1-5-0 (1 NC),-2,67,115.0,,Orthodox,1977-04-14,2.5,0.44,3.55,0.64,0.75,0.2,0.0,0.8,1,5,0 (1 NC)
751,Aleksandar Rakic,Rocket,Record: 14-4-0,0,76,205.0,78.0,Orthodox,1992-02-06,4.26,0.5,2.8,0.5,0.76,0.25,0.85,0.1,14,4,0
752,Shavkat Rakhmonov,Nomad,Record: 18-0-0,6,73,170.0,77.0,Orthodox,1994-10-23,4.12,0.61,2.41,0.51,1.49,0.29,1.0,1.8,18,0,0
753,Amir Rahnavardi,,Record: 11-10-0,-2,72,205.0,,Orthodox,1974-12-07,0.67,0.25,0.0,1.0,0.0,0.0,0.5,0.0,11,10,0
754,Ricky Rainey,The Sniper,Record: 12-6-0,-2,73,170.0,77.0,Switch,1983-06-29,2.55,0.48,2.62,0.46,0.95,0.18,0.55,0.0,12,6,0
755,Loik Radzhabov,The Tajik Tank,Record: 18-6-1,-1,71,155.0,69.0,Orthodox,1990-09-17,2.89,0.44,3.76,0.46,4.65,0.57,0.42,0.0,18,6,1
756,Gilbert Rael,,Record: 1-3-0,-1,68,155.0,,,,0.0,0.0,7.46,0.37,4.86,1.0,0.0,0.0,1,3,0
757,Josh Rafferty,,Record: 9-8-0,-1,72,170.0,,Orthodox,1981-01-06,0.6,0.33,3.6,0.5,0.0,0.0,0.0,9.0,9,8,0
758,Charles Radtke,Chuck Buffalo,Record: 9-4-0,-1,69,170.0,72.0,Orthodox,1990-07-09,3.22,0.52,3.05,0.55,0.61,0.12,1.0,0.0,9,4,0
759,Benji Radach,Razor,Record: 21-7-0 (1 NC),-2,70,185.0,,Orthodox,1979-04-05,2.62,0.49,2.31,0.51,1.06,0.41,0.71,0.4,21,7,0 (1 NC)
760,Jordan Radev,,Record: 23-5-0,-2,67,185.0,,Southpaw,1976-09-28,1.35,0.23,2.38,0.66,0.0,0.0,0.8,0.0,23,5,0
761,Mohammed Usman,The Motor,Record: 11-4-0,-2,74,239.0,79.0,Orthodox,1989-04-01,3.41,0.36,4.41,0.5,0.69,0.17,0.6,0.0,11,4,0
762,Gilbert Urbina,The RGV Bad Boy,Record: 7-4-0,-1,75,170.0,75.0,Orthodox,1996-04-05,5.61,0.57,4.61,0.44,3.01,0.44,0.0,0.8,7,4,0
763,Elias Urbina,,Record: 3-1-0,-1,75,185.0,77.0,Southpaw,1993-10-09,3.85,0.37,6.17,0.5,0.0,0.0,0.0,0.0,3,1,0
764,Yasuhiro Urushitani,,Record: 21-8-6,-2,65,125.0,,Southpaw,1976-09-08,3.47,0.39,4.71,0.65,0.0,0.0,0.8,0.0,21,8,6
765,Nick Urso,,Record: 10-3-0 (1 NC),-1,66,125.0,66.0,Southpaw,1985-09-26,3.61,0.45,5.06,0.36,0.0,0.0,0.0,0.0,10,3,0 (1 NC)
766,Kamaru Usman,The Nigerian Nightmare,Record: 20-4-0,-3,72,170.0,76.0,Switch,1987-05-11,4.36,0.52,2.74,0.54,2.82,0.45,0.89,0.1,20,4,0
767,Logan Urban,Hulk,Record: 5-1-0 (1 NC),0,72,170.0,72.0,Orthodox,1994-04-22,2.55,0.66,16.6,0.27,0.0,0.0,0.0,0.0,5,1,0 (1 NC)
768,Kengo Ura,Uraken,Record: 14-12-2,-1,69,165.0,,,1981-06-20,1.05,0.37,2.38,0.48,2.85,0.28,0.5,1.4,14,12,2
769,Hector Urbina,El Toro,Record: 17-10-1,-2,71,170.0,73.0,Orthodox,1987-09-17,0.97,0.38,2.44,0.39,0.0,0.0,0.38,3.8,17,10,1
770,Caol Uno,Uno Shoten,Record: 33-19-5,-1,67,155.0,70.0,Southpaw,1975-05-08,1.91,0.49,1.9,0.5,1.95,0.31,0.37,0.5,33,19,5
771,Zach Underwood,,Record: 13-7-0,1,74,185.0,,,,0.0,0.0,0.0,0.0,0.0,0.0,0.0,0.0,13,7,0
772,Jeremy Umphries,,Record: 5-2-0,1,0,160.0,,,,0.0,0.0,0.0,0.0,0.0,0.0,0.0,0.0,5,2,0
773,Carlos Ulberg,Black Jag,Record: 11-1-0,6,76,205.0,77.0,Orthodox,1990-11-07,7.41,0.59,3.6,0.52,0.95,0.75,0.75,0.3,11,1,0
774,Andy Uhrich,,Record: 11-6-0,1,72,170.0,,,,0.0,0.0,0.0,0.0,0.0,0.0,0.0,0.0,11,6,0
775,Gasan Umalatov,Cobra,Record: 17-4-2,-2,71,170.0,71.0,Orthodox,1982-09-11,2.23,0.39,4.1,0.59,0.75,0.17,0.9,0.0,17,4,2
776,Tagir Ulanbekov,,Record: 15-2-0,2,67,125.0,70.0,Southpaw,1991-08-07,3.22,0.45,3.3,0.51,3.71,0.46,0.61,2.1,15,2,0
777,Ryuki Ueyama,,Record: 12-18-5 (1 NC),-2,71,180.0,,Southpaw,1976-04-17,0.13,0.21,1.4,0.46,0.5,1.0,0.0,1.5,12,18,5 (1 NC)
778,Christian Uflacker,,Record: 5-0-0,1,71,170.0,,,1985-08-04,0.0,0.0,0.0,0.0,0.0,0.0,0.0,0.0,5,0,0
779,Takeru Uchida,,Record: 6-1-0,1,65,125.0,68.0,Southpaw,2002-09-30,0.0,0.0,0.0,0.0,0.0,0.0,0.0,4.4,6,1,0
780,CM Punk,,Record: 0-1-0 (1 NC),0,73,170.0,73.0,Orthodox,1978-10-26,1.1,0.23,4.87,0.4,0.87,0.11,0.0,0.0,0,1,0 (1 NC)
781,Michel Quinones,El Capo,Record: 8-3-0,-2,70,155.0,73.0,Orthodox,1984-12-22,2.91,0.29,5.98,0.48,0.0,0.0,0.36,0.0,8,3,0
782,Alberto Uda,,Record: 12-2-0,-2,75,185.0,,Orthodox,1984-08-08,1.79,0.52,3.49,0.45,2.83,0.5,0.66,0.0,12,2,0
783,Andrey Pulyaev,,Record: 9-2-0,1,76,185.0,78.0,Southpaw,1997-09-10,6.53,0.68,3.0,0.47,1.0,0.5,0.8,0.0,9,2,0
784,Cristian Quinonez,Problema,Record: 18-5-0,-2,68,135.0,70.0,Orthodox,1996-04-26,4.19,0.4,4.55,0.55,1.37,0.37,0.84,0.0,18,5,0
785,Landon Quinones,The Lone Wolf,Record: 7-3-1,-2,69,155.0,70.0,Southpaw,1995-11-21,6.77,0.4,7.7,0.55,0.5,0.33,1.0,0.0,7,3,1
786,Jimmy Quinlan,Crash,Record: 3-1-1,-1,72,185.0,,Orthodox,1986-05-25,2.08,0.7,5.94,0.16,4.46,0.25,0.0,0.0,3,1,1
787,Jose Quinonez,Teco,Record: 9-5-0,-2,68,135.0,69.0,Southpaw,1990-07-28,3.6,0.45,3.0,0.64,2.7,0.47,0.42,0.6,9,5,0
788,Josh Quinlan,Bushido,Record: 6-3-0 (1 NC),-3,72,170.0,72.0,Orthodox,1993-02-06,3.57,0.42,6.38,0.53,0.34,0.11,0.71,0.0,6,3,0 (1 NC)
789,Vinicius Queiroz,Spartan,Record: 8-4-0,-1,79,220.0,,Orthodox,1983-08-29,3.67,0.51,4.1,0.41,5.07,0.7,1.0,0.7,8,4,0
790,Nate Quarry,Rock,Record: 12-4-0,-1,72,185.0,72.0,Open Stance,1972-03-18,4.96,0.44,2.8,0.66,0.25,0.33,0.6,0.0,12,4,0
791,Billy Quarantillo,,Record: 18-6-0,-1,70,145.0,70.0,Orthodox,1988-12-08,7.36,0.56,5.57,0.43,1.24,0.23,0.61,1.1,18,6,0
792,Gary Quan,,Record: 3-5-0,-1,68,143.0,,,1971-04-11,0.0,0.0,0.0,0.0,0.0,0.0,0.0,0.0,3,5,0
793,Qiu Lun,Tibetan Knight,Record: 16-9-0,-1,68,125.0,66.0,Southpaw,1997-07-08,3.51,0.46,1.78,0.67,0.67,0.18,0.68,0.0,16,9,0
794,Jens Pulver,Little Evil,Record: 27-19-1,-5,67,145.0,70.0,Southpaw,1974-12-06,2.12,0.37,3.13,0.56,0.22,0.33,0.63,0.3,27,19,1
795,Josh Pulsifer,The Platypus,Record: 17-8-0,1,70,145.0,,,1983-03-16,0.0,0.0,0.0,0.0,0.0,0.0,0.0,0.0,17,8,0
796,Bao Quach,,Record: 19-10-1,1,63,145.0,,Orthodox,1979-09-04,0.0,0.0,0.0,0.0,0.0,0.0,0.0,0.0,19,10,1
797,Juan Manuel Puig,Fenix,Record: 11-4-0,-2,69,145.0,,Orthodox,1989-04-23,4.91,0.23,7.17,0.51,0.0,0.0,0.0,0.0,11,4,0
798,Juan Puerta,Leadfeather,Record: 23-6-0,1,69,125.0,71.0,Southpaw,1988-01-20,1.27,0.39,1.27,0.67,1.0,1.0,0.0,0.0,23,6,0
799,Daniel Puder,,Record: 8-0-0,4,75,235.0,,Orthodox,1981-10-09,2.77,0.68,1.17,0.38,1.21,0.5,0.81,9.0,8,0,0
800,Cole Province,,Record: 6-2-0 (1 NC),-1,69,145.0,68.0,Orthodox,1981-01-17,1.47,0.44,2.72,0.43,2.4,0.5,0.83,1.0,6,2,0 (1 NC)
801,Claudio Puelles,Prince of Peru,Record: 13-4-0,-2,70,155.0,72.0,Southpaw,1996-04-21,1.56,0.49,2.78,0.46,3.17,0.36,0.6,1.2,13,4,0
802,Joe Proctor,,Record: 11-5-0,-2,70,155.0,72.0,Orthodox,1985-08-10,3.39,0.36,3.93,0.59,0.0,0.0,0.7,1.8,11,5,0
803,Lucie Pudilova,,Record: 14-10-0,-3,68,125.0,67.0,Orthodox,1994-06-13,3.6,0.37,4.07,0.5,0.7,0.31,0.67,0.6,14,10,0
804,Jiri Prochazka,,Record: 30-5-1,-1,75,205.0,80.0,Orthodox,1992-10-14,5.38,0.55,5.59,0.39,0.72,0.6,0.68,0.2,30,5,1
805,Chris Price,The Exorcist,Record: 19-4-0,-2,74,185.0,,Southpaw,1982-11-09,1.44,0.66,2.59,0.48,0.0,0.0,0.33,2.2,19,4,0
806,Lara Procopio,,Record: 7-2-0,-1,64,125.0,67.0,Orthodox,1995-11-14,5.64,0.58,6.5,0.47,3.15,0.47,0.5,0.3,7,2,0
807,Shane Primm,,Record: 5-5-0,-1,75,205.0,,Orthodox,1984-07-30,0.83,0.26,2.25,0.62,1.78,0.2,0.0,0.0,5,5,0
808,Niko Price,The Hybrid,Record: 16-7-0 (2 NC),0,72,170.0,76.0,Orthodox,1989-09-29,5.65,0.43,5.69,0.49,1.15,0.32,0.62,0.6,16,7,0 (2 NC)
809,Kyle Prepolec,,Record: 12-7-0,-2,70,170.0,70.0,Southpaw,1989-08-30,3.2,0.34,4.7,0.54,0.0,0.0,0.4,0.0,12,7,0
810,Dorian Price,,Record: 8-5-0,-1,75,170.0,,Southpaw,1977-08-20,0.0,0.0,0.0,0.0,0.0,0.0,0.0,0.0,8,5,0
811,Michel Prazeres,Tractor,Record: 26-4-0,-2,66,170.0,67.0,Orthodox,1981-07-25,2.38,0.47,2.51,0.57,3.94,0.36,0.47,0.6,26,4,0
812,Philip Preece,,Record: 10-14-0,-1,68,205.0,,Orthodox,,0.8,0.72,0.7,0.63,0.0,0.0,0.0,0.0,10,14,0
813,Carlos Prates,The Nightmare,Record: 20-6-0,4,73,170.0,78.0,Switch,1993-08-17,4.71,0.57,5.02,0.48,0.0,0.0,0.8,0.0,20,6,0
814,Carlo Prater,Neo,Record: 31-18-1,-2,71,155.0,72.0,Switch,1981-06-25,2.03,0.47,4.07,0.35,0.43,0.09,0.57,1.7,31,18,1
815,Ricardo Prasel,Alemao,Record: 10-2-0,-1,79,238.0,78.0,Orthodox,1990-06-02,2.21,0.57,7.83,0.37,0.0,0.0,0.0,0.0,10,2,0
816,Francisco Prado,,Record: 12-2-0,-1,70,155.0,69.0,Orthodox,2002-06-16,4.58,0.41,5.66,0.52,0.0,0.0,0.25,0.4,12,2,0
817,Marcin Prachnio,,Record: 17-8-0,-1,75,205.0,74.0,Orthodox,1988-07-14,5.57,0.54,3.24,0.54,0.15,0.2,0.53,0.0,17,8,0
818,Trevor Prangley,,Record: 34-11-2,-3,73,185.0,75.0,Orthodox,1972-08-24,2.59,0.6,2.02,0.48,3.38,0.55,0.74,1.0,34,11,2
819,Devin Powell,,Record: 9-4-0,-1,72,155.0,73.0,Orthodox,1988-03-01,2.88,0.41,3.67,0.51,0.0,0.0,0.0,0.6,9,4,0
820,Wagner Prado,Caldeirao,Record: 12-3-0 (1 NC),-2,72,205.0,74.0,Southpaw,1986-12-30,1.72,0.4,3.06,0.5,0.0,0.0,0.22,0.0,12,3,0 (1 NC)
821,Ruan Potts,Fangzz,Record: 11-6-0,-3,74,247.0,75.0,Orthodox,1978-02-23,0.85,0.37,5.92,0.22,0.75,0.16,0.33,2.3,11,6,0
822,Dylan Potter,Big Poppa,Record: 10-6-0,-1,74,225.0,77.0,Switch,1995-01-14,3.1,0.48,5.78,0.46,0.0,0.0,0.33,1.1,10,6,0
823,Felipe Portela,Balboa,Record: 9-2-0,-1,0,170.0,,,1987-11-23,0.0,0.0,0.0,0.0,0.0,0.0,0.0,0.0,9,2,0
824,Callan Potter,The Rockstar,Record: 18-9-0,-1,72,170.0,72.0,Orthodox,1984-06-09,3.18,0.5,4.72,0.58,3.29,0.66,1.0,0.0,18,9,0
825,Ihor Potieria,Duelist,Record: 20-6-0,0,75,185.0,75.0,Southpaw,1996-05-29,5.13,0.5,5.04,0.51,0.0,0.0,0.57,0.0,20,6,0
826,Parker Porter,,Record: 14-9-0,-1,72,265.0,75.0,Orthodox,1985-04-22,6.55,0.5,6.32,0.51,1.35,0.26,0.66,0.5,14,9,0
827,Grigory Popov,,Record: 13-3-0,-2,67,135.0,68.0,Switch,1984-04-18,3.63,0.37,4.2,0.55,0.0,0.0,0.45,0.0,13,3,0
828,Alexander Poppeck,,Record: 9-3-0,-1,74,205.0,,Orthodox,1992-04-06,4.01,0.57,9.81,0.33,0.0,0.0,0.0,0.0,9,3,0
829,Santiago Ponzinibbio,Argentine Dagger,Record: 30-8-0,-2,72,170.0,73.0,Orthodox,1986-09-26,4.74,0.41,4.55,0.61,0.59,0.32,0.66,0.0,30,8,0
830,Julia Polastri,Psycho,Record: 12-4-0,-1,62,115.0,63.0,Orthodox,1998-03-05,5.45,0.52,6.32,0.57,1.54,1.0,0.42,0.8,12,4,0
831,Mike Polchlopek,Mike Barton,Record: 1-1-0,-1,76,285.0,,Orthodox,1965-12-27,2.0,0.38,1.33,0.57,0.0,0.0,0.0,0.0,1,1,0
832,John Polakowski,Buckets of Blood,Record: 2-2-0,-1,70,155.0,,Orthodox,1981-06-21,2.6,0.26,2.83,0.5,0.0,0.0,0.87,0.7,2,2,0
833,Igor Pokrajac,The Duke,Record: 28-13-0 (1 NC),-4,72,205.0,74.0,Orthodox,1979-01-02,2.25,0.45,4.26,0.4,0.87,0.29,0.51,0.2,28,13,0 (1 NC)
834,Ross Pointon,The Gladiator,Record: 6-17-0,-3,68,170.0,,Orthodox,1980-02-18,2.62,0.23,2.77,0.58,1.19,1.0,0.0,0.0,6,17,0
835,Jamal Pogues,,Record: 11-4-0,1,75,205.0,77.0,Orthodox,1995-12-01,3.36,0.44,4.17,0.5,2.4,0.48,0.77,0.0,11,4,0
836,Dustin Poirier,The Diamond,Record: 30-9-0 (1 NC),-1,69,155.0,72.0,Southpaw,1989-01-19,5.3,0.5,4.33,0.52,1.24,0.36,0.64,1.3,30,9,0 (1 NC)
837,Pingyuan Liu,,Record: 13-7-0,-2,66,135.0,72.0,Orthodox,1993-02-13,2.36,0.33,2.99,0.54,0.25,0.2,0.56,1.0,13,7,0
838,Gaetano Pirrello,El Tigre,Record: 15-7-1,-2,67,135.0,65.0,Orthodox,1992-04-29,0.99,0.55,2.44,0.42,0.0,0.0,0.3,0.0,15,7,1
839,Paddy Pimblett,The Baddy,Record: 22-3-0,6,70,155.0,73.0,Orthodox,1995-01-03,4.94,0.53,3.75,0.4,0.91,0.25,0.52,2.1,22,3,0
840,Luana Pinheiro,,Record: 11-3-0,0,62,115.0,62.0,Orthodox,1992-11-18,3.57,0.4,4.17,0.63,2.24,0.33,0.66,0.2,11,3,0
841,Maki Pitolo,Coconut Bombz,Record: 13-9-0,-4,70,185.0,75.0,Orthodox,1990-11-24,4.1,0.44,3.93,0.55,2.24,0.52,0.5,0.8,13,9,0
842,Jesus Pinedo,El Mudo,Record: 16-5-1,-1,70,155.0,,Southpaw,1996-06-22,3.23,0.38,4.37,0.52,2.5,1.0,1.0,0.0,16,5,1
843,Daniel Pineda,The Pit,Record: 28-16-0 (3 NC),0,67,145.0,69.0,Orthodox,1985-08-06,2.96,0.48,3.34,0.44,1.61,0.24,0.48,1.5,28,16,0 (3 NC)
844,Domingo Pilarte,Son of Fire,Record: 8-3-0 (1 NC),-1,72,135.0,73.0,Southpaw,1990-01-05,1.31,0.47,2.96,0.4,1.2,0.42,0.54,0.8,8,3,0 (1 NC)
845,Jonathan Piersma,Warhawk,Record: 9-3-0 (1 NC),-1,71,170.0,73.0,Orthodox,1996-03-03,0.4,0.42,0.87,0.31,0.0,0.0,0.36,3.0,9,3,0 (1 NC)
846,Joao Pierini,,Record: 4-1-0,-1,73,155.0,,Switch,1971-12-11,0.76,0.14,4.56,0.33,0.0,0.0,0.0,0.0,4,1,0
847,Sean Pierson,The Punisher,Record: 14-6-0,3,72,170.0,76.0,Southpaw,1976-03-10,3.84,0.39,3.73,0.64,0.39,0.18,0.66,0.4,14,6,0
848,Mike Pierce,,Record: 17-7-0,-2,68,170.0,71.0,Orthodox,1980-09-01,2.62,0.42,2.36,0.62,3.08,0.42,0.71,0.2,17,7,0
849,Oskar Piechota,Imadlo,Record: 11-3-1 (1 NC),0,72,185.0,76.0,Southpaw,1990-01-24,3.3,0.52,3.93,0.51,0.61,0.4,0.38,1.5,11,3,1 (1 NC)
850,Jamie Pickett,The Night Wolf,Record: 13-11-0,-5,74,185.0,80.0,Orthodox,1988-08-29,2.65,0.47,3.62,0.5,1.26,0.4,0.67,0.1,13,11,0
851,Brad Pickett,One Punch,Record: 25-14-0,-3,66,135.0,68.0,Orthodox,1978-09-24,3.02,0.31,4.63,0.55,2.47,0.44,0.58,0.4,25,14,0
852,Nick Piccininni,,Record: 7-0-0,0,66,125.0,66.0,Orthodox,1996-12-16,2.13,0.47,5.07,0.3,6.0,0.37,1.0,0.0,7,0,0
853,Vinc Pichel,From Hell,Record: 14-4-0,-2,70,155.0,72.0,Orthodox,1982-11-23,3.62,0.46,3.05,0.55,2.78,0.54,0.25,0.2,14,4,0
854,Mario Piazzon,,Record: 8-0-0,1,69,265.0,73.0,Orthodox,1998-04-06,1.35,0.73,1.16,0.4,18.87,0.5,0.5,0.0,8,0,0
855,John Phillips,The Welsh Wrecking Machine,Record: 22-11-0 (1 NC),-2,71,185.0,75.0,Southpaw,1985-06-09,1.72,0.34,4.03,0.49,0.0,0.0,0.07,0.0,22,11,0 (1 NC)
856,Kyler Phillips,The Matrix,Record: 12-2-0,0,68,135.0,72.0,Orthodox,1995-06-12,5.72,0.45,3.38,0.61,2.41,0.46,0.75,0.5,12,2,0
857,Aaron Phillips,The Dragon,Record: 12-5-0,-4,69,135.0,71.0,Southpaw,1989-08-05,1.51,0.53,3.66,0.43,0.86,0.5,0.44,0.6,12,5,0
858,Elizabeth Phillips,,Record: 6-6-0,-1,66,135.0,65.0,Orthodox,1986-08-20,2.6,0.33,3.07,0.58,0.75,0.25,0.53,0.2,6,6,0
859,Wayne Phillips,,Record: 7-7-0,-1,0,185.0,,,1983-06-17,0.0,0.0,0.0,0.0,0.0,0.0,0.0,0.0,7,7,0
860,Dave Phillips,The Rockstar,Record: 13-7-0,-1,72,185.0,,Orthodox,1980-01-12,0.0,0.0,2.0,0.25,0.0,0.0,0.0,10.0,13,7,0
861,Cody Pfister,The Fist,Record: 13-6-1,-2,70,155.0,73.0,Orthodox,1990-07-12,1.41,0.25,2.8,0.51,2.82,0.3,0.0,0.0,13,6,1
862,Constantinos Philippou,,Record: 13-5-0 (1 NC),-1,71,185.0,73.0,Orthodox,1979-11-29,2.19,0.35,2.73,0.54,0.4,0.42,0.65,0.3,13,5,0 (1 NC)
863,Nam Phan,,Record: 21-17-0,-3,66,135.0,70.0,Orthodox,1983-03-13,4.52,0.37,6.55,0.59,0.18,0.18,0.6,0.2,21,17,0
864,Dino Pezao,,Record: 1-3-0,-1,0,205.0,,Orthodox,,0.66,0.3,3.28,0.31,0.0,0.0,0.0,0.0,1,3,0
865,Forrest Petz,The Meat Cleaver,Record: 26-10-0,-3,69,170.0,71.0,Orthodox,1975-09-22,2.27,0.29,2.2,0.57,1.3,1.0,0.66,0.0,26,10,0
866,Sergio Pettis,,Record: 18-5-0,1,66,125.0,69.0,Orthodox,1993-08-18,3.88,0.37,2.91,0.65,0.85,0.4,0.67,0.4,18,5,0
867,Seth Petruzelli,The Silverback,Record: 14-8-0,-2,72,205.0,76.0,Orthodox,1979-12-03,2.17,0.41,2.08,0.55,0.46,0.5,0.47,2.3,14,8,0
868,Anthony Pettis,Showtime,Record: 24-10-0,2,70,155.0,72.0,Orthodox,1987-01-27,3.05,0.47,3.44,0.54,0.61,0.5,0.6,1.1,24,10,0
869,Peter Petties,The Joker,Record: 5-3-0 (1 NC),-1,71,145.0,72.0,Southpaw,1990-12-20,2.61,0.29,8.24,0.48,0.0,0.0,0.0,0.0,5,3,0 (1 NC)
870,Ivana Petrovic,,Record: 7-1-0,0,68,125.0,70.0,Southpaw,1994-06-11,2.19,0.42,2.45,0.53,2.83,0.5,0.6,1.7,7,1,0
871,Armen Petrosyan,Superman,Record: 9-3-0,0,75,185.0,71.0,Orthodox,1990-11-02,5.69,0.52,2.9,0.56,0.22,0.33,0.31,0.0,9,3,0
872,Steven Peterson,Ocho,Record: 19-11-0,-2,70,145.0,70.0,Orthodox,1990-05-29,4.76,0.4,5.94,0.53,1.42,0.26,0.64,0.7,19,11,0
873,Cory Peterson,LA Giant,Record: 2-1-0,-1,83,400.0,,Orthodox,,2.17,0.6,6.51,0.4,0.0,0.0,0.0,0.0,2,1,0
874,Vitor Petrino,,Record: 11-1-0,-1,74,205.0,77.0,Orthodox,1997-08-28,2.82,0.45,2.58,0.45,3.98,0.66,0.71,0.8,11,1,0
875,Andre Petroski,,Record: 12-4-0,2,72,185.0,73.0,Switch,1991-06-12,2.77,0.5,2.46,0.52,3.91,0.56,0.8,1.7,12,4,0
876,Thomas Petersen,The Train,Record: 9-2-0,1,73,264.0,74.0,Southpaw,1995-03-30,4.32,0.61,3.96,0.57,2.49,0.42,1.0,0.4,9,2,0
877,Leiticia Pestova,,Record: 0-2-0,-1,66,135.0,,Orthodox,1984-01-15,0.0,0.0,24.62,0.44,0.0,0.0,0.0,0.0,0,2,0
878,Tony Petarra,,Record: 2-3-1,-1,71,196.0,,Orthodox,,0.0,0.0,0.0,0.0,0.0,0.0,0.0,0.0,2,3,1
879,Viktor Pesta,,Record: 10-4-0,-3,75,240.0,77.0,Orthodox,1990-07-15,1.58,0.36,2.54,0.56,3.29,0.28,1.0,0.0,10,4,0
880,Tommy Petersen,,Record: 2-3-0,-1,0,155.0,,,,0.0,0.0,0.0,0.0,0.0,0.0,0.0,0.0,2,3,0
881,Mike Perry,Platinum,Record: 14-8-0,-2,70,170.0,71.0,Orthodox,1991-09-15,4.32,0.47,5.16,0.52,0.81,0.4,0.78,0.2,14,8,0
882,Thiago Perpetuo,Bodao,Record: 9-4-1,-2,70,170.0,,Orthodox,1987-12-14,5.39,0.69,3.51,0.51,2.82,0.5,0.66,0.0,9,4,1
883,Anthony Perosh,The Hippo,Record: 15-10-0,-2,75,205.0,75.0,Orthodox,1972-10-05,2.27,0.43,3.77,0.53,2.03,0.22,0.33,1.1,15,10,0
884,Raphael Pessoa,Bebezao,Record: 10-2-0,-1,75,262.0,78.0,Orthodox,1989-03-09,2.16,0.26,3.43,0.42,0.0,0.0,1.0,0.0,10,2,0
885,Hernani Perpetuo,,Record: 18-5-0 (1 NC),-2,72,170.0,,Orthodox,1985-05-24,2.73,0.29,4.37,0.55,0.0,0.0,0.37,0.5,18,5,0 (1 NC)
886,Jay Perrin,The Joker,Record: 10-7-0,-4,67,135.0,67.0,Switch,1993-06-15,3.71,0.46,3.9,0.44,2.83,0.52,0.58,0.0,10,7,0
887,Ailin Perez,Fiona,Record: 10-2-0,0,65,135.0,66.0,Switch,1994-10-05,2.91,0.58,1.35,0.57,5.19,0.51,0.75,0.0,10,2,0
888,Alex Perez,,Record: 25-9-0,-1,66,125.0,65.0,Orthodox,1992-03-21,4.19,0.46,3.2,0.58,2.04,0.46,0.77,0.8,25,9,0
889,Frankie Perez,,Record: 10-4-0,-2,71,155.0,73.0,Orthodox,1989-05-11,1.64,0.41,2.17,0.54,1.75,0.41,0.5,0.3,10,4,0
890,Markus Perez,Maluko,Record: 12-5-0,-3,73,185.0,73.0,Orthodox,1988-06-22,2.6,0.47,3.72,0.52,0.81,0.25,0.77,1.0,12,5,0
891,Erik Perez,Goyito,Record: 17-6-0,3,68,135.0,68.0,Orthodox,1989-11-19,3.16,0.4,2.09,0.66,3.16,0.55,0.69,0.2,17,6,0
892,Alejandro Perez,Turbo,Record: 23-9-1,-1,66,135.0,67.0,Orthodox,1989-09-02,3.45,0.35,3.18,0.61,0.54,0.22,0.7,0.3,23,9,1
893,Philip Perez,,Record: 7-5-1 (2 NC),1,65,155.0,,Southpaw,,1.36,1.0,0.68,0.66,10.23,1.0,0.0,10.2,7,5,1 (2 NC)
894,Rolando Perez,,Record: 7-5-2,1,68,135.0,,Orthodox,,4.23,0.36,4.83,0.63,0.0,0.0,1.0,0.0,7,5,2
895,Alex Pereira,Poatan,Record: 11-2-0,0,76,205.0,79.0,Orthodox,1987-07-07,5.23,0.63,3.51,0.51,0.17,1.0,0.7,0.3,11,2,0
896,Ray Perales,Relentless,Record: 13-22-0,-1,70,170.0,,Orthodox,,0.18,0.25,2.39,0.32,0.0,0.0,0.33,0.0,13,22,0
897,Jerron Peoples,,Record: 4-3-0,-2,72,170.0,,,1982-05-04,0.0,0.0,0.0,0.0,0.0,0.0,0.0,0.0,4,3,0
898,Michel Pereira,Demolidor,Record: 31-11-0 (2 NC),0,73,185.0,73.0,Orthodox,1993-10-06,5.16,0.54,3.7,0.58,1.53,0.55,0.94,0.8,31,11,0 (2 NC)
899,Godofredo Pepey,,Record: 13-6-0,-2,67,145.0,73.0,Orthodox,1987-07-02,2.32,0.38,3.23,0.47,0.37,0.07,0.35,1.5,13,6,0
900,Tecia Pennington,Tiny Tornado,Record: 13-7-0,0,61,115.0,60.0,Orthodox,1989-08-16,4.78,0.47,3.59,0.61,0.61,0.14,0.65,0.1,13,7,0
901,Robert Peralta,Problems,Record: 18-8-0 (1 NC),-2,68,145.0,71.0,Orthodox,1986-03-14,3.76,0.44,2.97,0.53,0.59,0.66,0.65,0.0,18,8,0 (1 NC)
902,Raquel Pennington,Rocky,Record: 16-9-0,0,67,135.0,67.0,Orthodox,1988-09-05,4.14,0.52,3.29,0.6,0.9,0.27,0.63,0.7,16,9,0
903,Viviane Pereira,Sucuri,Record: 13-2-0,-2,61,115.0,63.0,Orthodox,1993-08-28,2.7,0.3,4.48,0.58,0.25,1.0,0.28,0.2,13,2,0
904,Nick Penner,The Quiet Assassin,Record: 11-3-0,-2,76,205.0,,Southpaw,1980-03-26,1.25,0.3,4.6,0.38,0.0,0.0,0.4,0.0,11,3,0
905,Justin Pennington,,Record: 3-3-0,-1,64,,,,,0.0,0.0,0.0,0.0,0.0,0.0,0.0,0.0,3,3,0
906,Cathal Pendred,The Punisher,Record: 17-4-1,-2,73,170.0,75.0,Orthodox,1987-09-02,2.49,0.44,3.01,0.55,2.46,0.23,0.83,0.4,17,4,1
907,Sherman Pendergarst,The Tank,Record: 11-18-0 (1 NC),-1,73,235.0,,Orthodox,1967-08-01,1.23,0.36,3.08,0.16,4.62,1.0,0.0,0.0,11,18,0 (1 NC)
908,Jessica Penne,,Record: 14-8-0,0,65,115.0,67.0,Orthodox,1983-01-30,2.52,0.31,4.75,0.46,1.32,0.21,0.36,0.6,14,8,0
909,Drew Pendleton,,Record: 5-0-0,1,0,145.0,,,1983-12-08,0.0,0.0,0.0,0.0,0.0,0.0,0.0,0.0,5,0,0
910,Matej Penaz,Money,Record: 6-1-0,-1,75,185.0,83.0,Southpaw,1996-10-14,1.28,0.33,2.55,0.33,0.0,0.0,0.0,0.0,6,1,0
911,BJ Penn,The Prodigy,Record: 16-14-2,-7,69,155.0,70.0,Orthodox,1978-12-13,2.76,0.48,3.2,0.56,1.19,0.55,0.74,0.5,16,14,2
912,Luis Pena,Violent Bob Ross,Record: 9-3-0,1,75,155.0,75.0,Southpaw,1993-07-05,3.66,0.46,3.12,0.51,1.17,0.33,0.48,1.2,9,3,0
913,Yan Pellerin,Wild Thing,Record: 11-13-0,-1,71,205.0,,Orthodox,,0.59,0.25,0.89,0.66,4.43,1.0,0.0,0.0,11,13,0
914,Willie Peeters,,Record: 9-10-1,-1,69,220.0,,Orthodox,1965-10-26,0.0,0.0,0.0,0.0,0.0,0.0,0.0,0.0,9,10,1
915,Filip Pejic,,Record: 12-2-2,-1,68,135.0,,Orthodox,1992-07-21,0.0,0.0,0.88,0.33,0.0,0.0,0.0,0.0,12,2,2
916,Julianna Pena,The Venezuelan Vixen,Record: 12-5-0,0,66,135.0,69.0,Orthodox,1989-08-19,3.16,0.47,2.3,0.5,1.94,0.55,0.23,0.8,12,5,0
917,Kurt Pellegrino,Batman,Record: 16-7-0,-2,68,155.0,70.0,Orthodox,1979-05-07,2.45,0.43,1.94,0.63,2.9,0.54,0.69,0.8,16,7,0
918,Tyson Pedro,,Record: 10-5-0,-1,75,205.0,79.0,Orthodox,1991-09-17,2.9,0.59,2.39,0.56,0.76,0.3,0.5,0.8,10,5,0
919,Matt Pedro,,Record: 3-1-0,1,0,,,,,0.0,0.0,0.0,0.0,0.0,0.0,0.0,0.0,3,1,0
920,Trevor Peek,,Record: 9-3-0 (1 NC),-2,69,155.0,70.0,Switch,1995-01-09,4.39,0.53,3.88,0.43,1.45,0.5,0.52,0.0,9,3,0 (1 NC)
921,Andre Pederneiras,,Record: 1-1-2,-1,68,155.0,,Orthodox,1967-03-22,0.0,0.0,0.0,0.0,0.0,0.0,0.0,0.0,1,1,2
922,Joe Pearson,The Triangular Strangler,Record: 45-30-1,-1,70,145.0,,Orthodox,1978-03-28,0.59,0.18,3.51,0.33,0.0,0.0,0.0,4.4,45,30,1
923,Carlo Pedersoli Jr.,Semento,Record: 11-3-0,-2,71,170.0,75.0,Southpaw,1993-06-08,4.17,0.37,4.12,0.61,2.91,0.44,0.0,0.0,11,3,0
924,Ross Pearson,The Real Deal,Record: 20-16-0 (1 NC),-2,68,155.0,69.0,Orthodox,1984-09-26,3.68,0.4,4.09,0.62,0.74,0.35,0.75,0.0,20,16,0 (1 NC)
925,Roland Payne,,Record: 0-1-0,-1,69,205.0,,Orthodox,,0.0,0.0,0.0,0.0,0.0,0.0,0.0,0.0,0,1,0
926,Jonathan Pearce,JSP,Record: 14-6-0,-2,72,145.0,71.0,Switch,1992-05-01,5.32,0.54,3.43,0.54,5.24,0.5,0.58,0.8,14,6,0
927,Estevan Payan,El Terrible,Record: 16-12-0 (1 NC),-3,70,145.0,,Orthodox,1982-03-14,4.25,0.42,3.58,0.57,0.36,1.0,0.6,0.4,16,12,0 (1 NC)
928,Sergei Pavlovich,,Record: 18-3-0,-2,75,257.0,84.0,Southpaw,1992-05-13,5.86,0.44,5.03,0.51,0.0,0.0,0.75,0.0,18,3,0
929,Thomas Paull,Juggernaut,Record: 11-4-0,-1,67,155.0,67.0,Orthodox,1994-10-15,7.33,0.33,8.67,0.64,0.0,0.0,0.0,0.0,11,4,0
930,Pawel Pawlak,,Record: 12-3-0,-1,72,170.0,73.0,Orthodox,1989-02-08,1.67,0.33,2.22,0.53,1.0,0.37,0.7,0.0,12,3,0
931,Alan Patrick,Nuguette,Record: 15-4-0 (1 NC),-1,71,155.0,74.0,Southpaw,1983-07-19,1.82,0.4,2.95,0.43,3.01,0.33,0.43,0.3,15,4,0 (1 NC)
932,Julio Paulino,The Dominican Demon,Record: 23-5-0,-2,72,170.0,,Orthodox,1975-12-04,0.97,0.27,1.87,0.48,0.0,0.0,0.37,0.5,23,5,0
933,Michael Patt,,Record: 12-4-0,-2,72,205.0,,Orthodox,,1.65,0.28,5.53,0.55,0.0,0.0,0.0,0.0,12,4,0
934,Zac Pauga,The High Chief,Record: 7-3-0,-2,74,205.0,76.0,Orthodox,1988-02-25,4.46,0.62,2.73,0.58,0.38,0.07,1.0,0.0,7,3,0
935,Sam Patterson,,Record: 12-2-1,2,75,170.0,78.0,Orthodox,1996-04-30,2.66,0.37,3.37,0.48,1.94,1.0,0.33,3.9,12,2,1
936,Claude Patrick,The Prince,Record: 14-2-0,-1,71,170.0,75.0,Orthodox,1980-06-14,1.8,0.55,0.89,0.69,2.32,0.53,0.84,1.7,14,2,0
937,Russell Patrick,,Record: 6-4-0,-1,69,145.0,,,,0.0,0.0,0.0,0.0,0.0,0.0,0.0,0.0,6,4,0
938,Windri Patilima,,Record: 8-1-0,-1,66,155.0,71.0,Southpaw,1993-07-19,0.31,0.5,7.64,0.31,0.0,0.0,0.0,0.0,8,1,0
939,Jorge Patino,Macaco,Record: 38-19-2 (2 NC),-3,68,170.0,,Orthodox,1973-08-05,1.33,0.3,3.14,0.53,0.54,0.25,0.5,0.0,38,19,2 (2 NC)
940,Ramona Pascual,,Record: 6-5-0,-3,67,135.0,66.0,Southpaw,1988-09-23,3.87,0.57,8.43,0.46,1.81,0.19,1.0,0.0,6,5,0
941,Jhonoven Pati,The Samoan Savage,Record: 6-4-0,-1,73,185.0,75.0,Switch,1990-08-29,2.88,0.53,6.13,0.33,2.7,1.0,0.0,0.0,6,4,0
942,Billy Pasulatan,,Record: 10-3-0,-1,65,125.0,66.0,Switch,1991-08-07,0.65,0.2,5.22,0.48,0.0,0.0,0.0,4.9,10,3,0
943,Onassis Parungao,,Record: 2-1-0,1,71,200.0,,,,0.0,0.0,0.0,0.0,0.0,0.0,0.0,0.0,2,1,0
944,Preston Parsons,Pressure,Record: 11-5-0,-1,71,170.0,71.0,Orthodox,1995-07-15,3.5,0.51,3.12,0.55,3.53,0.36,0.71,2.4,11,5,0
945,Jonny Parsons,The Sluggernaut,Record: 9-3-0,2,69,170.0,69.0,Orthodox,1991-09-06,4.65,0.44,4.89,0.6,0.0,0.0,0.66,0.0,9,3,0
946,Tyra Parker,,Record: 4-5-0,-1,65,115.0,,Orthodox,,1.5,0.22,9.0,0.14,0.0,0.0,0.0,0.0,4,5,0
947,Willie Parks,Slick,Record: 5-2-0,-1,70,185.0,,,1983-11-04,0.0,0.0,0.0,0.0,0.0,0.0,0.0,0.0,5,2,0
948,Mick Parkin,,Record: 10-0-0,5,76,265.0,79.0,Orthodox,1995-10-02,4.91,0.52,4.15,0.58,1.49,0.41,0.5,0.3,10,0,0
949,Ryan Parker,,Record: 0-1-0,-1,75,235.0,,Southpaw,,0.0,0.0,0.0,0.0,0.0,0.0,0.0,0.0,0,1,0
950,Larry Parker,,Record: 13-6-1,-1,71,205.0,,Orthodox,,0.0,0.0,0.0,0.0,0.0,0.0,0.0,0.0,13,6,1
951,HyunSung Park,Peace of Mind,Record: 9-0-0,4,67,125.0,66.0,Orthodox,1995-11-04,4.15,0.44,3.43,0.59,1.54,0.27,1.0,2.6,9,0,0
952,Jae Hyun Park,The First Prospect,Record: 6-2-0,-1,68,155.0,72.0,Orthodox,2001-12-12,0.8,0.63,1.0,0.21,0.0,0.0,0.22,0.0,6,2,0
953,Harvey Park,Fightbot,Record: 12-3-0,-1,72,155.0,70.0,Orthodox,1986-03-22,3.77,0.5,7.21,0.33,0.0,0.0,0.0,0.0,12,3,0
954,Norman Parke,Stormin',Record: 23-6-1,-1,71,155.0,70.0,Southpaw,1986-12-22,3.06,0.35,2.88,0.64,1.98,0.26,0.77,0.0,23,6,1
955,Won Sik Park,Parky,Record: 11-7-1 (1 NC),-1,71,154.0,,Orthodox,,2.6,0.43,2.2,0.47,0.0,0.0,0.0,0.0,11,7,1 (1 NC)
956,JunYong Park,The Iron Turtle,Record: 17-6-0,-1,70,185.0,73.0,Orthodox,1991-02-27,4.53,0.5,3.3,0.53,1.83,0.5,0.57,1.1,17,6,0
957,Ido Pariente,,Record: 13-6-0,-1,68,155.0,,Orthodox,,0.0,0.0,2.86,0.45,0.0,0.0,0.0,0.0,13,6,0
958,Karo Parisyan,The Heat,Record: 24-11-0 (1 NC),-1,70,170.0,72.0,Orthodox,1982-08-28,2.49,0.41,2.19,0.58,5.27,0.59,0.59,1.0,24,11,0 (1 NC)
959,Josh Parisian,,Record: 15-8-0,-3,76,265.0,79.0,Orthodox,1989-06-28,4.55,0.48,4.88,0.41,0.98,0.33,0.46,0.2,15,8,0
960,Joe Pardo,,Record: 4-6-0,-1,73,210.0,,Southpaw,,0.0,0.0,0.0,0.0,0.0,0.0,0.0,0.0,4,6,0
961,Alexandre Pantoja,The Cannibal,Record: 28-5-0,6,65,125.0,67.0,Orthodox,1990-04-16,4.41,0.49,3.97,0.5,2.61,0.47,0.68,0.8,28,5,0
962,Bryan Pardoe,Pain Inducer,Record: 13-16-0,-3,73,205.0,,Orthodox,,1.11,0.36,4.59,0.45,4.75,0.4,0.33,0.0,13,16,0
963,Kathryn Paprocki,,Record: 3-2-0,-1,63,115.0,63.0,Orthodox,1993-04-28,1.0,0.23,4.27,0.43,0.0,0.0,0.0,0.0,3,2,0
964,Remco Pardoel,Grizzly,Record: 9-6-1 (2 NC),-1,75,260.0,,Southpaw,,0.0,0.0,0.0,0.0,0.0,0.0,0.0,0.0,9,6,1 (2 NC)
965,Ruel Panales,,Record: 6-2-0 (1 NC),-1,65,125.0,67.0,Southpaw,1996-12-07,2.53,0.51,5.6,0.46,1.0,0.2,0.5,0.0,6,2,0 (1 NC)
966,Tulio Palhares,,Record: 2-16-0,1,0,180.0,,,,0.0,0.0,0.0,0.0,0.0,0.0,0.0,0.0,2,16,0
967,Jared Papazian,The Jackhammer,Record: 20-13-0 (1 NC),-3,68,135.0,67.0,Southpaw,1988-02-01,3.33,0.39,3.81,0.44,0.0,0.0,0.5,0.0,20,13,0 (1 NC)
968,Eduardo Pamplona,,Record: 16-4-0,-1,71,170.0,,,1973-02-20,0.0,0.0,0.0,0.0,0.0,0.0,0.0,0.0,16,4,0
969,Stephen Palling,Bozo,Record: 11-7-1,-1,64,143.0,,,1967-01-29,0.0,0.0,0.0,0.0,0.0,0.0,0.0,0.0,11,7,1
970,Yuri Panferov,The Russian Polar Bear,Record: 6-1-0,-1,73,185.0,72.0,Orthodox,1996-08-30,2.33,0.52,0.91,0.41,0.0,0.0,0.36,0.0,6,1,0
971,Sasha Palatnikov,,Record: 6-4-0,-2,73,170.0,72.0,Switch,1989-03-15,6.69,0.53,5.44,0.52,0.72,1.0,0.7,0.0,6,4,0
972,Rousimar Palhares,Toquinho,Record: 19-8-0,1,68,170.0,71.0,Orthodox,1980-02-26,1.75,0.51,2.04,0.59,3.93,0.45,0.0,4.1,19,8,0
973,Bart Palaszewski,Bartimus,Record: 36-17-0,-3,69,145.0,70.0,Orthodox,1983-05-30,2.67,0.32,3.97,0.57,0.65,0.31,0.53,0.5,36,17,0
974,Soa Palelei,The Hulk,Record: 22-5-0,-1,76,265.0,81.0,Orthodox,1977-07-12,2.47,0.57,2.68,0.48,2.2,0.47,0.66,0.0,22,5,0
975,Ricky Palacios,El Gallero,Record: 10-1-0,1,66,145.0,,Orthodox,1987-07-05,7.73,0.53,3.27,0.59,0.0,0.0,1.0,0.0,10,1,0
976,Jose Palacios,,Record: 3-2-0,-2,69,145.0,,Orthodox,,2.67,0.7,1.0,0.79,0.0,0.0,0.5,1.7,3,2,0
977,Raulian Paiva,,Record: 21-5-0,-2,68,135.0,69.0,Orthodox,1995-10-17,4.14,0.42,5.01,0.48,0.65,0.23,0.77,0.2,21,5,0
978,Luis Pajuelo,Corazon de Leon,Record: 8-2-0,-1,70,145.0,69.0,Orthodox,1994-12-18,6.03,0.57,8.2,0.52,0.0,0.0,0.66,0.0,8,2,0
979,Fredson Paixao,,Record: 10-5-0 (1 NC),-1,66,145.0,66.0,Orthodox,1979-05-13,1.71,0.54,2.31,0.62,0.62,0.11,0.1,2.2,10,5,0 (1 NC)
980,Dinis Paiva Jr.,Sweetbread,Record: 13-8-0,-1,69,145.0,71.0,Southpaw,1988-05-26,2.6,0.41,2.73,0.67,0.0,0.0,0.81,0.0,13,8,0
981,Michael Page,Venom,Record: 22-3-0,-1,75,170.0,79.0,Switch,1987-04-07,2.38,0.65,1.45,0.54,0.44,0.25,0.63,0.0,22,3,0
982,Dustin Pague,The Disciple,Record: 12-11-0,-4,69,135.0,74.0,Orthodox,1987-08-05,1.65,0.53,2.96,0.41,1.03,0.44,0.55,2.6,12,11,0
983,Damacio Page,The Angel of Death,Record: 19-10-0,-4,66,135.0,66.0,Orthodox,1982-09-30,2.05,0.38,2.47,0.51,2.63,0.64,0.23,0.9,19,10,0
984,Chris Padilla,Taco,Record: 15-6-0,2,69,155.0,74.0,Orthodox,1995-09-14,5.8,0.61,4.93,0.46,3.26,0.75,0.0,1.1,15,6,0
985,Fernando Padilla,El Valiente,Record: 16-5-0,1,73,145.0,76.0,Orthodox,1996-12-15,6.48,0.42,5.25,0.53,0.0,0.0,1.0,0.8,16,5,0
986,Gary Padilla,,Record: 12-6-0,-1,71,205.0,,,1980-05-04,2.2,0.27,2.0,0.76,0.0,0.0,0.5,0.0,12,6,0
987,Cyrillo Padilha,,Record: 3-3-0,-1,71,155.0,,,1978-01-23,0.0,0.0,0.0,0.0,0.0,0.0,0.0,0.0,3,3,0
988,Teemu Packalen,Pacu,Record: 8-3-0,-2,73,155.0,75.0,Orthodox,1987-05-22,2.57,0.54,3.91,0.47,2.31,0.25,1.0,1.5,8,3,0
989,Larissa Pacheco,,Record: 10-2-0,-2,67,135.0,,Orthodox,1994-09-07,1.21,0.19,4.14,0.55,0.0,0.0,0.0,0.0,10,2,0
990,Nick Pace,,Record: 8-3-0,-2,67,135.0,68.0,Orthodox,1987-04-17,1.48,0.34,3.14,0.57,2.52,0.43,0.54,0.5,8,3,0
991,Raquel Pa'aluhi,Rocky,Record: 6-5-0,-1,67,135.0,,,,1.71,0.56,3.42,0.46,0.0,0.0,0.18,0.0,6,5,0
992,Angel Pacheco,,Record: 7-3-0,-2,68,135.0,70.0,Orthodox,1992-01-13,9.5,0.39,11.47,0.41,0.0,0.0,0.28,0.0,7,3,0
993,Craig Oxley,,Record: 0-3-0,-1,69,155.0,,,1973-02-14,0.0,0.0,0.0,0.0,0.0,0.0,0.0,0.0,0,3,0
994,Valentijn Overeem,,Record: 30-32-0,-1,75,230.0,,Orthodox,1976-08-17,0.93,0.34,1.49,0.58,1.86,0.5,0.0,4.7,30,32,0
995,Shungo Oyama,,Record: 14-19-0,-5,71,185.0,,Southpaw,1974-04-11,0.64,0.25,1.96,0.57,1.07,0.57,0.62,0.5,14,19,0
996,Sidney Outlaw,,Record: 8-4-0,1,68,170.0,74.0,Orthodox,1992-04-11,0.13,0.33,0.8,0.71,3.0,0.75,0.0,3.0,8,4,0
997,Zak Ottow,The Barbarian,Record: 17-7-0,-1,71,170.0,72.0,Orthodox,1986-12-22,2.63,0.36,2.73,0.58,0.97,0.29,0.57,0.4,17,7,0
998,Pedro Otavio,Te Pedro,Record: 19-8-0,-1,75,245.0,,Orthodox,,0.0,0.0,0.0,0.0,0.0,0.0,0.0,0.0,19,8,0
999,Artur Oumakhanov,,Record: 9-6-0,-1,67,154.0,,Orthodox,1979-02-27,1.2,0.33,1.67,0.82,3.0,0.75,0.33,0.0,9,6,0
1000,Alistair Overeem,The Demolition Man,Record: 47-19-0 (1 NC),-1,76,265.0,80.0,Orthodox,1980-05-17,3.67,0.64,2.44,0.57,1.42,0.55,0.73,0.8,47,19,0 (1 NC)
1001,Takafumi Otsuka,,Record: 22-13-2,-4,66,139.0,,Orthodox,,1.29,0.27,2.12,0.67,1.64,0.27,0.65,0.0,22,13,2
1002,Nissen Osterneck,,Record: 12-4-0,-2,74,185.0,,Orthodox,1981-05-01,3.15,0.58,2.9,0.41,0.63,0.12,0.42,1.3,12,4,0
1003,Alexander Otsuka,The Diet Butcher,Record: 5-13-0,-1,73,205.0,,Orthodox,1971-07-17,0.9,0.55,1.16,0.51,1.51,0.43,0.53,0.8,5,13,0
1004,Nick Osipczak,,Record: 6-3-0,-3,74,170.0,76.0,Orthodox,1984-12-30,2.83,0.5,3.77,0.5,1.2,0.45,0.71,1.0,6,3,0
1005,Rachael Ostovich,,Record: 4-6-0,-3,63,125.0,62.0,Orthodox,1991-02-25,2.54,0.43,3.97,0.57,2.03,0.83,0.66,0.8,4,6,0
1006,Kenji Osawa,,Record: 20-11-2,1,67,135.0,66.0,Orthodox,1976-11-04,2.34,0.35,2.14,0.63,0.91,0.58,0.68,0.7,20,11,2
1007,Ode Osbourne,The Jamaican Sensation,Record: 12-8-0 (1 NC),-3,67,125.0,73.0,Southpaw,1992-01-09,3.26,0.4,4.01,0.45,1.21,0.28,0.63,0.6,12,8,0 (1 NC)
1008,Kurt Osiander,,Record: 4-1-0,1,0,185.0,,,,0.0,0.0,0.0,0.0,0.0,0.0,0.0,0.0,4,1,0
1009,Dustin Ortiz,,Record: 19-8-0,-1,65,125.0,65.0,Orthodox,1988-12-25,2.94,0.44,2.17,0.56,3.01,0.36,0.52,0.1,19,8,0
1010,Brian Ortega,T-City,Record: 16-4-0 (1 NC),-1,68,145.0,69.0,Switch,1991-02-21,4.08,0.37,6.59,0.49,1.07,0.26,0.55,1.1,16,4,0 (1 NC)
1011,Jorge Ortiz,The Naked Man,Record: 18-9-1 (1 NC),-1,72,185.0,,Orthodox,,3.53,0.58,2.8,0.73,0.0,0.0,0.0,0.0,18,9,1 (1 NC)
1012,Sam Oropeza,,Record: 13-3-0,1,74,170.0,,,,7.68,0.56,1.44,0.7,3.6,0.33,1.0,0.0,13,3,0
1013,Myktybek Orolbai,,Record: 13-1-1,0,70,155.0,74.0,Orthodox,1998-02-10,3.02,0.52,2.56,0.47,7.44,0.44,0.5,0.6,13,1,1
1014,Tito Ortiz,The People's Champ,Record: 19-12-1,-3,75,205.0,74.0,Orthodox,1975-01-23,2.59,0.46,2.88,0.6,2.47,0.35,0.54,0.6,19,12,1
1015,Chibwikem Onyenegecha,,Record: 5-0-0,1,75,185.0,,Orthodox,1994-04-18,5.6,0.55,3.4,0.52,0.0,0.0,1.0,0.0,5,0,0
1016,Charlie Ontiveros,American Bad Boy,Record: 11-9-0,-3,74,155.0,74.0,Switch,1991-07-04,1.89,0.41,5.86,0.31,0.0,0.0,0.3,0.0,11,9,0
1017,David Onama,,Record: 12-2-0,2,71,145.0,74.0,Orthodox,1994-06-07,5.04,0.48,5.1,0.52,0.67,0.17,0.52,0.5,12,2,0
1018,Alan Omer,,Record: 20-5-0,-2,70,145.0,,Orthodox,1988-09-14,3.49,0.55,2.21,0.64,1.69,0.42,0.66,0.0,20,5,0
1019,Daniel Omielanczuk,,Record: 19-8-1 (1 NC),-3,72,247.0,74.0,Southpaw,1982-08-31,3.09,0.57,3.29,0.47,0.56,0.26,0.68,0.1,19,8,1 (1 NC)
1020,Cameron Olson,Cap'n Crunch,Record: 7-3-0 (1 NC),1,73,205.0,75.0,Orthodox,1989-11-22,3.13,0.47,2.2,0.57,3.0,0.42,1.0,1.0,7,3,0 (1 NC)
1021,Michihiro Omigawa,,Record: 17-14-1,-3,66,145.0,68.0,Orthodox,1975-12-19,2.01,0.39,3.06,0.64,1.19,0.36,0.49,1.5,17,14,1
1022,Shana Olsen,Rock Solid,Record: 5-2-0,-1,67,145.0,,,1980-12-17,0.0,0.0,0.0,0.0,0.0,0.0,0.0,0.0,5,2,0
1023,Gadzhi Omargadzhiev,,Record: 13-2-0,-2,73,170.0,71.0,Switch,1993-02-24,1.8,0.39,2.2,0.39,1.35,0.3,0.6,0.5,13,2,0
1024,Felipe Olivieri,,Record: 14-5-0 (1 NC),-1,69,155.0,,Orthodox,1985-04-12,6.68,0.58,4.6,0.57,0.0,0.0,0.71,0.0,14,5,0 (1 NC)
1025,Casey Olson,The Underdog,Record: 14-5-0,3,67,145.0,,Orthodox,,2.48,0.6,0.0,1.0,3.54,0.57,1.0,1.8,14,5,0
1026,Ravena Oliveira,Kenoudy,Record: 7-2-1,-1,65,115.0,65.0,Orthodox,1997-02-20,1.0,0.48,1.2,0.48,2.0,0.66,0.62,0.0,7,2,1
1027,Wendell Oliveira Marques,The Machine,Record: 29-10-0,-2,70,170.0,,Orthodox,1983-06-01,3.77,0.47,4.4,0.47,0.0,0.0,1.0,0.0,29,10,0
1028,Andy Ologun,,Record: 3-1-0,2,72,154.0,,Orthodox,1983-06-12,2.36,0.57,0.32,0.85,0.68,1.0,0.8,0.0,3,1,0
1029,Vinicius Oliveira,LokDog,Record: 21-3-0,3,69,135.0,70.0,Switch,1995-11-30,5.87,0.43,2.87,0.53,1.38,0.6,0.68,0.0,21,3,0
1030,Maria Oliveira,Spider-Girl,Record: 13-7-0,-2,66,115.0,69.0,Orthodox,1996-12-12,5.03,0.38,5.76,0.44,0.95,0.44,0.47,0.0,13,7,0
1031,Saimon Oliveira,,Record: 18-5-0,-2,64,135.0,72.0,Orthodox,1991-04-21,2.82,0.41,3.91,0.48,1.21,0.25,0.35,1.6,18,5,0
1032,Alex Oliveira,Cowboy,Record: 22-12-1 (2 NC),-4,71,170.0,76.0,Orthodox,1988-02-21,2.99,0.51,2.55,0.46,2.35,0.38,0.63,0.6,22,12,1 (2 NC)
1033,Bruno Oliveira,,Record: 8-2-0,-1,76,205.0,80.0,Orthodox,1984-05-02,3.44,0.33,4.92,0.54,0.0,0.0,0.0,0.0,8,2,0
1034,Jorge Oliveira,,Record: 5-3-1 (1 NC),0,73,205.0,,,,0.0,0.0,0.0,0.0,0.0,0.0,0.0,0.0,5,3,1 (1 NC)
1035,Ednaldo Oliveira,Lula,Record: 17-3-1 (1 NC),-2,77,205.0,,Orthodox,1984-02-19,1.03,0.22,1.8,0.52,0.0,0.0,0.42,0.0,17,3,1 (1 NC)
1036,Masakatsu Okuda,,Record: 8-5-0,-1,0,,,,,0.0,0.0,4.27,0.34,0.0,0.0,0.0,4.3,8,5,0
1037,Rafaello Oliveira,Tractor,Record: 17-8-0,-2,68,155.0,71.0,Orthodox,1982-01-26,2.19,0.33,3.38,0.59,2.49,0.36,0.11,1.6,17,8,0
1038,Charles Oliveira,Do Bronxs,Record: 34-10-0 (1 NC),0,70,155.0,74.0,Orthodox,1989-10-17,3.39,0.53,3.2,0.51,2.17,0.4,0.55,2.8,34,10,0 (1 NC)
1039,Kazuki Okubo,,Record: 7-9-0,1,71,175.0,,Orthodox,,1.53,0.38,1.97,0.46,0.51,0.25,0.36,2.0,7,9,0
1040,Bolaji Oki,The Zulu Warrior,Record: 9-1-0,0,70,155.0,73.0,Orthodox,1995-11-15,5.18,0.43,2.53,0.64,0.84,1.0,0.83,0.0,9,1,0
1041,Michal Oleksiejczuk,Hussar,Record: 19-9-0 (1 NC),-3,72,185.0,74.0,Southpaw,1995-02-22,5.08,0.5,4.61,0.58,1.08,0.43,0.48,0.0,19,9,0 (1 NC)
1042,JJ Okanovich,The Bosnian Bomber,Record: 7-1-0,1,71,155.0,76.0,Orthodox,1990-11-04,6.93,0.55,5.27,0.5,0.0,0.0,1.0,0.0,7,1,0
1043,Takayuki Okada,Giant Ochiai,Record: 3-3-2,-1,73,290.0,,Orthodox,,0.0,0.0,0.0,0.0,0.0,0.0,0.0,0.0,3,3,2
1044,Aleksei Oleinik,The Boa Constrictor,Record: 60-17-1,-1,74,240.0,80.0,Orthodox,1977-06-20,3.29,0.48,3.8,0.44,1.82,0.46,0.37,1.9,60,17,1
1045,Koji Oishi,,Record: 25-10-10,-2,68,170.0,,Orthodox,1977-05-31,1.43,0.09,17.86,0.43,0.0,0.0,0.0,0.0,25,10,10
1046,Trey Ogden,Shamurai,Record: 18-6-0 (1 NC),2,71,155.0,72.0,Orthodox,1989-11-14,3.07,0.48,3.46,0.57,2.04,0.3,1.0,0.8,18,6,0 (1 NC)
1047,Andy Ogle,The Little Axe,Record: 9-6-0,-4,68,145.0,69.0,Orthodox,1989-02-16,2.24,0.44,2.23,0.5,1.44,0.26,0.58,0.0,9,6,0
1048,Michiyoshi Ohara,,Record: 0-2-0,-2,70,205.0,,Orthodox,,0.28,0.29,3.13,0.48,0.0,0.0,0.33,0.0,0,2,0
1049,Yushin Okami,Thunder,Record: 34-12-0,-1,74,170.0,75.0,Southpaw,1981-07-21,2.06,0.38,2.25,0.6,1.98,0.39,0.84,0.5,34,12,0
1050,Naoya Ogawa,,Record: 7-2-0,-2,76,255.0,,Orthodox,1968-03-31,2.41,0.42,1.66,0.47,1.25,1.0,0.66,1.2,7,2,0
1051,Christian Ocon,,Record: 2-1-0,-1,68,135.0,69.0,Orthodox,1996-02-05,1.73,0.53,5.27,0.34,0.0,0.0,0.63,0.0,2,1,0
1052,Volkan Oezdemir,No Time,Record: 20-7-0,2,74,205.0,75.0,Orthodox,1989-09-19,4.79,0.48,3.96,0.55,0.56,0.33,0.8,0.1,20,7,0
1053,Kaan Ofli,Genghis,Record: 12-3-1,-1,67,145.0,66.0,Orthodox,1993-06-19,1.85,0.42,4.77,0.53,0.0,0.0,0.0,0.0,12,3,1
1054,Takahiro Oba,,Record: 5-7-1,-1,68,200.0,,Southpaw,,0.23,0.25,1.82,0.69,0.0,0.0,0.0,0.0,5,7,1
1055,Nobuhiro Obiya,,Record: 12-5-1,-2,68,145.0,,Orthodox,1981-01-15,0.63,0.28,2.53,0.55,0.5,0.5,0.41,0.5,12,5,1
1056,Casey O'Neill,King,Record: 10-2-0,1,66,125.0,69.0,Orthodox,1997-10-07,7.89,0.52,5.65,0.57,1.45,0.34,0.7,0.7,10,2,0
1057,Chuck O'Neil,Cold Steel,Record: 17-9-0,-1,74,170.0,,,1985-09-22,3.13,0.37,4.4,0.72,0.0,0.0,0.0,0.0,17,9,0
1058,Brendan O'Reilly,Badger,Record: 6-3-0 (1 NC),-2,67,170.0,69.0,Orthodox,1987-06-24,1.9,0.47,2.77,0.39,2.22,0.43,0.36,0.6,6,3,0 (1 NC)
1059,Sean O'Malley,Suga,Record: 18-2-0 (1 NC),-1,71,135.0,72.0,Switch,1994-10-24,6.7,0.61,3.48,0.6,0.29,0.42,0.61,0.3,18,2,0 (1 NC)
1060,Sean O'Haire,,Record: 4-2-0,-1,77,270.0,,Orthodox,1971-02-25,8.28,0.57,22.76,0.21,0.0,0.0,0.0,0.0,4,2,0
1061,Jarrod Kwitty,,Record: 2-2-0,-1,68,185.0,,,,0.53,0.5,4.4,0.32,8.0,0.5,0.0,2.0,2,2,0
1062,TJ O'Brien,The Spider,Record: 20-8-0,-2,74,155.0,,Orthodox,1987-01-01,3.77,0.46,4.78,0.57,0.94,1.0,0.0,0.0,20,8,0
1063,Kaleo Kwan,Leo Boy,Record: 11-16-0,-1,67,155.0,,,1970-08-01,0.0,0.0,0.0,0.0,0.0,0.0,0.0,0.0,11,16,0
1064,Lina Kvokov,,Record: 0-3-0,-1,69,135.0,,Orthodox,,2.31,0.3,12.12,0.19,0.0,0.0,0.0,0.0,0,3,0
1065,Sean O'Connell,The Real OC,Record: 17-9-0,-3,73,205.0,74.0,Orthodox,1983-09-02,5.46,0.48,6.77,0.45,0.0,0.0,0.3,0.5,17,9,0
1066,Mike Kyle,MAK,Record: 22-14-1 (2 NC),-1,76,205.0,77.0,Orthodox,1980-03-31,3.93,0.51,3.35,0.49,1.33,0.62,0.5,0.8,22,14,1 (2 NC)
1067,Jake O'Brien,Irish,Record: 15-4-0,-2,75,205.0,76.0,Orthodox,1984-09-25,1.31,0.31,1.92,0.69,6.39,0.54,0.25,0.2,15,4,0
1068,Eldari Kurtanidze,,Record: 0-1-0,-1,66,235.0,,Orthodox,1972-04-16,0.47,0.2,3.72,0.6,0.0,0.0,0.0,0.0,0,1,0
1069,Guram Kutateladze,Georgian Viking,Record: 13-4-0,1,71,155.0,72.0,Orthodox,1992-01-08,3.95,0.45,3.95,0.57,0.77,0.2,0.79,0.0,13,4,0
1070,Ramazan Kuramagomedov,,Record: 8-0-0,1,73,170.0,73.0,Orthodox,1996-08-23,11.67,0.67,9.13,0.54,1.0,0.14,0.0,0.0,8,0,0
1071,Tsuyoshi Kurihara,,Record: 10-8-2,-1,70,185.0,,Orthodox,1973-07-13,0.0,0.0,12.0,0.5,0.0,0.0,0.0,0.0,10,8,2
1072,Leo Kuntz,The Lion,Record: 18-4-1,-2,70,155.0,,Orthodox,1983-10-03,1.68,0.32,3.8,0.45,1.99,0.25,0.33,0.7,18,4,1
1073,Korey Kuppe,,Record: 8-4-0,-1,77,170.0,77.0,Switch,1989-01-23,0.73,0.73,1.33,0.31,0.0,0.0,0.69,1.0,8,4,0
1074,Rizvan Kuniev,,Record: 12-2-1,2,76,240.0,76.0,Orthodox,1992-10-03,5.82,0.72,1.25,0.55,2.82,0.75,1.0,0.0,12,2,1
1075,Keigo Kunihara,,Record: 3-2-0,-1,72,235.0,,Orthodox,,0.17,0.1,1.99,0.57,4.97,0.4,1.0,2.5,3,2,0
1076,Kiichi Kunimoto,Strasser,Record: 18-7-2 (1 NC),-2,70,170.0,71.0,Orthodox,1981-05-01,1.87,0.44,3.92,0.41,1.59,0.2,0.28,0.3,18,7,2 (1 NC)
1077,Sumit Kumar,The Indian Kid,Record: 8-1-0,-1,65,125.0,66.0,Orthodox,2000-09-09,2.8,0.24,4.67,0.46,6.0,0.3,0.6,0.0,8,1,0
1078,Maiju Kujala,,Record: 6-3-0,-1,0,135.0,,,,2.5,0.4,5.5,0.36,0.0,0.0,0.5,0.0,6,3,0
1079,Aleksei Kunchenko,,Record: 20-2-0,-2,68,170.0,70.0,Orthodox,1984-05-02,3.67,0.44,2.83,0.63,0.25,0.33,0.8,0.0,20,2,0
1080,Anton Kuivanen,,Record: 24-10-0,-1,68,155.0,72.0,Orthodox,1984-05-01,2.27,0.38,1.63,0.67,1.2,1.0,0.71,0.4,24,10,0
1081,Mariusz Ksiazkiewicz,The Iron Pol,Record: 8-1-0,-1,75,185.0,75.0,Southpaw,1989-10-04,0.93,0.45,3.4,0.39,4.0,1.0,0.0,2.0,8,1,0
1082,Michael Kuiper,,Record: 15-5-0,-2,72,185.0,73.0,Orthodox,1989-06-07,3.28,0.54,3.62,0.54,2.3,0.55,0.79,0.0,15,5,0
1083,John Kuhner,,Record: 1-2-0,1,0,170.0,,,1982-10-12,0.0,0.0,0.0,0.0,0.0,0.0,0.0,0.0,1,2,0
1084,Junya Kudo,,Record: 10-7-2,-1,0,135.0,,Orthodox,,1.85,0.71,4.44,0.33,0.0,0.0,0.0,0.0,10,7,2
1085,Rene Kronvold,,Record: 5-1-0,-1,68,170.0,,Orthodox,,0.82,1.0,2.47,0.6,0.0,0.0,0.66,4.1,5,1,0
1086,Nikita Krylov,The Miner,Record: 30-9-0,3,75,205.0,77.0,Orthodox,1992-03-07,4.38,0.55,2.47,0.44,2.29,0.38,0.53,1.4,30,9,0
1087,Kaynan Kruschewsky,Bahia,Record: 15-3-0 (1 NC),-2,72,155.0,73.0,Orthodox,1991-04-04,5.67,0.5,5.71,0.46,2.74,1.0,0.75,2.1,15,3,0 (1 NC)
1088,Pascal Krauss,Panzer,Record: 11-2-0,-1,73,170.0,,Orthodox,1987-04-19,5.45,0.47,3.88,0.59,1.53,0.5,0.6,0.9,11,2,0
1089,James Krause,The,Record: 28-9-0,1,74,170.0,73.0,Orthodox,1986-06-04,4.79,0.49,4.11,0.61,0.96,0.18,0.59,0.9,28,9,0
1090,Karolina Kowalkiewicz,,Record: 16-8-0,-1,63,115.0,64.0,Orthodox,1985-10-15,5.71,0.43,5.55,0.58,0.34,0.23,0.73,0.2,16,8,0
1091,Derrick Krantz,D-Rock,Record: 22-12-0,-2,70,170.0,72.0,Orthodox,1988-01-13,2.07,0.37,4.03,0.5,3.18,0.5,0.0,0.8,22,12,0
1092,Matt Kovacs,300,Record: 12-16-0,-1,72,244.0,,Orthodox,,1.47,0.22,4.87,0.44,1.0,0.25,0.0,0.0,12,16,0
1093,Iouri Kotchkine,,Record: 7-4-1,-1,74,235.0,,Orthodox,,0.67,0.38,4.92,0.15,0.0,0.0,0.25,0.0,7,4,1
1094,Marcus Kowal,,Record: 3-1-1,-1,0,135.0,,,,0.0,0.0,0.0,0.0,0.0,0.0,0.0,0.0,3,1,1
1095,Steven Koslow,Obi Won Shinobi The Pillow,Record: 6-1-0,-1,67,125.0,69.0,Switch,1997-01-22,0.77,0.37,3.73,0.4,5.28,0.55,0.0,1.1,6,1,0
1096,Naoyuki Kotani,,Record: 34-14-7,-6,68,155.0,66.0,Southpaw,1981-12-08,1.02,0.31,2.89,0.5,0.83,0.16,0.46,0.8,34,14,7
1097,Roman Kopylov,,Record: 13-3-0,1,72,185.0,75.0,Southpaw,1991-05-04,4.33,0.54,4.06,0.58,1.2,0.53,0.87,0.0,13,3,0
1098,Bruno Korea,,Record: 7-3-0,-2,66,135.0,65.0,,1991-06-28,2.12,0.34,3.96,0.42,0.0,0.0,0.25,0.0,7,3,0
1099,Andrei Kopylov,,Record: 6-11-0,-1,74,265.0,,Orthodox,1965-07-16,0.33,0.66,4.31,0.4,0.0,0.0,0.0,0.0,6,11,0
1100,Josh Koscheck,,Record: 17-11-0,-5,70,170.0,73.0,Orthodox,1977-11-30,1.79,0.36,2.27,0.63,2.46,0.48,0.64,0.4,17,11,0
1101,Syuri Kondo,,Record: 6-3-0,-3,64,115.0,66.0,Orthodox,1989-02-08,5.4,0.44,7.22,0.58,0.0,0.0,0.83,0.3,6,3,0
1102,John Kolosci,,Record: 15-9-0,-2,71,185.0,,Orthodox,1974-11-26,0.21,0.2,0.85,0.5,0.0,0.0,0.0,0.0,15,9,0
1103,Cheick Kongo,,Record: 27-10-2,-1,76,240.0,82.0,Orthodox,1975-05-17,3.33,0.56,1.28,0.54,2.3,0.56,0.52,0.2,27,10,2
1104,Kaloyan Kolev,,Record: 10-1-0,-1,74,205.0,73.0,Orthodox,1992-10-17,1.12,0.45,4.49,0.42,10.11,0.6,0.0,0.0,10,1,0
1105,Yuki Kondo,,Record: 60-33-9,-6,71,183.0,,Southpaw,1975-07-17,1.14,0.42,2.57,0.51,0.76,0.41,0.37,0.5,60,33,9
1106,Brad Kohler,,Record: 12-15-0,1,69,220.0,,Orthodox,1964-05-26,0.0,0.0,0.0,0.0,0.0,0.0,0.0,0.0,12,15,0
1107,Charlie Kohler,,Record: 8-4-1,-2,69,155.0,,Orthodox,1976-07-16,0.81,0.33,4.31,0.46,0.0,0.0,0.0,4.0,8,4,1
1108,Tsuyoshi Kohsaka,TK,Record: 27-19-2,-1,71,225.0,,Orthodox,1970-03-06,1.88,0.38,4.41,0.54,1.32,0.2,0.33,0.4,27,19,2
1109,Shingo Kohara,,Record: 1-0-0,1,66,135.0,,,,0.0,0.0,0.0,0.0,0.0,0.0,0.0,0.0,1,0,0
1110,William Knight,Knightmare,Record: 11-5-0,-3,70,205.0,73.0,Orthodox,1988-04-03,2.62,0.56,3.3,0.35,1.78,0.4,0.48,0.4,11,5,0
1111,Erik Koch,Phoenix,Record: 16-6-0,1,70,170.0,71.0,Southpaw,1988-10-04,2.33,0.42,2.82,0.47,1.02,0.42,0.81,1.0,16,6,0
1112,Seokhyeon Ko,The Korean Tyson,Record: 11-2-0,1,70,170.0,71.0,Southpaw,1993-09-24,3.6,0.51,3.33,0.57,2.0,0.33,0.5,0.0,11,2,0
1113,Kevin Knabjian,,Record: 12-7-1,-1,70,170.0,,Orthodox,1984-07-05,0.0,0.0,15.56,0.22,0.0,0.0,1.0,0.0,12,7,1
1114,Jason Knight,The Kid,Record: 20-5-0,-4,70,145.0,71.0,Orthodox,1992-07-14,2.95,0.33,3.02,0.51,1.31,0.31,0.47,1.7,20,5,0
1115,Kelly Kobold,Blood Red,Record: 19-3-1,-1,66,135.0,,Orthodox,1983-02-25,2.33,0.21,4.11,0.59,1.67,0.11,0.0,0.0,19,3,1
1116,Josefine Knutsson,Thunder,Record: 8-0-0,4,63,115.0,60.0,Orthodox,1996-01-16,4.87,0.51,2.07,0.57,2.0,0.72,0.57,0.0,8,0,0
1117,Michael Knaap,Hammer,Record: 18-22-3,-1,74,220.0,,Orthodox,1984-02-27,0.0,0.0,0.0,0.0,0.0,0.0,0.0,0.0,18,22,3
1118,Stefan Klever,,Record: 6-1-0,-1,0,185.0,,Orthodox,,0.82,0.5,3.84,0.58,0.0,0.0,0.0,0.0,6,1,0
1119,Fatima Kline,The Archangel,Record: 6-1-0,-1,66,115.0,67.0,Orthodox,2000-07-12,2.6,0.48,2.67,0.55,1.0,1.0,0.33,0.0,6,1,0
1120,Drakkar Klose,,Record: 15-2-1,4,69,155.0,70.0,Orthodox,1988-03-09,4.37,0.55,3.46,0.51,1.58,0.26,0.69,0.0,15,2,1
1121,Satoru Kitaoka,,Record: 40-14-9,-2,66,154.0,,,1980-02-04,0.68,0.33,2.15,0.45,0.62,0.1,0.27,2.1,40,14,9
1122,Ludovit Klein,Mr. Highlight,Record: 22-4-1,0,67,155.0,72.0,Southpaw,1995-02-22,3.93,0.55,3.45,0.53,1.66,0.5,0.9,0.0,22,4,1
1123,Kamuela Kirk,The Jawaiian,Record: 12-6-0,-2,70,155.0,75.0,Switch,1994-04-13,3.22,0.5,5.87,0.4,1.5,0.26,0.47,1.2,12,6,0
1124,Koji Kitao,,Record: 1-2-0,1,79,350.0,,Southpaw,1963-10-12,0.0,0.0,0.0,0.0,0.0,0.0,0.0,0.0,1,2,0
1125,Seth Kleinbeck,Mass Destruction,Record: 8-4-0,-1,74,185.0,,,1973-07-25,2.55,0.33,2.42,0.4,0.98,0.25,0.9,0.0,8,4,0
1126,Justine Kish,,Record: 7-4-0,-2,65,125.0,64.0,Orthodox,1988-04-13,4.51,0.48,4.59,0.57,0.87,0.33,0.5,0.1,7,4,0
1127,Top Noi Kiwram,,Record: 9-5-0,-2,65,125.0,67.0,Southpaw,1992-08-15,4.47,0.59,3.23,0.66,2.72,0.85,0.74,0.0,9,5,0
1128,Yurij Kiseliov,Playboy,Record: 5-4-0,-1,68,185.0,,Orthodox,,4.88,0.87,0.0,0.0,0.0,0.0,0.5,0.0,5,4,0
1129,Yusaku Kinoshita,,Record: 6-3-0,-2,72,170.0,71.0,Southpaw,2000-08-21,4.65,0.5,5.12,0.51,0.0,0.0,0.5,0.0,6,3,0
1130,Dustin Kimura,The Diamond,Record: 11-3-0,-2,67,135.0,71.0,Orthodox,1989-05-21,1.33,0.21,3.82,0.51,0.93,0.37,0.5,2.2,11,3,0
1131,Mike King,,Record: 5-1-0,-1,75,185.0,,,1983-08-04,4.44,0.58,1.29,0.72,1.75,0.25,0.4,3.5,5,1,0
1132,Taiei Kin,,Record: 6-3-0,-1,71,185.0,,Orthodox,1970-07-08,2.71,0.6,1.33,0.52,0.0,0.0,0.55,0.0,6,3,0
1133,Rob Kimmons,The Rosedale Reaper,Record: 25-9-0,-2,70,185.0,73.0,Orthodox,1981-01-30,1.86,0.48,4.79,0.38,2.08,0.46,0.25,2.4,25,9,0
1134,Jeremy Kimball,,Record: 15-8-0,-2,72,205.0,72.0,Switch,1991-01-03,2.81,0.46,3.84,0.49,1.41,0.2,0.5,0.0,15,8,0
1135,Kyle Kingsbury,Kingsbu,Record: 11-6-0 (1 NC),-4,76,205.0,79.0,Orthodox,1982-03-22,2.97,0.4,3.81,0.51,2.64,0.41,0.52,0.0,11,6,0 (1 NC)
1136,KyuSung Kim,,Record: 12-6-0,-1,71,125.0,69.0,Orthodox,1992-11-05,1.53,0.53,0.87,0.69,0.0,0.0,0.33,0.0,12,6,0
1137,KyeungPyo Kim,Redhorse,Record: 11-4-0,-1,69,155.0,71.0,Orthodox,1992-01-29,6.77,0.46,6.32,0.63,3.87,0.4,1.0,0.0,11,4,0
1138,HanSeul Kim,Spade,Record: 13-6-0,-2,73,170.0,73.0,Southpaw,1990-06-19,5.79,0.42,5.68,0.52,0.0,0.0,0.5,1.7,13,6,0
1139,SangWon Kim,No Problem,Record: 10-6-1,-1,69,145.0,69.0,Orthodox,1993-09-01,3.18,0.57,3.73,0.58,0.69,0.25,0.72,0.0,10,6,1
1140,Sangwook Kim,Frogman,Record: 9-3-0,-1,72,155.0,72.0,Orthodox,1993-10-17,5.57,0.51,7.94,0.48,1.65,0.18,0.66,0.8,9,3,0
1141,Jong Won Kim,,Record: 0-1-0,-1,67,139.0,,Orthodox,,0.84,0.15,3.28,0.63,2.81,1.0,0.0,0.0,0,1,0
1142,Ji Yeon Kim,Firefist,Record: 9-7-2,-5,67,125.0,72.0,Orthodox,1989-10-18,5.37,0.36,5.41,0.56,0.0,0.0,0.5,0.1,9,7,2
1143,Jong Man Kim,Special Force,Record: 23-11-3 (1 NC),-1,67,139.0,,Orthodox,1978-03-03,1.33,0.21,3.0,0.6,0.0,0.0,0.0,0.0,23,11,3 (1 NC)
1144,Jin Oh Kim,,Record: 0-4-0,-1,69,205.0,,Orthodox,,5.06,0.25,8.43,0.5,0.0,0.0,0.66,0.0,0,4,0
1145,Min Soo Kim,,Record: 3-7-0,-1,73,255.0,,Southpaw,1975-01-22,0.87,1.0,3.48,0.2,0.0,0.0,0.0,0.0,3,7,0
1146,Dae Won Kim,,Record: 11-7-0,-2,71,180.0,,Orthodox,,1.75,0.32,2.51,0.36,3.43,0.42,0.0,0.0,11,7,0
1147,Jacob Kilburn,The Killer,Record: 8-4-0,-3,69,145.0,72.0,Orthodox,1995-06-28,2.56,0.33,6.78,0.35,0.51,0.05,0.2,0.5,8,4,0
1148,Dong Hyun Kim,Stun Gun,Record: 22-4-1 (1 NC),-1,74,170.0,76.0,Southpaw,1981-11-17,2.12,0.49,1.89,0.58,2.93,0.43,0.71,0.6,22,4,1 (1 NC)
1149,Katsunori Kikuno,,Record: 24-8-2,-2,68,145.0,66.0,Orthodox,1981-10-31,2.64,0.4,2.47,0.61,1.88,0.75,0.76,0.8,24,8,2
1150,Akira Kikuchi,,Record: 16-4-0,-1,68,155.0,,Orthodox,1978-07-23,3.67,0.56,0.4,0.14,2.0,0.4,1.0,0.0,16,4,0
1151,WonBin Ki,The Danger,Record: 18-9-0,1,71,155.0,73.0,Orthodox,1991-02-11,6.73,0.5,4.21,0.55,0.73,0.2,0.5,0.0,18,9,0
1152,Aliaskhab Khizriev,Black Wolf,Record: 14-0-0 (1 NC),0,69,185.0,74.0,Southpaw,1990-08-24,6.01,0.64,4.38,0.61,5.64,0.6,1.0,3.8,14,0,0 (1 NC)
1153,Sanae Kikuta,,Record: 31-9-3 (1 NC),2,69,200.0,,Orthodox,1971-09-10,0.7,0.45,0.9,0.52,1.6,0.63,0.25,1.8,31,9,3 (1 NC)
1154,Pannie Kianzad,Banzai,Record: 17-9-0,-3,67,135.0,66.0,Orthodox,1991-12-08,4.88,0.49,4.09,0.51,0.41,0.33,0.65,0.1,17,9,0
1155,Alfred Khashakyan,The Fearless,Record: 8-3-0,-1,68,135.0,70.0,Orthodox,1988-07-17,6.14,0.42,6.38,0.4,3.54,0.25,0.0,0.0,8,3,0
1156,Sergey Khandozhko,Honda,Record: 28-6-1,1,73,170.0,74.0,Orthodox,1992-05-19,3.41,0.41,2.37,0.6,0.76,0.28,0.61,0.0,28,6,1
1157,Will Kerr,,Record: 9-3-0,-1,70,155.0,69.0,Orthodox,1982-10-21,1.91,0.42,6.22,0.33,0.0,0.0,0.0,14.3,9,3,0
1158,Ron Keslar,,Record: 11-9-0,1,0,185.0,,,,0.0,0.0,2.05,0.6,0.0,0.0,1.0,7.7,11,9,0
1159,Sergei Kharitonov,,Record: 26-6-0,-1,72,245.0,,Orthodox,1980-08-18,3.9,0.44,3.03,0.54,1.16,0.53,0.7,1.0,26,6,0
1160,Mark Kerr,The Smashing Machine,Record: 15-11-0 (1 NC),-4,75,266.0,,Switch,1968-12-21,0.28,0.41,0.89,0.28,2.92,0.77,0.0,0.4,15,11,0 (1 NC)
1161,Maimaitituoheti Keremuaili,Kyrgyz Mountain Eagle,Record: 26-11-0,-1,66,135.0,66.0,Orthodox,1991-03-18,1.47,0.52,1.67,0.37,1.0,0.33,0.84,0.0,26,11,0
1162,Aurelijus Kerpe,,Record: 11-22-0,-1,0,,,Orthodox,,1.26,0.16,8.21,0.31,0.0,0.0,0.0,0.0,11,22,0
1163,Rustam Khabilov,Tiger,Record: 24-4-0,1,68,155.0,73.0,Orthodox,1986-11-04,1.98,0.34,2.16,0.65,3.95,0.41,0.61,0.1,24,4,0
1164,Jeremy Kennedy,JBC,Record: 11-1-0,-1,71,145.0,71.0,Orthodox,1992-09-16,2.22,0.46,2.58,0.47,5.73,0.52,0.66,0.0,11,1,0
1165,Casey Kenney,,Record: 16-4-1,-2,67,135.0,68.0,Southpaw,1991-03-20,4.85,0.42,4.67,0.58,1.09,0.35,0.61,0.4,16,4,1
1166,Waylon Kennell,,Record: 6-2-0,-1,72,185.0,,,,0.0,0.0,0.0,0.0,0.0,0.0,0.0,0.0,6,2,0
1167,Steve Kennedy,The Steamrolla,Record: 24-8-0,-2,71,170.0,,Orthodox,1983-03-07,2.28,0.35,5.52,0.45,2.51,0.33,0.0,0.0,24,8,0
1168,Daniel Kelly,,Record: 13-4-0,-3,72,185.0,70.0,Southpaw,1977-10-31,3.62,0.38,4.64,0.61,1.86,0.34,0.78,0.3,13,4,0
1169,Tony Kelley,Primetime,Record: 8-3-0,-1,69,135.0,70.0,Switch,1987-01-21,5.55,0.47,4.85,0.45,0.0,0.0,0.52,1.4,8,3,0
1170,Tim Kennedy,,Record: 18-6-0,-2,71,185.0,74.0,Orthodox,1979-09-01,2.78,0.47,1.84,0.62,2.58,0.35,0.7,0.7,18,6,0
1171,Paul Kelly,,Record: 14-5-0,-1,69,155.0,70.0,Orthodox,1984-09-12,3.22,0.37,2.61,0.59,1.34,0.6,0.3,1.5,14,5,0
1172,John Kelly,,Record: 5-4-0,1,69,170.0,,,1978-08-02,0.0,0.0,0.0,0.0,0.0,0.0,0.0,0.0,5,4,0
1173,CJ Keith,,Record: 8-4-0,-2,72,155.0,,Orthodox,1986-08-09,0.86,0.5,1.82,0.5,0.0,0.0,0.62,0.0,8,4,0
1174,Mayana Kellem,,Record: 7-1-0,-1,65,135.0,,Orthodox,1981-07-07,1.94,0.22,2.9,0.62,0.0,0.0,0.0,0.0,7,1,0
1175,Chris Kelades,The Greek Assassin,Record: 9-3-0,-1,67,125.0,68.0,Orthodox,1981-02-21,2.4,0.43,2.64,0.48,1.04,0.18,0.53,0.3,9,3,0
1176,Brian Kelleher,Boom,Record: 24-16-0,-4,66,135.0,66.0,Switch,1986-08-19,3.31,0.41,4.59,0.54,1.68,0.41,0.6,0.7,24,16,0
1177,Julie Kedzie,,Record: 16-13-0,-5,65,135.0,,Orthodox,1981-03-18,2.9,0.36,3.18,0.46,1.14,0.23,0.78,0.0,16,13,0
1178,Ryan Keenan,,Record: 6-2-0,-1,70,170.0,,,1985-06-15,0.0,0.0,0.0,0.0,0.0,0.0,0.0,0.0,6,2,0
1179,Masuto Kawana,Mast,Record: 10-4-0,-1,66,145.0,69.0,Orthodox,1995-01-30,2.54,0.41,3.79,0.41,11.67,0.55,1.0,0.0,10,4,0
1180,Toshiomi Kazama,,Record: 11-4-0,1,67,135.0,69.0,Orthodox,1997-05-15,1.72,0.53,3.89,0.42,1.68,0.12,0.66,0.6,11,4,0
1181,Canaan Kawaihae,,Record: 6-2-0 (1 NC),-2,72,145.0,71.0,Southpaw,1997-08-26,2.83,0.51,4.59,0.36,0.0,0.0,1.0,0.0,6,2,0 (1 NC)
1182,Ryo Kawamura,,Record: 18-9-4,-1,71,205.0,,Orthodox,1981-06-29,0.6,0.16,3.93,0.39,0.0,0.0,0.06,0.0,18,9,4
1183,Yusuke Kawaguchi,,Record: 18-12-0,1,72,255.0,,,1980-08-14,2.87,0.47,3.93,0.5,0.0,0.0,0.72,0.0,18,12,0
1184,Lone'er Kavanagh,,Record: 7-0-0,1,64,125.0,67.0,Orthodox,1999-06-09,4.97,0.66,4.14,0.62,0.0,0.0,0.0,0.0,7,0,0
1185,Brad Katona,Superman,Record: 16-3-0,0,66,135.0,64.0,Orthodox,1991-12-19,4.69,0.51,4.55,0.49,1.71,0.33,0.52,0.0,16,3,0
1186,Tatsuya Kawajiri,Crusher,Record: 36-11-2,-2,67,145.0,69.0,Orthodox,1978-05-08,2.04,0.44,2.01,0.5,3.63,0.48,0.63,1.1,36,11,2
1187,Sarah Kaufman,,Record: 18-4-0 (1 NC),-2,65,135.0,66.0,Orthodox,1985-09-20,6.65,0.46,4.0,0.62,0.38,0.57,0.81,0.0,18,4,0 (1 NC)
1188,Tetsuji Kato,,Record: 20-10-0,-2,0,155.0,,Orthodox,,1.2,0.29,2.1,0.7,2.0,0.57,0.8,0.5,20,10,0
1189,Calvin Kattar,,Record: 23-8-0,-3,71,145.0,72.0,Orthodox,1988-03-26,4.76,0.39,6.75,0.54,0.39,0.29,0.72,0.1,23,8,0
1190,Yusuke Kasuya,,Record: 9-3-0,-2,67,155.0,,Southpaw,1989-11-16,2.17,0.44,4.34,0.48,1.36,0.33,0.0,0.0,9,3,0
1191,Impa Kasanganay,Tshilobo,Record: 9-2-0,-1,71,170.0,75.0,Orthodox,1994-01-17,4.96,0.48,3.66,0.58,1.75,0.58,0.66,0.2,9,2,0
1192,Jinnosuke Kashimura,,Record: 4-2-0,-1,67,155.0,71.0,Southpaw,2001-08-12,0.21,0.5,7.37,0.25,3.16,1.0,0.0,6.3,4,2,0
1193,Georgi Karakhanyan,Insane,Record: 26-7-1,1,68,145.0,,,1985-05-29,4.49,0.39,5.0,0.54,1.41,0.5,0.33,1.9,26,7,1
1194,Nadia Kassem,,Record: 5-2-0,-2,65,125.0,66.0,Southpaw,1995-11-15,3.13,0.41,4.48,0.48,0.46,0.33,0.4,2.8,5,2,0
1195,Ernesta Kareckaite,Heavy-Handed,Record: 5-1-1,-1,69,125.0,71.0,Orthodox,1998-07-05,7.9,0.42,6.9,0.43,1.0,0.66,0.86,0.0,5,1,1
1196,David Kaplan,Diamond,Record: 3-4-0,-2,67,155.0,,Orthodox,1979-11-16,2.88,0.46,4.32,0.67,4.88,0.43,0.0,0.7,3,4,0
1197,Manel Kape,StarBoy,Record: 19-7-0,-1,65,125.0,68.0,Southpaw,1993-11-14,4.44,0.53,4.06,0.59,0.54,0.33,0.73,0.4,19,7,0
1198,Alex Karalexis,The Assassin,Record: 10-6-0,-1,68,155.0,66.0,Orthodox,1977-09-20,2.57,0.42,2.39,0.54,2.7,0.45,0.86,0.9,10,6,0
1199,Masanori Kanehara,,Record: 26-12-5,-2,67,135.0,67.0,Orthodox,1982-11-19,1.88,0.49,1.63,0.62,1.44,0.5,0.63,0.9,26,12,5
1200,Ken Kaneko,,Record: 0-3-0,-1,72,161.0,,Orthodox,,0.0,0.0,0.94,0.42,0.0,0.0,0.0,3.5,0,3,0
1201,Kyung Ho Kang,Mr. Perfect,Record: 19-11-0 (1 NC),-2,69,135.0,73.0,Orthodox,1987-09-09,3.13,0.47,3.32,0.54,1.97,0.5,0.68,0.8,19,11,0 (1 NC)
1202,Kai Kara-France,Don't Blink,Record: 25-11-0 (1 NC),1,64,125.0,69.0,Orthodox,1993-03-26,4.56,0.39,3.22,0.65,0.61,0.33,0.88,0.0,25,11,0 (1 NC)
1203,Denis Kang,,Record: 35-16-2 (2 NC),-2,71,185.0,77.0,Orthodox,1977-09-17,2.27,0.35,1.65,0.67,2.51,0.65,0.38,1.2,35,16,2 (2 NC)
1204,Bharat Kandare,Daring,Record: 5-3-0,-1,67,135.0,72.0,Orthodox,1987-06-20,0.7,0.1,1.88,0.72,0.0,0.0,0.0,0.0,5,3,0
1205,Shuya Kamikubo,Stealth,Record: 13-2-1,-1,65,135.0,68.0,Switch,1993-04-12,3.83,0.54,4.9,0.47,1.5,0.15,0.0,0.5,13,2,1
1206,Hiromitsu Kanehara,,Record: 19-27-5,-4,70,200.0,,Orthodox,1970-10-05,0.76,0.22,4.39,0.4,0.0,0.0,0.4,0.4,19,27,5
1207,Koya Kanda,Bushido,Record: 12-5-0,-1,69,145.0,75.0,Southpaw,1995-12-20,3.63,0.41,2.9,0.53,2.0,0.18,1.0,0.0,12,5,0
1208,Martin Kampmann,The Hitman,Record: 20-7-0,-2,72,170.0,72.0,Orthodox,1982-04-17,3.22,0.42,3.28,0.62,1.86,0.41,0.78,2.0,20,7,0
1209,Bryson Kamaka,,Record: 12-20-1 (1 NC),-1,71,170.0,,Orthodox,,9.47,0.6,12.63,0.0,0.0,0.0,1.0,0.0,12,20,1 (1 NC)
1210,Geza Kalman,,Record: 4-9-0,1,73,200.0,,,,0.0,0.0,0.0,0.0,0.0,0.0,0.0,0.0,4,9,0
1211,Oron Kahlon,,Record: 16-1-0,-1,68,135.0,70.0,Orthodox,1984-11-04,0.85,0.37,4.93,0.36,0.0,0.0,0.4,0.0,16,1,0
1212,Saidyokub Kakhramonov,,Record: 10-3-0,-1,68,135.0,69.0,Orthodox,1995-11-14,2.05,0.51,0.88,0.58,6.63,0.48,0.83,1.9,10,3,0
1213,Kai Kamaka,The Fighting Hawaiian,Record: 8-4-1,0,67,145.0,69.0,Orthodox,1995-01-05,4.96,0.57,5.29,0.55,1.93,0.58,0.52,0.3,8,4,1
1214,Emily Kagan,,Record: 3-3-0,-2,63,115.0,,,1981-07-14,2.6,0.36,5.29,0.38,1.86,0.14,0.5,0.0,3,3,0
1215,Kaiwen,The Underdog,Record: 12-6-0,-1,69,145.0,72.0,Switch,1995-10-16,4.32,0.49,3.74,0.54,0.78,0.33,0.92,0.0,12,6,0
1216,Patrick Kaase,Kamikaze,Record: 1-2-0,1,69,185.0,,,,4.4,0.67,0.53,0.5,0.0,0.0,0.5,0.0,1,2,0
1217,Sirwan Kakai,Zohan,Record: 12-5-0,-1,65,135.0,,Orthodox,1989-10-03,3.57,0.41,4.63,0.62,4.0,0.42,0.83,0.0,12,5,0
1218,Elvis Mutapcic,The King,Record: 15-6-1,-1,72,185.0,72.0,Orthodox,1986-07-19,3.41,0.4,4.27,0.38,0.0,0.0,0.81,0.0,15,6,1
1219,Ho Bae Myeon,,Record: 13-5-1,-1,71,168.0,,Orthodox,,3.16,0.16,3.16,0.83,0.0,0.0,0.0,0.0,13,5,1
1220,Fiona Muxlow,,Record: 6-3-0,-1,64,145.0,,,1977-05-13,1.44,0.27,5.45,0.34,0.0,0.0,0.0,0.0,6,3,0
1221,Andre Mussi,,Record: 11-5-0,-1,75,242.0,,Orthodox,,0.0,0.0,10.59,0.35,0.0,0.0,0.0,0.0,11,5,0
1222,Magomed Mustafaev,The Sniper,Record: 14-4-0,-1,68,155.0,71.0,Orthodox,1988-08-02,2.59,0.58,2.68,0.41,3.31,0.5,0.23,0.4,14,4,0
1223,Azamat Murzakanov,The Professional,Record: 14-0-0,5,70,205.0,71.0,Southpaw,1989-04-12,4.72,0.56,2.9,0.61,0.62,0.15,0.83,0.0,14,0,0
1224,Josias Musasa,The KO Wizard,Record: 7-0-0,1,68,135.0,74.0,Southpaw,1998-10-10,3.33,0.44,4.53,0.27,1.0,1.0,0.75,1.0,7,0,0
1225,Khalid Murtazaliev,,Record: 14-2-0,1,72,185.0,76.0,Orthodox,1993-07-15,4.8,0.69,0.4,0.78,7.5,1.0,0.33,0.0,14,2,0
1226,Max Mustaki,,Record: 6-3-0,-1,72,155.0,,Orthodox,1987-11-07,8.2,0.5,13.0,0.45,0.0,0.0,0.0,0.0,6,3,0
1227,Jesse Murray,Hollywood,Record: 8-4-0,-1,75,205.0,78.0,Orthodox,1993-01-26,2.38,0.28,7.72,0.43,0.0,0.0,0.0,0.0,8,4,0
1228,Lee Murray,Lightning,Record: 8-2-1 (1 NC),-1,75,185.0,,Orthodox,1977-09-12,0.36,0.15,3.28,0.32,0.9,1.0,0.42,1.8,8,2,1 (1 NC)
1229,Lerone Murphy,The Miracle,Record: 14-0-1,0,69,145.0,73.0,Orthodox,1991-07-22,5.01,0.54,2.6,0.6,1.59,0.52,0.46,0.6,14,0,1
1230,Nicholas Musoke,Nico,Record: 13-5-0 (1 NC),-2,72,170.0,75.0,Orthodox,1986-04-05,3.56,0.35,3.8,0.57,1.16,0.19,0.82,0.2,13,5,0 (1 NC)
1231,Patrick Murphy,,Record: 5-3-0,-1,72,170.0,,,,3.4,0.66,0.8,0.42,0.0,0.0,0.5,1.0,5,3,0
1232,Lauren Murphy,Lucky,Record: 16-6-0,-1,65,125.0,67.0,Orthodox,1983-07-27,4.05,0.39,5.25,0.55,1.03,0.25,0.69,0.1,16,6,0
1233,Ian Murphy,,Record: 1-1-0,-1,73,185.0,,Orthodox,1985-06-14,0.0,0.0,1.93,0.3,4.13,1.0,0.0,0.0,1,1,0
1234,Tom Murphy,,Record: 8-0-0,1,74,227.0,,Southpaw,1974-11-19,2.5,0.71,0.17,0.84,7.51,0.85,0.0,2.5,8,0,0
1235,Jon Murphy,Man of Faith,Record: 6-4-0,-1,75,260.0,,Orthodox,1977-08-09,3.93,0.66,8.85,0.43,0.0,0.0,0.0,0.0,6,4,0
1236,Vince Murdock,,Record: 12-4-0 (1 NC),-1,66,145.0,64.0,Orthodox,1991-03-21,1.21,0.21,7.17,0.4,0.0,0.0,0.0,0.0,12,4,0 (1 NC)
1237,Kanako Murata,,Record: 12-3-0,-2,61,115.0,62.0,Orthodox,1993-08-10,2.15,0.56,2.4,0.53,3.38,0.56,1.0,0.8,12,3,0
1238,Ryuichi Murata,,Record: 8-3-1,-1,68,183.0,,Orthodox,,0.84,0.36,1.89,0.5,4.74,0.5,1.0,3.2,8,3,1
1239,Samandar Murodov,,Record: 11-0-0,2,73,170.0,75.0,Orthodox,1999-08-28,1.5,0.75,0.5,0.44,6.01,0.66,0.0,1.5,11,0,0
1240,Makhmud Muradov,,Record: 26-8-0 (1 NC),0,74,185.0,75.0,Orthodox,1990-02-08,4.21,0.43,2.57,0.61,3.03,0.66,0.77,0.2,26,8,0 (1 NC)
1241,Kazunari Murakami,,Record: 5-5-0,-1,73,220.0,,Orthodox,1973-11-29,0.0,0.0,0.0,0.0,0.0,0.0,0.0,0.0,5,5,0
1242,Olivier Murad,Warrior of God,Record: 6-0-0,1,70,145.0,72.0,Southpaw,1993-12-21,2.6,0.36,2.2,0.61,1.0,1.0,0.55,0.0,6,0,0
1243,Johnny Munoz,Kid Kvenbo,Record: 12-4-0,-2,69,135.0,71.0,Orthodox,1993-02-16,2.44,0.36,2.66,0.55,2.4,0.25,0.45,1.8,12,4,0
1244,Alexander Munoz,,Record: 7-2-0,1,69,155.0,72.0,Switch,1990-02-27,3.7,0.42,4.73,0.55,3.0,0.4,1.0,0.0,7,2,0
1245,Mark Munoz,The Filipino Wrecking Machine,Record: 14-6-0,1,72,185.0,71.0,Orthodox,1978-02-09,3.12,0.51,2.26,0.57,3.17,0.29,0.57,0.6,14,6,0
1246,Andre Muniz,Sergipano,Record: 24-6-0,1,73,185.0,78.0,Southpaw,1990-02-17,1.97,0.5,1.99,0.54,4.23,0.5,0.35,1.2,24,6,0
1247,Jamie Mullarkey,,Record: 17-8-0,-2,72,155.0,74.0,Orthodox,1994-08-17,4.39,0.46,4.53,0.53,2.31,0.34,0.78,0.1,17,8,0
1248,Jim Mullen,,Record: 0-2-0,-1,73,215.0,,Southpaw,,0.0,0.0,0.0,0.0,0.0,0.0,0.0,0.0,0,2,0
1249,Pedro Munhoz,The Young Punisher,Record: 20-9-0 (2 NC),0,66,135.0,65.0,Orthodox,1986-09-07,5.32,0.43,6.23,0.56,0.51,0.18,0.82,0.5,20,9,0 (2 NC)
1250,James Mulheron,,Record: 11-2-0,-1,70,243.0,73.0,Orthodox,1988-02-20,2.4,0.31,3.47,0.42,0.0,0.0,0.25,0.0,11,2,0
1251,Melissa Mullins,No Mess,Record: 6-1-0,-1,67,135.0,68.0,Orthodox,1991-07-23,2.73,0.52,3.64,0.47,0.65,0.2,0.75,0.0,6,1,0
1252,Quinn Mulhern,,Record: 18-4-0,-2,75,155.0,,Orthodox,1984-09-20,1.48,0.28,2.09,0.51,1.36,0.2,0.33,0.0,18,4,0
1253,Belal Muhammad,Remember the Name,Record: 24-3-0 (1 NC),6,71,170.0,72.0,Orthodox,1988-07-09,4.39,0.43,3.48,0.57,2.28,0.39,0.89,0.2,24,3,0 (1 NC)
1254,Jamie Moyle,,Record: 4-3-0,-2,61,115.0,65.0,Orthodox,1989-03-17,4.51,0.51,4.0,0.65,1.0,0.21,0.5,0.0,4,3,0
1255,Askar Mozharov,,Record: 19-13-0,-1,75,205.0,74.0,Orthodox,1994-10-26,0.43,0.18,4.07,0.13,0.0,0.0,0.33,0.0,19,13,0
1256,Lauren Mueller,Princess Tiger,Record: 5-3-0,-3,65,125.0,67.0,Orthodox,1991-11-15,4.08,0.41,3.77,0.58,0.7,0.5,0.71,0.0,5,3,0
1257,Kris Moutinho,,Record: 9-6-0,-2,67,135.0,68.0,Southpaw,1992-08-09,4.86,0.32,15.48,0.28,0.0,0.0,0.0,0.0,9,6,0
1258,Eduarda Moura,Ronda,Record: 10-1-0,-1,66,115.0,66.0,Orthodox,1994-02-28,3.09,0.57,2.1,0.51,5.15,0.3,1.0,0.6,10,1,0
1259,Gegard Mousasi,,Record: 42-6-2,5,74,185.0,76.0,Orthodox,1985-08-01,3.75,0.5,1.21,0.68,1.59,0.6,0.59,1.1,42,6,2
1260,Nikolas Motta,Iron,Record: 14-5-0 (1 NC),1,69,155.0,70.0,Orthodox,1993-02-08,3.08,0.33,4.78,0.51,0.0,0.0,0.82,0.0,14,5,0 (1 NC)
1261,Juan Mott,,Record: 3-4-0,-1,72,190.0,,Switch,,0.0,0.0,0.0,0.0,0.0,0.0,0.0,0.0,3,4,0
1262,Flavio Luiz Moura,,Record: 19-7-0,-2,71,183.0,,Open Stance,,0.67,0.16,0.0,0.0,0.0,0.0,0.0,0.0,19,7,0
1263,Miki Motono,,Record: 8-5-0,-1,62,115.0,63.0,Southpaw,1994-05-18,1.27,0.27,4.2,0.57,3.0,0.3,0.0,1.0,8,5,0
1264,Carlos Mota,Tizil,Record: 8-2-0,-1,64,125.0,69.0,Orthodox,1995-04-15,0.8,0.41,1.13,0.54,0.0,0.0,0.5,1.0,8,2,0
1265,Anthony Morrison,Cheesesteak,Record: 20-12-0 (1 NC),-2,67,145.0,,Orthodox,1984-03-29,1.7,0.33,0.49,0.8,0.0,0.0,0.5,0.0,20,12,0 (1 NC)
1266,Harry Moskowitz,Dirty,Record: 6-12-0,-2,77,275.0,,Orthodox,,0.0,0.0,0.0,0.0,0.0,0.0,0.0,0.0,6,12,0
1267,Jack Morrison,,Record: 0-3-0,-1,71,205.0,,,,0.0,0.0,19.31,0.4,0.0,0.0,0.0,0.0,0,3,0
1268,Scott Morris,,Record: 2-1-0,-1,70,210.0,,Orthodox,,0.0,0.0,0.0,0.0,0.0,0.0,0.0,0.0,2,1,0
1269,Brad Morris,,Record: 10-6-0,-2,74,205.0,,Orthodox,1979-11-01,0.5,0.62,6.95,0.27,0.0,0.0,0.0,0.0,10,6,0
1270,Sergey Morozov,,Record: 19-5-0,2,66,135.0,67.0,Orthodox,1989-06-14,3.01,0.43,2.97,0.61,3.63,0.31,0.68,0.0,19,5,0
1271,Maryna Moroz,Iron Lady,Record: 11-6-0,-3,67,125.0,67.0,Orthodox,1991-09-08,4.42,0.33,4.89,0.51,0.7,0.24,0.42,0.6,11,6,0
1272,Alex Morono,The Great White,Record: 24-10-0 (1 NC),-1,71,170.0,72.0,Orthodox,1990-08-16,4.96,0.41,4.34,0.57,0.36,0.26,0.48,0.4,24,10,0 (1 NC)
1273,Sammy Morgan,The Squeeze,Record: 18-12-0,-5,70,170.0,,Orthodox,1981-09-28,1.05,0.22,3.74,0.4,1.43,0.2,0.0,0.5,18,12,0
1274,Alexander Morgan,The Chess Master,Record: 11-5-0,-1,70,145.0,71.0,Orthodox,1991-05-14,3.71,0.44,2.78,0.47,0.0,0.0,0.0,0.0,11,5,0
1275,Peggy Morgan,The Daywalker,Record: 4-4-0,-1,73,135.0,,,1979-12-16,2.27,0.23,8.2,0.33,0.0,0.0,0.5,0.0,4,4,0
1276,Dan Moret,The Hitman,Record: 13-6-0,-3,72,155.0,73.0,Southpaw,1986-11-21,2.67,0.43,3.56,0.43,1.25,0.27,0.45,0.4,13,6,0
1277,Brandon Moreno,The Assassin Baby,Record: 21-8-2,0,67,125.0,70.0,Orthodox,1993-12-07,3.87,0.44,3.63,0.59,1.74,0.46,0.63,0.5,21,8,2
1278,Mike Moreno,El Palo Duro,Record: 6-5-0,-1,72,185.0,,,,1.27,0.51,1.07,0.58,0.0,0.0,0.44,0.0,6,5,0
1279,Vinicius Moreira,Mamute,Record: 9-5-0,-4,76,205.0,76.0,Orthodox,1989-02-28,3.15,0.59,5.07,0.43,1.97,0.18,0.0,1.3,9,5,0
1280,Kennedy Nzechukwu,African Savage,Record: 12-5-0,0,77,205.0,83.0,Southpaw,1992-06-13,5.13,0.45,4.9,0.5,0.6,0.45,0.8,0.2,12,5,0
1281,Gisele Moreira,,Record: 8-3-0,1,66,135.0,,Orthodox,1981-01-14,5.93,0.42,6.33,0.48,4.0,0.57,0.0,0.0,8,3,0
1282,Richardson Moreira,Rick Monstro,Record: 7-4-0,-2,74,185.0,,Orthodox,1984-03-31,1.17,0.28,1.83,0.67,0.0,0.0,1.0,0.0,7,4,0
1283,Christian Morecraft,,Record: 8-3-0,-2,78,260.0,81.0,Orthodox,1986-09-08,2.82,0.34,2.46,0.46,3.26,0.66,0.5,2.2,8,3,0
1284,Umar Nurmagomedov,,Record: 18-0-0,6,68,135.0,69.0,Orthodox,1996-01-03,4.46,0.63,1.36,0.63,3.98,0.5,1.0,0.4,18,0,0
1285,Jesse Moreng,Arturo,Record: 9-1-0,-1,67,145.0,,Orthodox,1979-11-09,1.26,0.4,2.08,0.48,5.56,1.0,1.0,0.0,9,1,0
1286,Joe Moreira,,Record: 2-2-0,1,71,195.0,,Southpaw,,0.0,0.0,0.0,0.0,0.0,0.0,0.0,0.0,2,2,0
1287,Sarah Moras,Cheesecake,Record: 6-8-0,-2,67,135.0,67.0,Orthodox,1988-04-30,2.28,0.34,3.58,0.5,0.67,0.21,0.33,0.8,6,8,0
1288,Michael Morales,,Record: 17-0-0,6,72,170.0,79.0,Orthodox,1999-06-24,5.42,0.48,3.42,0.52,1.16,0.41,0.92,0.0,17,0,0
1289,Omar Morales,Venezuelan Fighter,Record: 11-4-0,-3,71,155.0,73.0,Orthodox,1985-10-17,3.42,0.4,3.18,0.58,0.46,1.0,0.63,0.0,11,4,0
1290,Vince Morales,Vandetta,Record: 11-7-0,-2,69,135.0,70.0,Orthodox,1990-11-12,4.17,0.37,4.24,0.53,0.14,0.25,0.64,0.0,11,7,0
1291,Ricardo Morais,The Mutant,Record: 10-4-1,1,80,270.0,,Orthodox,1967-02-26,2.86,0.37,2.39,0.53,0.0,0.0,0.0,0.0,10,4,1
1292,Albert Morales,The Warrior,Record: 7-4-1,-3,69,135.0,72.0,Orthodox,1991-05-25,3.81,0.35,3.96,0.56,0.91,0.35,0.7,0.2,7,4,1
1293,Leonardo Morales,Chimy,Record: 6-2-0,-2,68,135.0,,Southpaw,1992-12-22,2.05,0.47,2.05,0.58,0.0,0.0,0.62,0.0,6,2,0
1294,Joseph Morales,,Record: 9-2-0,-2,66,125.0,69.0,Switch,1994-08-22,1.58,0.37,1.72,0.6,0.53,0.5,0.23,2.6,9,2,0
1295,John Moraga,,Record: 19-7-0,-1,66,125.0,66.0,Orthodox,1984-03-20,2.57,0.43,2.55,0.56,0.62,0.23,0.44,1.1,19,7,0
1296,Sheymon Moraes,,Record: 11-4-0,-2,68,145.0,72.0,Orthodox,1990-10-11,3.0,0.42,3.64,0.63,0.0,0.0,0.53,0.0,11,4,0
1297,Marlon Moraes,Magic,Record: 23-10-1,-4,66,135.0,67.0,Orthodox,1988-04-26,3.37,0.4,4.53,0.54,0.87,0.41,0.46,0.3,23,10,1
1298,Sergio Moraes,The Panther,Record: 14-6-1,-3,72,170.0,72.0,Orthodox,1982-07-23,2.42,0.42,3.73,0.59,1.2,0.38,0.75,0.4,14,6,1
1299,Nate Moore,,Record: 8-4-0,-1,72,170.0,,,,2.21,0.25,2.87,0.42,1.23,0.16,0.25,0.0,8,4,0
1300,Taylor Moore,,Record: 10-5-0,-1,70,135.0,70.0,Southpaw,1993-10-16,0.2,0.75,2.07,0.42,0.0,0.0,0.25,0.0,10,5,0
1301,Todd Moore,,Record: 16-7-0,-1,69,170.0,71.0,Southpaw,1983-12-30,1.83,0.26,2.3,0.57,0.78,0.14,0.54,0.0,16,7,0
1302,Homer Moore,The Rock,Record: 26-9-2,-1,70,205.0,,Orthodox,1971-11-27,0.68,0.5,0.68,0.0,5.07,0.66,0.0,0.0,26,9,2
1303,James Moontasri,Moon Walker,Record: 9-5-0,-2,70,170.0,71.0,Switch,1988-04-10,2.39,0.48,3.86,0.4,0.0,0.0,0.79,0.2,9,5,0
1304,Steve Montgomery,The Creepy Weasel,Record: 9-5-0,-2,76,185.0,,Southpaw,1990-12-19,4.85,0.39,4.12,0.47,0.0,0.0,0.64,0.0,9,5,0
1305,Andrew Montanez,,Record: 9-12-1,1,0,185.0,,,,0.0,0.0,0.0,0.0,0.0,0.0,0.0,0.0,9,12,1
1306,Erick Montano,Perry,Record: 7-5-0,-2,72,170.0,73.0,Orthodox,1985-11-19,2.79,0.44,2.06,0.64,2.29,0.36,0.66,0.0,7,5,0
1307,Nicco Montano,,Record: 5-3-0,-1,65,135.0,65.0,Southpaw,1988-12-16,5.6,0.41,4.43,0.64,2.25,0.54,0.69,0.4,5,3,0
1308,Augusto Montano,Dodger,Record: 15-3-0,-2,73,170.0,73.0,Orthodox,1984-10-25,3.46,0.46,2.66,0.56,0.0,0.0,0.66,0.0,15,3,0
1309,Hidetaka Monma,,Record: 18-11-4,-1,72,168.0,,Orthodox,1973-10-23,1.67,0.25,9.76,0.34,0.0,0.0,0.0,0.0,18,11,4
1310,Darrell Montague,Mongoose,Record: 13-5-0,-3,66,125.0,67.0,Southpaw,1987-11-03,1.92,0.25,5.38,0.52,0.72,0.25,0.33,1.4,13,5,0
1311,Jeff Molina,El Jefe,Record: 11-2-0,4,66,125.0,69.0,Orthodox,1997-07-17,7.25,0.48,5.04,0.55,0.0,0.0,0.66,0.0,11,2,0
1312,Ashkan Mokhtarian,The Assassin,Record: 13-3-0,-2,66,125.0,67.0,Southpaw,1985-09-15,1.95,0.43,3.66,0.43,0.54,0.16,0.33,0.0,13,3,0
1313,Jeff Monson,The Snowman,Record: 60-26-1,-2,69,247.0,74.0,Orthodox,1971-01-18,0.97,0.3,2.87,0.59,1.06,0.12,0.66,0.7,60,26,1
1314,Rudyard Moncayo,,Record: 0-3-0,-1,70,195.0,,Orthodox,,0.0,0.0,0.0,0.0,0.0,0.0,0.0,0.0,0,3,0
1315,Suman Mokhtarian,,Record: 8-5-0,-2,68,145.0,72.0,Orthodox,1992-06-13,2.21,0.43,6.85,0.48,0.0,0.0,0.0,0.0,8,5,0
1316,Muhammad Mokaev,The Punisher,Record: 13-0-0 (1 NC),7,67,125.0,70.0,Orthodox,2000-07-30,1.61,0.45,1.35,0.57,5.29,0.41,0.25,0.8,13,0,0 (1 NC)
1317,Dan Molina,,Record: 13-9-0,1,70,216.0,,,1984-06-14,0.0,0.0,5.58,0.6,0.0,0.0,0.0,20.9,13,9,0
1318,Renato Moicano,,Record: 19-5-1,0,71,155.0,72.0,Orthodox,1989-05-21,4.38,0.48,3.68,0.6,1.89,0.45,0.72,0.6,19,5,1
1319,Thiago Moises,,Record: 18-8-0,-1,69,155.0,70.0,Orthodox,1995-03-23,2.39,0.4,4.14,0.54,1.47,0.35,0.55,1.3,18,8,0
1320,Nate Mohr,,Record: 9-7-0,-2,69,155.0,72.0,Orthodox,1983-03-03,3.79,0.41,2.5,0.74,0.45,0.5,0.71,0.0,9,7,0
1321,Bobby Moffett,The Wolfman,Record: 13-5-0 (1 NC),-2,70,145.0,73.0,Orthodox,1990-06-01,3.41,0.39,3.15,0.61,2.74,0.66,0.66,1.4,13,5,0 (1 NC)
1322,Roxanne Modafferi,The Happy Warrior,Record: 25-21-0,-3,67,125.0,69.0,Orthodox,1982-09-24,3.35,0.3,5.7,0.51,1.35,0.23,0.3,0.1,25,21,0
1323,Mizuki,,Record: 15-6-0,1,63,115.0,65.0,Orthodox,1994-08-19,4.56,0.5,5.62,0.48,0.33,0.14,0.85,0.0,15,6,0
1324,Motoki Miyazawa,,Record: 7-3-0,-1,71,168.0,,Southpaw,,1.23,0.28,3.91,0.61,0.0,0.0,0.0,0.0,7,3,0
1325,Tatsuya Mizuno,,Record: 16-12-1,1,73,205.0,,Southpaw,1981-06-02,2.25,0.37,3.52,0.53,1.19,0.25,0.4,3.6,16,12,1
1326,Takeya Mizugaki,,Record: 21-11-2,-2,67,135.0,69.0,Orthodox,1983-12-16,3.37,0.37,3.27,0.57,1.46,0.57,0.7,0.1,21,11,2
1327,Tomoya Miyashita,,Record: 17-9-7,1,67,139.0,,Southpaw,,1.67,0.65,0.93,0.33,4.0,0.8,0.0,2.0,17,9,7
1328,Abubakar Nurmagomedov,,Record: 17-4-1,-1,71,170.0,72.0,Orthodox,1989-11-13,2.78,0.53,2.61,0.65,1.25,0.22,0.88,0.0,17,4,1
1329,Kazuyuki Miyata,,Record: 15-9-0,-2,68,139.0,,Orthodox,,2.04,0.52,1.82,0.63,4.31,0.46,0.68,0.0,15,9,0
1330,Josiane Nunes,Josi,Record: 10-3-0,-2,62,135.0,67.0,Southpaw,1993-12-23,5.41,0.42,5.44,0.51,0.0,0.0,0.58,0.0,10,3,0
1331,Said Nurmagomedov,,Record: 18-3-0,1,68,135.0,70.0,Orthodox,1992-04-05,3.55,0.47,2.13,0.57,1.01,0.16,0.66,1.4,18,3,0
1332,Diego Nunes,The Gun,Record: 19-7-0,-1,66,145.0,67.0,Orthodox,1982-11-30,2.72,0.43,2.59,0.58,1.18,0.44,0.65,0.6,19,7,0
1333,Istela Nunes,,Record: 6-5-0 (1 NC),-4,64,115.0,66.0,Orthodox,1992-07-23,5.02,0.45,4.84,0.6,0.0,0.0,0.5,0.0,6,5,0 (1 NC)
1334,Amanda Nunes,The Lioness,Record: 23-5-0,2,68,135.0,69.0,Orthodox,1988-05-30,4.55,0.51,2.62,0.57,2.73,0.54,0.82,0.7,23,5,0
1335,Khabib Nurmagomedov,The Eagle,Record: 29-0-0,13,70,155.0,70.0,Orthodox,1988-09-20,4.1,0.48,1.75,0.65,5.32,0.48,0.84,0.8,29,0,0
1336,Nina Nunes,,Record: 11-7-0,1,65,125.0,64.0,Orthodox,1985-12-03,4.39,0.45,3.47,0.55,0.24,0.33,0.73,0.5,11,7,0
1337,Shayilan Nuerdanbieke,Wolverine,Record: 39-12-0,-2,68,145.0,69.0,Orthodox,1994-05-04,1.95,0.45,2.64,0.5,3.3,0.35,0.28,0.2,39,12,0
1338,Taiyilake Nueraji,Super Saiyan,Record: 9-1-0,1,74,170.0,75.0,Southpaw,2001-01-12,11.01,0.48,7.39,0.58,0.0,0.0,0.0,0.0,9,1,0
1339,Phillipe Nover,The Filipino Assassin,Record: 11-8-1,-3,69,145.0,72.0,Orthodox,1984-02-03,1.79,0.35,2.48,0.56,0.99,0.28,0.44,0.7,11,8,1
1340,Jonatas Novaes,,Record: 13-5-0,-1,71,170.0,,,1981-03-02,0.0,0.0,0.0,0.0,0.0,0.0,0.0,0.0,13,5,0
1341,Jason Novelli,Flipside,Record: 11-3-1,-2,72,155.0,,Orthodox,1979-06-08,1.73,0.24,3.55,0.66,0.7,0.33,1.0,0.0,11,3,1
1342,Jan Nortje,The Giant,Record: 2-6-0,-1,73,310.0,,Southpaw,1975-04-11,3.32,0.51,4.5,0.32,0.0,0.0,0.66,2.9,2,6,0
1343,Sage Northcutt,Super,Record: 11-2-0,3,72,170.0,71.0,Orthodox,1996-03-01,3.58,0.52,1.96,0.58,1.81,0.34,0.41,0.6,11,2,0
1344,Shohei Nose,,Record: 12-5-2,-3,66,135.0,68.0,Switch,1997-10-19,1.52,0.37,2.17,0.52,2.23,0.17,0.14,3.6,12,5,2
1345,Tom Nolan,Big Train,Record: 8-1-0,2,75,155.0,73.0,Southpaw,2000-03-08,6.68,0.5,5.17,0.47,0.0,0.0,0.66,0.7,8,1,0
1346,KJ Noons,King,Record: 13-9-0 (1 NC),-2,70,155.0,70.0,Orthodox,1982-12-07,3.68,0.35,3.78,0.65,0.08,0.2,0.68,0.0,13,9,0 (1 NC)
1347,Scott Norton,Hollywood,Record: 7-1-0,-1,70,170.0,,Orthodox,1973-03-15,0.67,0.3,0.34,0.6,2.52,0.25,0.0,0.0,7,1,0
1348,Nick Nolte,,Record: 5-4-0,1,72,170.0,,,,0.0,0.0,0.0,0.0,0.0,0.0,0.0,0.0,5,4,0
1349,Kyle Noke,,Record: 22-10-1,-3,73,170.0,76.0,Southpaw,1980-03-18,3.23,0.5,2.09,0.64,1.53,0.54,0.66,0.8,22,10,1
1350,Alexandre Franca Nogueira,Pequeno,Record: 18-6-3,-1,67,145.0,,Orthodox,1978-01-15,0.6,0.2,4.18,0.57,0.0,0.0,0.0,0.0,18,6,3
1351,Pedro Nobre,The Rock,Record: 18-4-2 (1 NC),0,65,135.0,,,1986-02-13,1.37,0.3,9.16,0.35,0.0,0.0,0.0,0.0,18,4,2 (1 NC)
1352,Jacob Noe,Psycho,Record: 3-11-0 (1 NC),1,0,205.0,,,,0.0,0.0,0.0,0.0,0.0,0.0,0.0,0.0,3,11,0 (1 NC)
1353,Rogerio Nogueira,Minotouro,Record: 23-10-0,-2,74,205.0,75.0,Southpaw,1976-06-02,2.43,0.35,2.34,0.59,0.64,0.44,0.62,0.8,23,10,0
1354,Derrick Noble,The Eraser,Record: 27-15-1,-1,69,170.0,,Southpaw,1978-08-14,6.21,0.4,3.79,0.59,0.0,0.0,0.0,0.0,27,15,1
1355,Chidi Njokuani,Bang Bang,Record: 23-10-0 (1 NC),0,75,170.0,80.0,Orthodox,1988-12-31,4.09,0.61,2.94,0.55,0.0,0.0,0.74,0.2,23,10,0 (1 NC)
1356,Antonio Rodrigo Nogueira,Minotauro,Record: 34-10-1 (1 NC),-3,75,240.0,77.0,Orthodox,1976-06-02,1.95,0.42,2.4,0.55,1.3,0.29,0.36,2.4,34,10,1 (1 NC)
1357,Akiyo Nishiura,Wicky Akiyo,Record: 13-8-1,-2,68,139.0,,Southpaw,1983-08-08,1.59,0.57,1.26,0.57,0.0,0.0,0.52,0.3,13,8,1
1358,Yosuke Nishijima,,Record: 0-5-0,-4,69,205.0,,Orthodox,1973-05-15,1.72,0.37,5.59,0.56,0.0,0.0,0.0,0.0,0,5,0
1359,Anthony Njokuani,The Assassin,Record: 16-12-0 (1 NC),-2,73,155.0,75.0,Orthodox,1980-03-01,3.94,0.46,2.41,0.65,0.5,0.45,0.53,0.2,16,12,0 (1 NC)
1360,Guangyou Ning,Smasher,Record: 5-4-1,-2,64,145.0,64.0,Southpaw,1981-12-15,2.66,0.41,1.91,0.61,1.09,0.5,0.62,0.3,5,4,1
1361,Soichi Nishida,,Record: 5-10-1,-1,71,320.0,,Orthodox,,0.0,0.0,0.0,0.0,0.0,0.0,0.0,0.0,5,10,1
1362,Mats Nilsson,,Record: 11-4-1,-2,73,170.0,,Orthodox,1983-12-05,2.99,0.39,5.62,0.63,3.87,0.83,0.44,2.3,11,4,1
1363,Jack Nilson,,Record: 2-6-0,1,0,,,,,0.0,0.0,0.0,0.0,0.0,0.0,0.0,0.0,2,6,0
1364,Hans Nijman,,Record: 9-7-0,-1,72,250.0,,Switch,1959-10-23,0.0,0.0,0.0,0.0,0.0,0.0,0.0,0.0,9,7,0
1365,Ramsey Nijem,,Record: 9-6-0,-2,71,155.0,75.0,Orthodox,1988-04-01,3.05,0.44,1.62,0.62,5.32,0.62,0.55,1.1,9,6,0
1366,Tom Niinimaki,Stoneface,Record: 22-8-1,-3,69,145.0,69.0,Orthodox,1982-07-25,1.91,0.54,2.31,0.58,2.97,0.46,0.33,0.5,22,8,1
1367,Jaimelene Nievera,Queenie,Record: 7-4-0,-1,65,125.0,,Orthodox,1984-10-28,1.67,0.53,8.73,0.33,1.79,0.16,0.0,0.0,7,4,0
1368,Stewart Nicoll,Kakamora,Record: 8-1-0,-1,65,125.0,65.0,Orthodox,1994-11-04,3.02,0.47,1.13,0.4,5.66,1.0,0.0,0.0,8,1,0
1369,Mike Nickels,,Record: 9-5-0,-1,76,205.0,,Orthodox,1971-12-13,4.44,0.52,1.11,0.64,11.11,0.8,0.0,2.8,9,5,0
1370,Jonathan  Mix,,Record: 7-4-0,1,72,168.0,,,1980-11-09,0.0,0.0,0.0,0.0,0.0,0.0,0.0,0.0,7,4,0
1371,Matheus Nicolau,,Record: 19-5-1,0,66,125.0,66.0,Orthodox,1993-01-06,3.62,0.52,3.19,0.66,1.38,0.45,0.93,0.8,19,5,1
1372,Bo Nickal,,Record: 6-0-0,0,73,185.0,76.0,Southpaw,1996-01-14,1.64,0.62,0.5,0.7,7.46,0.5,0.0,7.5,6,0,0
1373,Hiromitsu Miura,,Record: 12-7-0,-2,69,170.0,71.0,Orthodox,1981-09-22,2.12,0.34,2.12,0.58,2.23,0.5,0.69,0.6,12,7,0
1374,Alex Nicholson,The Spartan,Record: 7-4-0,-2,76,185.0,77.0,Orthodox,1990-05-02,4.12,0.43,4.65,0.47,0.0,0.0,0.5,0.5,7,4,0
1375,Matt Mitrione,,Record: 12-5-0,-2,75,265.0,82.0,Switch,1978-07-15,3.55,0.5,2.79,0.64,0.0,0.0,0.55,0.7,12,5,0
1376,Eiji Mitsuoka,,Record: 18-9-2,-2,67,145.0,,Southpaw,1976-01-01,1.49,0.49,2.26,0.45,2.3,0.36,0.2,1.6,18,9,2
1377,Terrence Mitchell,,Record: 14-4-0,-2,70,135.0,74.0,Orthodox,1989-12-30,2.21,0.34,8.85,0.41,3.69,0.5,0.0,0.0,14,4,0
1378,Roman Mitichyan,,Record: 8-3-0,-1,70,170.0,,Orthodox,1978-09-04,0.26,0.16,2.7,0.43,1.93,1.0,0.25,1.9,8,3,0
1379,Maurice Mitchell,The AK Kid,Record: 11-2-0,-1,69,145.0,,Orthodox,1987-06-29,3.8,0.55,3.54,0.6,0.0,0.0,1.0,0.0,11,2,0
1380,Bryce Mitchell,Thug Nasty,Record: 16-3-0,-1,70,145.0,70.0,Southpaw,1994-10-04,2.3,0.58,1.63,0.58,3.45,0.41,0.33,1.6,16,3,0
1381,David Mitchell,Daudi,Record: 22-7-0,-2,72,170.0,75.0,Orthodox,1979-10-24,1.74,0.32,2.06,0.55,0.66,0.5,0.29,2.0,22,7,0
1382,Felix Lee Mitchell,,Record: 2-7-0,-3,0,,,Orthodox,,0.0,0.0,0.0,0.0,0.0,0.0,0.0,0.0,2,7,0
1383,Danny Mitchell,The Cheesecake Assassin,Record: 19-9-1,-2,74,170.0,,Orthodox,1986-08-08,2.53,0.49,2.53,0.52,0.0,0.0,1.0,3.0,19,9,1
1384,Dokonjonosuke Mishima,,Record: 21-7-2,-2,67,155.0,,Southpaw,1972-04-19,1.06,0.41,1.22,0.52,2.47,0.4,0.25,1.4,21,7,2
1385,Toby Misech,2 Quick,Record: 9-5-0,-1,68,145.0,,Southpaw,1988-03-07,3.27,0.4,7.73,0.46,0.0,0.0,0.0,0.0,9,5,0
1386,Gabriel Miranda,Fly,Record: 17-6-0,0,71,145.0,71.0,Orthodox,1990-03-25,3.52,0.51,6.88,0.39,4.8,0.4,0.0,2.4,17,6,0
1387,Damir Mirenic,Wolf,Record: 9-4-0,-1,72,185.0,,Orthodox,1974-08-02,0.84,0.5,9.86,0.35,0.0,0.0,0.0,0.0,9,4,0
1388,Mario Miranda,,Record: 14-7-0,-2,75,185.0,74.0,Orthodox,1979-07-12,1.96,0.54,2.46,0.36,1.02,0.6,0.54,0.0,14,7,0
1389,Juan Miranda,,Record: 7-5-0,-1,0,155.0,,,,0.0,0.0,0.0,0.0,0.0,0.0,0.0,0.0,7,5,0
1390,Vitor Miranda,Lex Luthor,Record: 12-5-0,-3,73,185.0,77.0,Orthodox,1979-03-10,2.98,0.45,2.95,0.58,0.95,0.55,0.5,0.2,12,5,0
1391,Kazuo Misaki,Hitman,Record: 25-11-2 (1 NC),1,68,183.0,,Orthodox,1976-04-25,2.85,0.4,2.74,0.63,0.72,0.38,0.51,0.6,25,11,2 (1 NC)
1392,Carlton Minus,Clutch,Record: 10-3-0 (1 NC),-2,70,170.0,75.0,Orthodox,1993-04-26,3.5,0.4,4.97,0.5,0.0,0.0,0.58,0.0,10,3,0 (1 NC)
1393,Frank Mir,,Record: 18-11-0,-2,75,264.0,79.0,Southpaw,1979-05-24,2.18,0.47,3.84,0.38,2.02,0.4,0.54,2.0,18,11,0
1394,Ikuhisa Minowa,Minowaman,Record: 60-42-8,1,69,181.0,,Orthodox,1976-01-12,0.88,0.4,1.66,0.49,1.82,0.41,0.05,1.9,60,42,8
1395,Darrick Minner,,Record: 26-14-0,-3,67,145.0,69.0,Orthodox,1990-04-28,2.63,0.65,2.28,0.35,2.4,0.72,0.66,2.7,26,14,0
1396,Stipe Miocic,,Record: 20-4-0,0,76,240.0,80.0,Orthodox,1982-08-19,4.82,0.53,3.82,0.54,1.86,0.34,0.68,0.0,20,4,0
1397,Adam Milstead,The Prototype,Record: 8-4-0,-2,75,205.0,76.0,Orthodox,1987-07-03,3.85,0.46,4.79,0.43,0.0,0.0,0.64,0.0,8,4,0
1398,Eddy Millis,,Record: 0-2-0,-1,73,185.0,,,,0.0,0.0,3.36,0.22,0.0,0.0,0.0,7.2,0,2,0
1399,Alberto Mina,Soldier of God,Record: 13-1-0,-1,72,170.0,77.0,Orthodox,1982-05-02,3.23,0.38,3.7,0.47,1.85,0.2,0.5,0.0,13,1,0
1400,Mo Miller,Moshow,Record: 6-0-0,1,68,135.0,72.0,Orthodox,1992-08-10,1.87,0.45,1.33,0.6,4.0,0.8,0.0,0.0,6,0,0
1401,Che Mills,Beautiful,Record: 16-10-0 (3 NC),0,73,170.0,76.0,Orthodox,1982-09-29,2.08,0.52,2.87,0.43,1.18,0.66,0.58,0.0,16,10,0 (3 NC)
1402,Juliana Miller,Killer,Record: 4-3-0,-2,67,125.0,66.0,Orthodox,1996-05-07,3.31,0.45,4.75,0.32,1.84,0.44,0.0,1.8,4,3,0
1403,Henry Miller,Sentoryu,Record: 6-16-0 (1 NC),-3,67,270.0,,Southpaw,1969-07-16,1.25,0.36,2.16,0.54,0.55,0.25,0.6,0.0,6,16,0 (1 NC)
1404,Micah Miller,Maverick,Record: 20-8-0 (1 NC),-2,72,145.0,,Orthodox,1987-02-14,1.33,0.33,2.15,0.54,0.98,0.37,0.21,2.0,20,8,0 (1 NC)
1405,Dan Miller,,Record: 14-8-0 (1 NC),-2,73,185.0,74.0,Orthodox,1981-06-30,2.03,0.36,3.06,0.49,1.67,0.54,0.47,1.8,14,8,0 (1 NC)
1406,Jason Miller,Mayhem,Record: 23-10-0 (1 NC),-2,73,185.0,,Orthodox,1980-12-24,1.83,0.43,2.3,0.49,1.31,0.28,0.43,1.3,23,10,0 (1 NC)
1407,Curtis Millender,Curtious,Record: 17-5-0,-2,74,170.0,76.0,Orthodox,1987-12-01,3.86,0.46,2.95,0.61,0.43,1.0,0.57,0.0,17,5,0
1408,Cole Miller,Magrinho,Record: 21-11-0 (1 NC),-2,73,145.0,73.0,Orthodox,1984-04-26,3.0,0.33,3.88,0.59,0.6,0.36,0.38,1.8,21,11,0 (1 NC)
1409,Billy Miles,The Kid,Record: 2-2-0,-1,70,170.0,,Orthodox,1978-04-28,0.0,0.0,1.25,0.33,0.0,0.0,0.0,0.0,2,2,0
1410,Phillip Miller,,Record: 16-0-0,2,71,185.0,,Orthodox,1979-02-20,1.61,0.54,1.93,0.5,3.62,0.25,1.0,0.6,16,0,0
1411,Jim Miller,A-10,Record: 37-18-0 (1 NC),-1,68,155.0,71.0,Southpaw,1983-08-30,2.99,0.42,3.5,0.56,1.53,0.44,0.47,1.7,37,18,0 (1 NC)
1412,Pat Miletich,The Croatian Sensation,Record: 29-7-2,-1,70,170.0,,Orthodox,1968-03-09,1.79,0.45,1.66,0.63,1.96,1.0,0.54,1.0,29,7,2
1413,Bojan Mihajlovic,,Record: 10-6-0,-3,71,205.0,73.0,Orthodox,1980-03-30,1.23,0.35,5.95,0.47,0.0,0.0,0.33,0.0,10,6,0
1414,Keith Mielke,,Record: 0-5-0,-1,68,185.0,,,,0.0,0.0,0.0,0.0,0.0,0.0,0.0,0.0,0,5,0
1415,Kristof Midoux,The Hurricane,Record: 6-10-0,-2,73,220.0,,Orthodox,1974-07-30,0.7,0.43,2.89,0.49,0.0,0.0,0.0,0.0,6,10,0
1416,Steven Nguyen,The Ninja,Record: 9-2-0,-1,71,145.0,73.0,Switch,1993-05-19,7.15,0.4,7.36,0.6,0.28,1.0,0.84,0.0,9,2,0
1417,Chris Mierzwiak,,Record: 5-3-0,-1,73,185.0,,,1988-02-14,1.6,0.61,1.73,0.48,2.0,0.28,0.0,1.0,5,3,0
1418,Francis Ngannou,The Predator,Record: 17-3-0,6,76,250.0,83.0,Orthodox,1986-09-05,2.33,0.41,2.16,0.41,0.76,0.62,0.71,0.3,17,3,0
1419,Ben Nguyen,Ten,Record: 16-8-0,-2,65,125.0,65.0,Switch,1988-08-03,3.51,0.4,3.01,0.59,0.25,0.33,0.63,1.0,16,8,0
1420,Jeff Newton,,Record: 4-2-0,-1,74,205.0,,Sideways,1966-12-11,0.28,0.2,1.41,0.52,0.0,0.0,0.0,8.5,4,2,0
1421,Journey Newson,,Record: 10-5-0 (1 NC),-2,65,135.0,67.0,Orthodox,1989-03-07,2.64,0.32,2.57,0.64,0.56,0.16,0.43,0.3,10,5,0 (1 NC)
1422,Carlos Newton,The Ronin,Record: 16-14-0,-3,69,170.0,,Orthodox,1976-08-17,0.65,0.41,1.55,0.44,2.47,0.7,0.43,0.9,16,14,0
1423,Nick Newell,Notorious,Record: 14-2-0,-1,70,155.0,,Southpaw,1986-03-17,3.53,0.46,4.07,0.36,0.0,0.0,0.33,0.0,14,2,0
1424,Mario Neto,Sukata,Record: 13-5-0,-1,72,229.0,,Orthodox,,1.89,0.5,1.89,0.7,2.84,1.0,0.0,0.0,13,5,0
1425,Eduardo Neves,Bebezao,Record: 7-2-0,-2,74,263.0,78.0,Orthodox,2000-03-16,7.69,0.65,6.15,0.55,5.77,0.66,0.0,0.0,7,2,0
1426,Roy Nelson,Big Country,Record: 22-14-0,-1,72,263.0,73.0,Orthodox,1976-06-20,2.18,0.36,4.79,0.46,1.14,0.27,0.65,0.1,22,14,0
1427,Antonio Braga Neto,,Record: 9-3-0 (1 NC),-2,75,185.0,77.0,Orthodox,1987-10-29,1.36,0.33,3.92,0.45,3.07,0.37,0.0,0.5,9,3,0 (1 NC)
1428,Gunnar Nelson,Gunni,Record: 19-5-1,2,71,170.0,72.0,Switch,1988-07-28,1.84,0.61,3.0,0.49,1.9,0.59,0.66,1.0,19,5,1
1429,Steve Nelmark,The Sandman,Record: 2-1-0,-1,72,240.0,,Orthodox,,0.0,0.0,0.0,0.0,0.0,0.0,0.0,0.0,2,1,0
1430,Kyle Nelson,The Monster,Record: 16-6-1,-1,71,145.0,71.0,Switch,1991-04-20,3.51,0.45,4.72,0.51,1.06,0.2,0.73,0.6,16,6,1
1431,Stanislav Nedkov,Stucky,Record: 12-2-0 (1 NC),-2,71,205.0,71.0,Orthodox,1981-12-09,3.33,0.43,5.39,0.43,2.77,0.41,0.0,0.0,12,2,0 (1 NC)
1432,Nicolae Negumereanu,,Record: 13-2-0,-1,72,205.0,78.0,Orthodox,1994-09-04,3.58,0.41,5.56,0.39,1.02,0.28,0.62,0.0,13,2,0
1433,Shane Nelson,Sugar,Record: 16-7-0,-2,69,155.0,70.0,Southpaw,1984-11-29,1.38,0.31,2.84,0.61,1.31,0.18,0.54,1.6,16,7,0
1434,Dustin Neace,The Beast,Record: 25-21-1 (1 NC),-2,69,145.0,69.0,,1986-09-12,2.08,0.32,2.66,0.56,0.0,0.0,0.0,1.7,25,21,1 (1 NC)
1435,Josh Neer,The Dentist,Record: 36-16-1,-3,71,170.0,72.0,Orthodox,1983-03-24,3.29,0.46,3.63,0.58,1.09,0.34,0.46,1.3,36,16,1
1436,Geoff Neal,Handz of Steel,Record: 15-6-0,0,71,170.0,75.0,Southpaw,1990-08-28,4.97,0.5,5.47,0.57,0.46,0.44,0.87,0.1,15,6,0
1437,Josh Neal,,Record: 5-11-0,-3,72,185.0,,,,0.0,0.0,0.0,0.0,0.0,0.0,0.0,0.0,5,11,0
1438,Tafon Nchukwi,Da Don,Record: 6-4-0,-3,72,185.0,77.0,Orthodox,1994-10-14,5.57,0.52,4.11,0.54,0.76,0.57,0.64,0.0,6,4,0
1439,Kevin Natividad,Quicksand,Record: 9-4-0,-3,66,135.0,70.0,Orthodox,1993-04-02,2.68,0.34,4.29,0.47,3.66,0.5,0.83,0.0,9,4,0
1440,Ismail Naurdiev,The Austrian Wonderboy,Record: 19-4-0,-1,70,170.0,74.0,Orthodox,1996-08-18,3.17,0.52,1.3,0.68,1.25,0.71,0.7,0.2,19,4,0
1441,Reza Nasri,,Record: 0-1-0,-1,71,205.0,,Orthodox,,0.0,0.0,0.0,0.0,0.0,0.0,0.0,0.0,0,1,0
1442,Pawel Nastula,,Record: 5-6-0,-1,72,230.0,,Southpaw,1970-06-26,1.3,0.43,1.73,0.5,3.0,0.6,0.0,1.5,5,6,0
1443,Rafael Natal,Sapo,Record: 21-9-1,-3,72,185.0,77.0,Orthodox,1982-12-25,3.1,0.47,2.48,0.57,2.55,0.34,0.77,0.5,21,9,1
1444,Bobby Nash,,Record: 8-4-0,-3,72,170.0,74.0,Orthodox,1990-03-26,3.42,0.37,3.95,0.51,2.37,0.33,1.0,1.6,8,4,0
1445,Nasrudin Nasrudinov,,Record: 9-1-0,-1,72,205.0,71.0,Orthodox,1991-10-06,1.03,0.87,0.29,0.75,2.2,0.5,0.4,0.0,9,1,0
1446,Roger Narvaez,Silverback,Record: 8-3-0,-1,75,185.0,,Southpaw,1983-09-09,2.12,0.37,3.32,0.64,0.0,0.0,0.5,0.9,8,3,0
1447,Fabio Nascimento,Negao,Record: 11-6-0,-2,70,185.0,,Orthodox,,2.94,0.38,4.63,0.55,0.0,0.0,0.55,0.8,11,6,0
1448,Rodrigo Nascimento,Ze Colmeia,Record: 11-2-0 (1 NC),0,74,246.0,80.0,Orthodox,1992-11-26,4.05,0.49,4.62,0.43,1.23,0.37,0.76,0.6,11,2,0 (1 NC)
1449,Nad Narimani,Smiler,Record: 12-4-0,-2,68,145.0,70.0,Orthodox,1987-04-14,3.33,0.42,3.0,0.58,1.92,0.41,0.7,0.0,12,4,0
1450,Rose Namajunas,Thug,Record: 14-6-0,0,65,125.0,65.0,Orthodox,1992-06-29,3.7,0.42,3.38,0.64,1.55,0.53,0.59,0.4,14,6,0
1451,Allan Nascimento,Puro Osso,Record: 20-6-0,2,68,125.0,69.0,Orthodox,1991-09-11,3.21,0.61,2.28,0.5,1.55,0.26,0.16,0.9,20,6,0
1452,Tyson Nam,,Record: 21-14-1,-2,67,125.0,68.0,Orthodox,1983-10-06,3.87,0.33,4.97,0.65,0.0,0.0,0.87,0.0,21,14,1
1453,Yasuhito Namekawa,,Record: 25-16-4,-1,69,205.0,,Orthodox,1974-10-27,0.14,0.5,3.65,0.38,2.11,0.25,0.0,4.2,25,16,4
1454,Yui Chul Nam,The Korean Bulldozer,Record: 18-8-1,-2,69,145.0,,Orthodox,1981-07-16,3.53,0.51,2.0,0.48,1.33,0.16,0.57,0.3,18,8,1
1455,Yoshihiro Nakao,Kiss,Record: 9-3-0 (2 NC),1,72,220.0,,Southpaw,1972-06-25,1.73,0.35,2.06,0.64,2.69,0.46,0.0,0.5,9,3,0 (2 NC)
1456,Tokitaka Nakanishi,Toky,Record: 12-4-0,-1,66,135.0,66.0,Orthodox,1996-07-28,1.1,0.44,1.57,0.45,3.0,0.37,0.0,0.0,12,4,0
1457,Daisuke Nakamura,,Record: 28-19-1,-3,67,154.0,,Orthodox,1980-06-10,0.94,0.3,1.38,0.61,0.46,0.4,0.3,3.6,28,19,1
1458,Yusaku Nakamura,,Record: 14-4-1,-1,65,145.0,,,1986-06-21,1.72,0.45,3.67,0.55,0.0,0.0,0.83,0.0,14,4,1
1459,Jutaro Nakao,,Record: 25-19-4,-1,69,170.0,,Southpaw,1970-11-30,0.53,0.38,1.06,0.44,0.38,0.5,0.56,0.0,25,19,4
1460,Rinya Nakamura,Hybred,Record: 9-0-0,5,67,135.0,68.0,Southpaw,1995-03-23,3.53,0.54,1.38,0.67,3.72,0.9,1.0,1.6,9,0,0
1461,David Michaud,BullDawg,Record: 11-3-0,-1,69,155.0,,Orthodox,1988-11-10,3.25,0.43,4.45,0.54,2.53,0.58,0.77,0.7,11,3,0
1462,Keita Nakamura,K-Taro,Record: 34-10-2 (1 NC),-1,71,170.0,73.0,Southpaw,1984-05-22,2.23,0.36,3.2,0.58,1.65,0.48,0.63,0.3,34,10,2 (1 NC)
1463,Chris Mickle,,Record: 30-21-2 (1 NC),-1,69,145.0,,Orthodox,1983-07-10,3.03,0.27,9.7,0.48,0.0,0.0,0.0,0.0,30,21,2 (1 NC)
1464,Brandon Michaels,,Record: 4-14-0,-1,69,185.0,,,,0.0,0.0,0.0,0.0,0.0,0.0,0.0,0.0,4,14,0
1465,Zachary Micklewright,,Record: 15-3-0,-2,72,155.0,74.0,Southpaw,1976-08-21,5.56,0.53,4.72,0.54,0.7,0.12,1.0,0.0,15,3,0
1466,Guy Mezger,,Record: 30-14-2,-1,73,200.0,,Orthodox,1968-01-01,2.3,0.32,1.36,0.72,0.39,0.5,0.88,0.0,30,14,2
1467,Andreas Michailidis,The Spartan,Record: 13-6-0,-2,72,170.0,76.0,Orthodox,1988-07-18,2.9,0.51,3.57,0.44,1.12,0.27,0.5,0.0,13,6,0
1468,Yaotzin Meza,,Record: 21-11-0 (1 NC),-2,69,145.0,71.0,Orthodox,1981-02-04,1.43,0.41,1.62,0.64,1.06,0.2,0.18,1.4,21,11,0 (1 NC)
1469,Jeremiah Metcalf,,Record: 13-7-0,1,73,185.0,,Orthodox,,1.74,0.59,0.27,0.6,4.02,0.66,1.0,2.0,13,7,0
1470,Jonathan Meunier,District,Record: 8-1-0,1,75,170.0,,Switch,1987-08-04,3.47,0.5,1.43,0.69,0.58,0.33,0.58,0.0,8,1,0
1471,Joe Merritt,,Record: 7-2-0,-1,72,170.0,,Orthodox,1984-03-07,1.53,0.58,0.73,0.66,0.0,0.0,0.68,0.0,7,2,0
1472,Buck Meredith,,Record: 3-3-0,-1,74,185.0,,,1982-05-17,0.0,0.0,0.0,0.0,0.0,0.0,0.0,0.0,3,3,0
1473,Steve Mensing,The Machine,Record: 9-13-2 (1 NC),-1,71,185.0,,Orthodox,1977-12-06,0.0,0.0,9.51,0.42,0.0,0.0,0.0,0.0,9,13,2 (1 NC)
1474,Dave Menne,The Warrior,Record: 45-17-2,-5,70,170.0,,Orthodox,1974-07-29,1.84,0.44,1.99,0.42,0.46,0.5,0.57,2.5,45,17,2
1475,Mateus Mendonca,Bocao,Record: 10-3-0,-3,66,125.0,71.0,Orthodox,1999-01-17,1.66,0.4,4.14,0.3,2.54,0.27,0.55,0.4,10,3,0
1476,Alonzo Menifield,Atomic,Record: 15-5-1,-2,72,205.0,76.0,Orthodox,1987-10-18,3.77,0.54,3.7,0.49,0.63,0.33,0.76,0.2,15,5,1
1477,Ivan Menjivar,The Pride of El Salvador,Record: 25-12-0,-3,66,145.0,64.0,Orthodox,1982-05-30,2.78,0.37,2.76,0.65,0.56,0.28,0.38,1.0,25,12,0
1478,Eddie Mendez,,Record: 8-3-1 (1 NC),-1,70,185.0,,,1984-01-16,1.71,0.33,3.43,0.11,0.0,0.0,0.0,0.0,8,3,1 (1 NC)
1479,Augusto Mendes,Tanquinho,Record: 6-2-0,-1,66,135.0,65.0,Orthodox,1983-03-03,2.42,0.34,3.91,0.56,1.75,0.33,0.8,0.0,6,2,0
1480,Antonio Mendes,Samurai,Record: 18-13-0,-2,75,205.0,77.0,Southpaw,1981-04-19,1.34,0.47,6.85,0.22,2.51,0.5,1.0,0.0,18,13,0
1481,Fabio Mello,,Record: 11-8-0,-1,65,155.0,,Southpaw,,0.86,0.35,3.94,0.5,0.0,0.0,0.0,0.0,11,8,0
1482,Vanessa Melo,,Record: 11-8-0,1,65,135.0,65.0,Orthodox,1988-03-27,3.48,0.3,6.13,0.59,0.0,0.0,0.71,0.0,11,8,0
1483,Marcelo Mello,,Record: 1-0-0,1,67,170.0,,Southpaw,,0.0,0.0,0.0,0.0,0.0,0.0,0.0,0.0,1,0,0
1484,Chad Mendes,Money,Record: 18-5-0,-1,66,145.0,66.0,Orthodox,1985-05-01,2.78,0.49,2.35,0.67,4.13,0.55,1.0,0.3,18,5,0
1485,Brandon Melendez,The Murderer,Record: 25-25-0,-1,71,155.0,,Southpaw,1983-03-24,0.84,0.26,0.56,0.63,0.0,0.0,0.25,0.0,25,25,0
1486,Luis Mendoza,,Record: 0-1-0,-1,0,155.0,,,,0.0,0.0,0.0,0.0,0.0,0.0,0.0,0.0,0,1,0
1487,Brian Melancon,,Record: 7-3-0,-1,68,170.0,,Orthodox,1982-05-28,4.18,0.49,3.64,0.64,2.02,1.0,0.66,0.0,7,3,0
1488,Gilbert Melendez,El Nino,Record: 22-8-0,-5,69,145.0,73.0,Orthodox,1982-04-12,3.44,0.33,2.53,0.63,1.64,0.41,0.71,0.2,22,8,0
1489,Derrick Mehmen,Caveman,Record: 19-9-0,-1,76,205.0,,,1985-05-30,1.93,0.14,4.53,0.48,1.0,0.16,0.0,0.0,19,9,0
1490,Frank Megallon,,Record: 2-3-0,-1,70,185.0,,Southpaw,,1.14,0.21,5.32,0.54,0.0,0.0,0.0,0.0,2,3,0
1491,Jordan Mein,Young Gun,Record: 31-12-0,2,72,170.0,73.0,Orthodox,1989-10-10,3.35,0.44,2.55,0.69,1.56,0.58,0.66,0.2,31,12,0
1492,Miika Mehmet,,Record: 3-5-0,-1,0,205.0,,Orthodox,,0.33,0.12,7.29,0.24,0.0,0.0,0.0,0.0,3,5,0
1493,Sanford Alton Meeks,,Record: 1-1-0,-1,77,265.0,75.0,Orthodox,1994-04-05,0.71,0.42,4.47,0.38,7.06,0.25,0.0,0.0,1,1,0
1494,Gerald Meerschaert,GM3,Record: 37-17-0,2,73,185.0,77.0,Southpaw,1987-12-18,3.13,0.45,3.47,0.53,2.14,0.36,0.34,1.6,37,17,0
1495,Jose Daniel Medina,Chicho,Record: 11-4-0,-2,72,185.0,74.0,Orthodox,1991-05-17,1.87,0.33,4.93,0.48,0.5,0.33,0.31,0.0,11,4,0
1496,Emil Meek,Valhalla,Record: 9-5-1 (1 NC),-3,71,170.0,74.0,Switch,1988-08-20,2.52,0.39,2.53,0.38,0.25,0.33,0.47,1.0,9,5,1 (1 NC)
1497,Todd Medina,El Tiburon,Record: 11-9-0 (1 NC),-1,70,193.0,,Southpaw,,0.0,0.0,0.0,0.0,0.0,0.0,0.0,0.0,11,9,0 (1 NC)
1498,MarQuel Mederos,,Record: 9-1-0,2,70,155.0,69.0,Orthodox,1996-11-30,4.39,0.45,3.29,0.63,0.0,0.0,0.9,0.0,9,1,0
1499,Jason Medina,,Record: 21-15-1,-1,69,180.0,,,,0.0,0.0,0.0,0.0,0.0,0.0,0.0,0.0,21,15,1
1500,Anistavio Medeiros,Gasparzinho,Record: 19-10-0,-1,66,145.0,,Orthodox,1988-05-01,3.64,0.44,5.0,0.47,0.0,0.0,0.0,0.0,19,10,0
1501,Uros Medic,The Doctor,Record: 10-2-0,1,73,170.0,71.0,Southpaw,1993-04-25,5.51,0.6,3.18,0.58,0.38,0.5,0.55,0.0,10,2,0
1502,Charles McTorry,,Record: 3-0-0,1,0,,,,,0.0,0.0,0.0,0.0,0.0,0.0,0.0,0.0,3,0,0
1503,Yancy Medeiros,,Record: 15-8-0 (1 NC),-4,70,155.0,75.0,Orthodox,1987-09-07,4.36,0.37,5.67,0.47,0.33,0.5,0.73,0.7,15,8,0 (1 NC)
1504,Daniel McWilliams,The Animal,Record: 15-37-0,1,73,185.0,,,,3.36,0.77,0.0,0.0,0.0,0.0,1.0,21.6,15,37,0
1505,Kazuhiro Nakamura,Kaz,Record: 21-13-0,-1,71,205.0,70.0,Orthodox,1979-07-16,1.56,0.37,1.83,0.59,1.73,0.36,0.42,0.6,21,13,0
1506,Andrews Nakahara,,Record: 5-4-2,-1,73,185.0,,Orthodox,1983-03-12,2.68,0.44,1.9,0.57,0.0,0.0,0.72,0.4,5,4,2
1507,Tim Means,The Dirty Bird,Record: 33-16-1 (1 NC),-1,74,170.0,75.0,Orthodox,1984-02-20,5.08,0.49,3.64,0.6,1.16,0.4,0.65,0.2,33,16,1 (1 NC)
1508,Rin Nakai,,Record: 19-2-1,-2,61,135.0,,Orthodox,1986-10-22,1.57,0.33,3.9,0.6,3.0,0.18,0.75,0.5,19,2,1
1509,Muhammad Naimov,Hillman,Record: 11-3-0,-1,69,145.0,70.0,Orthodox,1994-08-07,3.18,0.43,4.28,0.42,1.8,0.3,0.57,0.0,11,3,0
1510,Yukiya Naito,,Record: 15-6-2,-1,73,205.0,,Orthodox,,1.54,0.33,5.13,0.6,0.0,0.0,0.0,0.0,15,6,2
1511,Yuji Nagata,,Record: 0-2-0,-2,72,225.0,,Orthodox,1968-04-24,1.45,0.4,14.46,0.04,0.0,0.0,0.0,0.0,0,2,0
1512,James McSweeney,The Hammer,Record: 15-15-0,-2,76,230.0,77.0,Switch,1980-10-24,3.94,0.55,4.33,0.42,0.52,0.33,1.0,1.1,15,15,0
1513,Greg Nagy,,Record: 1-3-0,-1,73,210.0,,Orthodox,1983-10-18,0.41,0.5,2.69,0.37,0.0,0.0,0.0,1.2,1,3,0
1514,Katsuhiko Nagata,,Record: 6-7-3,-2,67,154.0,,Southpaw,1973-10-31,1.05,0.19,1.5,0.63,0.98,0.28,0.28,0.0,6,7,3
1515,Sara McMann,,Record: 13-6-0,1,66,135.0,66.0,Orthodox,1980-09-24,2.26,0.46,1.92,0.47,4.38,0.65,0.5,0.5,13,6,0
1516,Jason McLean,,Record: 6-7-0,1,65,145.0,,,,0.0,0.0,0.0,0.0,0.0,0.0,0.0,0.0,6,7,0
1517,Garreth McLellan,Soldier Boy,Record: 13-6-0,-3,73,185.0,72.0,Southpaw,1982-09-01,3.56,0.54,2.94,0.45,1.15,0.22,0.34,0.9,13,6,0
1518,Brian McLaughlin,,Record: 6-2-0,-1,69,155.0,,,1984-05-12,0.0,0.0,0.0,0.0,0.0,0.0,0.0,0.0,6,2,0
1519,Terrance McKinney,T. Wrecks,Record: 15-7-0,-1,70,155.0,73.0,Switch,1994-09-15,4.53,0.5,2.63,0.45,3.45,0.36,0.85,1.0,15,7,0
1520,Cory McKenna,Poppins,Record: 8-3-0,0,63,115.0,58.0,Orthodox,1999-07-11,3.0,0.4,3.19,0.48,2.22,0.58,0.71,0.4,8,3,0
1521,Tim McKenzie,,Record: 14-9-0,-1,72,185.0,74.0,Orthodox,1982-07-21,1.37,0.54,2.96,0.44,0.0,0.0,0.28,2.1,14,9,0
1522,Cody McKenzie,,Record: 16-10-0,-1,72,155.0,72.0,Switch,1987-12-16,1.74,0.34,2.5,0.67,2.5,0.25,0.14,2.5,16,10,0
1523,Rhys McKee,Skeletor,Record: 13-6-1,-4,74,170.0,78.0,Orthodox,1995-09-10,4.8,0.45,7.85,0.42,0.0,0.0,0.41,0.0,13,6,1
1524,Antonio McKee,Mandingo,Record: 29-6-2,-2,68,155.0,,Southpaw,1970-03-12,1.37,0.45,0.74,0.74,1.47,0.33,0.57,0.0,29,6,2
1525,Greg McIntyre,,Record: 6-4-0,-2,70,155.0,,Orthodox,1980-04-21,0.79,0.3,1.36,0.41,5.09,0.5,0.0,0.0,6,4,0
1526,Jack McGlaughlin,,Record: 1-4-0,-1,0,,,Orthodox,,0.0,0.0,0.0,0.0,0.0,0.0,0.0,0.0,1,4,0
1527,Ryan McGillivray,The Kid,Record: 12-0-1,-1,71,170.0,,,1986-09-27,1.27,0.2,2.2,0.52,0.0,0.0,0.44,0.0,12,0,1
1528,Marcus McGhee,The Maniac,Record: 9-1-0,3,68,135.0,69.0,Orthodox,1990-05-07,5.43,0.51,2.52,0.71,0.84,0.33,1.0,0.8,9,1,0
1529,Conor McGregor,The Notorious,Record: 22-6-0,-2,69,155.0,74.0,Southpaw,1988-07-14,5.32,0.49,4.66,0.54,0.67,0.55,0.66,0.1,22,6,0
1530,Ryan McGivern,,Record: 13-7-0,-1,72,185.0,,Orthodox,1980-01-17,2.22,0.29,2.22,0.57,0.0,0.0,0.0,0.0,13,7,0
1531,Gan McGee,The Giant,Record: 13-5-0,-3,82,265.0,,Orthodox,1976-11-20,2.2,0.29,2.31,0.59,0.65,0.25,0.83,0.0,13,5,0
1532,Court McGee,The Crusher,Record: 22-13-0,-3,71,170.0,75.0,Orthodox,1984-12-12,4.6,0.37,3.62,0.61,1.84,0.25,0.69,0.4,22,13,0
1533,Josh McDonald,,Record: 9-5-0 (1 NC),2,0,185.0,,,,0.8,0.57,3.4,0.33,9.0,0.5,0.0,0.0,9,5,0 (1 NC)
1534,Drew McFedries,The Massacre,Record: 12-7-0,-1,72,185.0,72.0,Southpaw,1978-07-27,5.13,0.51,4.56,0.52,1.42,1.0,0.56,0.7,12,7,0
1535,Michael McDonald,Mayday,Record: 17-4-0,-1,69,135.0,70.0,Orthodox,1991-01-15,2.69,0.42,2.76,0.57,1.09,0.66,0.52,1.4,17,4,0
1536,Justin McElfresh,,Record: 6-4-0,-2,78,205.0,,Orthodox,1980-01-04,4.59,0.26,12.79,0.41,0.0,0.0,0.0,0.0,6,4,0
1537,Michael McDonald,The Black Sniper,Record: 1-1-0,-1,71,205.0,,Orthodox,1965-02-06,0.0,0.0,0.4,0.5,0.0,0.0,0.0,0.0,1,1,0
1538,Justin McCully,The Insane One,Record: 11-5-2,-1,73,225.0,73.0,Orthodox,1976-02-18,1.58,0.37,2.02,0.46,1.28,0.44,0.43,0.0,11,5,2
1539,Robert McDaniel,Bubba,Record: 28-10-0,-2,75,185.0,75.0,Southpaw,1983-05-03,1.64,0.44,1.98,0.56,0.93,0.5,0.5,1.4,28,10,0
1540,Rob McCullough,Razor,Record: 19-8-0,-2,69,155.0,69.0,Orthodox,1977-05-26,2.47,0.36,2.84,0.59,0.46,1.0,0.68,0.0,19,8,0
1541,Tamdan McCrory,The Barncat,Record: 14-5-0,-2,76,185.0,76.0,Switch,1986-11-05,2.07,0.49,1.6,0.46,2.28,0.5,0.33,2.5,14,5,0
1542,Sean McCorkle,,Record: 17-7-0,-2,79,265.0,81.0,Orthodox,1976-07-17,0.85,0.44,2.48,0.52,2.12,0.4,0.33,4.2,17,7,0
1543,Kris McCray,Savage,Record: 8-5-0,-3,72,170.0,76.0,Orthodox,1981-09-24,2.69,0.45,2.57,0.54,2.88,0.55,0.38,0.0,8,5,0
1544,Charles McCarthy,Chainsaw,Record: 10-5-0,-1,70,185.0,71.0,Orthodox,1980-08-06,0.18,0.12,4.03,0.56,2.67,0.6,0.0,2.7,10,5,0
1545,Danni McCormack,Mac,Record: 9-2-0,1,64,125.0,62.0,Southpaw,1990-03-15,6.93,0.51,4.53,0.6,6.0,0.42,0.5,2.0,9,2,0
1546,Michael McBride,,Record: 8-3-0,-2,73,155.0,,Orthodox,1986-03-09,4.08,0.48,5.85,0.4,1.85,0.42,0.3,1.2,8,3,0
1547,Ian McCall,Uncle Creepy,Record: 13-5-1,-1,65,125.0,64.0,Orthodox,1984-05-07,3.59,0.39,3.25,0.67,2.08,0.3,0.88,0.0,13,5,1
1548,Scott McAfee,,Record: 14-7-0,-1,68,155.0,,Orthodox,1983-08-23,0.0,0.0,1.33,0.5,0.0,0.0,0.0,0.0,14,7,0
1549,Molly McCann,Meatball,Record: 14-7-0,-1,64,115.0,62.0,Orthodox,1990-05-04,5.39,0.49,4.72,0.62,1.84,0.36,0.39,0.5,14,7,0
1550,Bobby McAndrews,,Record: 1-3-0,-1,0,,,Orthodox,,2.56,0.83,1.03,0.5,0.0,0.0,0.33,7.7,1,3,0
1551,Gray Maynard,,Record: 13-7-1 (1 NC),-1,69,155.0,70.0,Orthodox,1979-05-09,1.92,0.32,2.64,0.66,2.91,0.47,0.81,0.7,13,7,1 (1 NC)
1552,Gina Mazany,Danger,Record: 7-6-0,-2,66,125.0,68.0,Southpaw,1988-08-19,3.73,0.5,3.52,0.5,4.34,0.52,0.33,0.2,7,6,0
1553,Don'Tale Mayes,Lord Kong,Record: 11-7-0 (1 NC),-1,78,260.0,81.0,Orthodox,1992-01-16,3.51,0.43,3.79,0.46,0.65,0.38,0.58,0.0,11,7,0 (1 NC)
1554,Jack May,The Outlaw,Record: 9-3-0,-2,80,255.0,,Switch,1981-04-14,1.52,0.38,3.29,0.33,0.91,0.33,0.2,0.0,9,3,0
1555,Sabina Mazo,Colombian Queen,Record: 9-4-0,-3,67,125.0,70.0,Orthodox,1997-03-25,6.1,0.43,4.35,0.57,0.65,0.8,0.59,0.2,9,4,0
1556,Elaina Maxwell,Beef,Record: 7-4-0,-3,68,145.0,,Orthodox,1978-12-16,2.07,0.6,2.4,0.53,0.0,0.0,0.5,1.0,7,4,0
1557,Nick Maximov,,Record: 8-2-0,-2,72,185.0,76.0,Southpaw,1997-12-23,1.93,0.45,2.64,0.46,4.16,0.45,0.35,0.2,8,2,0
1558,Miranda Maverick,Fear The,Record: 16-5-0,3,63,125.0,65.0,Southpaw,1997-07-01,3.59,0.45,2.46,0.59,2.43,0.45,0.41,0.3,16,5,0
1559,Vladimir Matyushenko,The Janitor,Record: 27-8-0,-2,72,205.0,74.0,Orthodox,1971-01-04,1.9,0.44,1.62,0.59,3.25,0.46,0.7,0.1,27,8,0
1560,John Matua,,Record: 1-4-0,-1,74,400.0,,Orthodox,,0.0,0.0,0.0,0.0,0.0,0.0,0.0,0.0,1,4,0
1561,Francesco Maturi,,Record: 0-1-0,-1,0,,,,,0.0,0.0,0.0,0.0,0.0,0.0,0.0,0.0,0,1,0
1562,Connor Matthews,The Controller,Record: 7-2-0,-1,68,145.0,71.0,Switch,1992-05-31,5.3,0.44,6.19,0.56,2.97,0.53,0.5,0.7,7,2,0
1563,AJ Matthews,,Record: 8-7-0,-1,71,185.0,,,,5.11,0.52,4.96,0.51,0.0,0.0,1.0,0.0,8,7,0
1564,Claudio Mattos,Popeye,Record: 5-4-0,-1,0,185.0,,Orthodox,,0.0,0.0,3.53,0.0,0.0,0.0,0.0,0.0,5,4,0
1565,Jake Matthews,The Celtic Kid,Record: 20-7-0,1,71,170.0,73.0,Orthodox,1994-08-19,3.38,0.44,2.54,0.61,1.56,0.41,0.64,0.6,20,7,0
1566,Naoki Matsushita,,Record: 12-16-11,0,66,155.0,,Orthodox,,3.3,0.32,2.2,0.63,1.5,1.0,0.0,0.0,12,16,11
1567,Jean Matsumoto,,Record: 15-0-0,0,66,135.0,68.0,Orthodox,1999-09-09,4.76,0.38,4.52,0.51,1.2,0.5,0.56,0.6,15,0,0
1568,Koyomi Matsushima,,Record: 13-6-0,-1,67,145.0,66.0,Orthodox,1992-10-08,2.7,0.47,2.83,0.59,9.0,0.52,0.33,0.0,13,6,0
1569,Koichiro Matsumoto,,Record: 15-3-1,-1,67,145.0,,,1986-03-07,1.9,0.26,3.5,0.31,0.0,0.0,0.0,0.0,15,3,1
1570,Tateki Matsuda,Tech,Record: 13-8-0,-2,67,125.0,,Orthodox,1986-02-27,3.2,0.34,3.43,0.69,0.0,0.0,0.16,0.0,13,8,0
1571,Al Matavao,Sweetness,Record: 8-3-0,-1,68,205.0,67.0,Orthodox,1994-02-23,7.84,0.46,6.7,0.58,0.0,0.0,0.0,0.0,8,3,0
1572,Tiffany Masters,Rainbow Renegade,Record: 2-1-0,-1,63,115.0,65.0,Orthodox,1994-07-31,3.53,0.62,2.58,0.5,3.06,0.6,0.0,0.0,2,1,0
1573,Jameel Massouh,,Record: 26-9-0,-3,70,145.0,72.0,Orthodox,1984-09-12,1.91,0.54,2.62,0.55,0.67,0.15,0.5,0.7,26,9,0
1574,Jorge Masvidal,Gamebred,Record: 35-17-0,-4,71,170.0,74.0,Orthodox,1984-11-12,4.05,0.47,3.05,0.64,1.38,0.59,0.72,0.3,35,17,0
1575,Mike Massenzio,The Master of Disaster,Record: 13-9-0,-2,74,185.0,73.0,Southpaw,1982-11-01,2.08,0.45,3.59,0.54,2.74,0.24,0.5,1.4,13,9,0
1576,Daijiro Matsui,,Record: 13-29-7,1,69,200.0,,Orthodox,1972-12-05,0.84,0.45,1.69,0.55,1.83,0.3,0.43,0.4,13,29,7
1577,Kazuma Maruyama,Gluttony,Record: 11-7-0,-1,71,155.0,72.0,Orthodox,1992-07-19,3.83,0.41,2.23,0.53,4.79,0.33,1.0,0.0,11,7,0
1578,Bristol Marunde,,Record: 16-10-0,-3,73,170.0,75.0,Orthodox,1982-04-20,1.42,0.21,4.4,0.47,1.6,0.33,0.14,0.0,16,10,0
1579,Shoji Maruyama,,Record: 12-9-1,-1,67,139.0,,Orthodox,1983-04-24,1.4,0.63,0.27,0.55,0.0,0.0,0.54,0.0,12,9,1
1580,Wagner da Conceicao Martins,Zuluzinho,Record: 9-8-0 (1 NC),-3,79,390.0,,Orthodox,1978-05-19,1.91,0.37,5.43,0.42,2.2,1.0,1.0,0.0,9,8,0 (1 NC)
1581,Max Martyniouk,Payne,Record: 1-1-0,-1,0,155.0,,,,0.0,0.0,0.0,0.0,0.0,0.0,0.0,0.0,1,1,0
1582,Adriano Martins,,Record: 28-9-0,-2,70,155.0,72.0,Southpaw,1982-12-16,1.8,0.38,2.14,0.65,0.83,0.8,0.81,0.4,28,9,0
1583,Lucas Martins,Mineiro,Record: 19-3-0,1,72,145.0,72.0,Southpaw,1988-11-11,2.87,0.35,4.14,0.6,0.0,0.0,0.76,0.5,19,3,0
1584,Melissa Martinez,Super Mely,Record: 7-1-0,-1,62,115.0,66.0,Southpaw,1997-08-18,3.0,0.57,2.53,0.45,1.0,0.5,0.0,0.0,7,1,0
1585,Victor Martinez,The Brick,Record: 13-6-0,-2,68,155.0,70.0,Orthodox,1991-07-17,7.94,0.51,7.66,0.53,0.7,0.33,0.8,0.0,13,6,0
1586,Andrew Martinez,Mickey D,Record: 9-6-0,0,69,215.0,,,,3.4,0.31,2.3,0.47,1.5,0.5,0.0,0.0,9,6,0
1587,Roque Martinez,,Record: 15-8-2,-3,70,250.0,72.0,Orthodox,1986-03-04,3.28,0.53,4.9,0.56,0.38,0.5,0.53,0.4,15,8,2
1588,Poppies Martinez,The Tachi Kid,Record: 29-11-0,2,69,145.0,,,1983-08-19,2.88,0.5,2.16,0.51,1.54,0.33,0.5,9.2,29,11,0
1589,Mana Martinez,ManaBoi,Record: 10-4-0,-1,70,135.0,70.0,Orthodox,1996-03-25,4.33,0.48,4.94,0.5,0.72,0.42,0.25,0.5,10,4,0
1590,Henry Martinez,Sicario,Record: 9-4-0,-1,67,155.0,69.0,Southpaw,1983-08-07,2.79,0.25,4.01,0.6,0.0,0.0,0.8,0.0,9,4,0
1591,Jonathan Martinez,Dragon,Record: 19-5-0,-1,68,135.0,70.0,Southpaw,1994-04-20,4.54,0.49,3.87,0.57,0.41,0.35,0.68,0.1,19,5,0
1592,Alonzo Martinez,Zo Diddy,Record: 42-20-1,-1,70,155.0,,,1984-04-22,3.07,0.27,7.33,0.52,0.0,0.0,0.0,0.0,42,20,1
1593,Rainy Martinez,,Record: 0-2-0,-1,72,199.0,,Orthodox,,0.0,0.0,0.0,0.0,0.0,0.0,0.0,0.0,0,2,0
1594,Danny Martinez,The Gremlin,Record: 21-8-0,1,66,125.0,67.0,Orthodox,1985-06-14,2.73,0.28,3.77,0.63,3.0,0.45,0.36,0.0,21,8,0
1595,Michal Martinek,,Record: 7-1-0,-1,74,230.0,,Southpaw,1990-04-19,2.45,0.53,4.29,0.51,0.0,0.0,0.0,0.0,7,1,0
1596,Dave Martin,,Record: 0-2-0,-2,72,205.0,,,,0.0,0.0,0.0,0.0,0.0,0.0,0.0,0.0,0,2,0
1597,Mallory Martin,,Record: 7-5-0,-2,64,115.0,63.0,Orthodox,1994-01-29,4.42,0.48,6.64,0.55,2.28,0.43,0.25,0.3,7,5,0
1598,Joe Martin,,Record: 6-8-0,-1,69,170.0,,,,0.73,0.4,2.4,0.45,0.0,0.0,0.16,0.0,6,8,0
1599,Anthony Rocco Martin,,Record: 17-6-0,-1,72,170.0,73.0,Orthodox,1989-12-11,2.68,0.37,2.59,0.58,0.71,0.27,0.68,1.0,17,6,0
1600,Justin Martin,,Record: 4-3-0,1,72,185.0,,,,0.0,0.0,0.0,0.0,0.0,0.0,0.0,0.0,4,3,0
1601,Eric Martin,,Record: 0-1-0,-1,0,,,,,0.0,0.0,0.0,0.0,0.0,0.0,0.0,0.0,0,1,0
1602,Francis Marshall,Fire,Record: 8-2-0,1,69,145.0,72.0,Orthodox,1999-03-03,3.69,0.34,4.16,0.53,2.68,0.41,0.5,0.5,8,2,0
1603,Jack Marshman,The Hammer,Record: 23-10-0,-2,72,185.0,73.0,Orthodox,1989-12-19,2.74,0.25,4.19,0.56,0.0,0.0,0.2,0.0,23,10,0
1604,Terry Martin,,Record: 23-11-0,-1,68,185.0,71.0,Orthodox,1980-10-10,2.82,0.43,3.13,0.54,3.1,0.42,0.92,0.0,23,11,0
1605,Doug Marshall,The Rhino,Record: 18-8-0,-1,70,205.0,,Orthodox,1975-09-09,6.99,0.46,4.02,0.6,0.0,0.0,0.66,2.4,18,8,0
1606,David Marshall,,Record: 8-4-0,-1,74,170.0,,,1984-08-24,0.0,0.0,0.0,0.0,0.0,0.0,0.0,0.0,8,4,0
1607,Eliot Marshall,Fire,Record: 10-4-0,-3,74,205.0,77.0,Orthodox,1980-07-07,1.93,0.27,2.39,0.67,0.47,0.33,0.79,0.9,10,4,0
1608,Cesar Marscucci,,Record: 3-2-0,1,0,,,,,0.0,0.0,0.0,0.0,0.0,0.0,0.0,0.0,3,2,0
1609,John Marsh,,Record: 8-7-0,-2,72,265.0,,Orthodox,1970-09-15,0.83,0.42,2.23,0.4,0.43,1.0,0.54,0.4,8,7,0
1610,Brendon Marotte,The Kid,Record: 8-3-0,-2,69,145.0,70.0,Orthodox,1996-01-12,0.41,0.5,5.7,0.28,0.0,0.0,0.0,0.0,8,3,0
1611,Julian Marquez,The Cuban Missile Crisis,Record: 9-5-0,-3,74,185.0,72.0,Orthodox,1990-05-08,4.85,0.45,5.06,0.5,0.0,0.0,0.53,2.6,9,5,0
1612,Carmelo Marrero,The Fury,Record: 16-6-0 (1 NC),-1,72,205.0,73.0,Orthodox,1981-01-26,0.84,0.34,2.04,0.54,3.21,0.36,0.36,0.9,16,6,0 (1 NC)
1613,Danilo Marques,,Record: 11-4-0,-2,78,205.0,77.0,Orthodox,1985-12-26,1.44,0.79,2.52,0.52,3.93,0.28,0.0,0.8,11,4,0
1614,Christina Marks,,Record: 8-9-0,-1,67,125.0,69.0,Orthodox,1985-11-08,5.0,0.58,3.0,0.64,7.5,1.0,0.0,0.0,8,9,0
1615,Rory Markham,,Record: 17-6-0,-2,72,170.0,71.0,Orthodox,1982-03-25,1.98,0.21,10.27,0.45,0.0,0.0,0.0,0.0,17,6,0
1616,Ronny Markes,,Record: 17-5-0,-2,73,185.0,75.0,Orthodox,1988-04-21,2.17,0.53,2.43,0.45,3.13,0.4,1.0,0.5,17,5,0
1617,Nate Marquardt,The Great,Record: 35-19-2,-3,72,185.0,74.0,Orthodox,1979-04-20,2.71,0.49,2.32,0.55,1.87,0.51,0.7,0.8,35,19,2
1618,Marcos Mariano,Dhalsim,Record: 6-6-0,-2,73,155.0,76.0,Switch,1986-10-12,0.25,0.27,2.11,0.43,0.0,0.0,0.28,0.0,6,6,0
1619,Randa Markos,Quiet Storm,Record: 11-12-1,1,64,115.0,63.0,Orthodox,1985-08-10,2.97,0.43,3.1,0.58,1.12,0.28,0.52,0.2,11,12,1
1620,Chepe Mariscal,Machine Gun,Record: 17-6-0 (1 NC),4,67,145.0,69.0,Orthodox,1992-10-27,4.75,0.57,3.24,0.5,3.09,0.39,0.72,0.3,17,6,0 (1 NC)
1621,Daniel Marcos,Soncora,Record: 16-0-0 (1 NC),1,67,135.0,69.0,Orthodox,1993-03-07,5.94,0.52,4.0,0.63,0.25,0.5,0.87,0.0,16,0,0 (1 NC)
1622,Enrique Marin,Wasabi,Record: 10-4-0,-2,70,170.0,,,1986-09-02,1.43,0.33,3.0,0.5,2.5,0.38,0.6,1.0,10,4,0
1623,Chris Manuel,,Record: 9-7-2,0,69,135.0,,Orthodox,1987-07-21,2.53,0.4,2.67,0.66,1.0,0.2,1.0,0.0,9,7,2
1624,Jimi Manuwa,Poster Boy,Record: 17-6-0,-4,73,205.0,79.0,Orthodox,1980-02-18,3.43,0.54,3.97,0.49,0.53,0.18,0.7,0.4,17,6,0
1625,Cristiano Marcello,,Record: 13-6-0,-2,69,155.0,72.0,Orthodox,1977-12-03,2.56,0.33,3.61,0.58,0.44,0.11,0.2,0.9,13,6,0
1626,Jose Maria,No Chance,Record: 37-7-0 (2 NC),-2,65,125.0,,Orthodox,1982-01-04,3.2,0.53,3.98,0.52,2.32,0.27,0.33,2.3,37,7,0 (2 NC)
1627,Marnic Mann,The Sawed-Off Savage,Record: 6-3-0,-3,60,115.0,64.0,Southpaw,1993-03-05,1.47,0.41,5.08,0.31,1.9,0.33,0.25,0.4,6,3,0
1628,Jon Manley,,Record: 9-4-0,-1,73,170.0,,Orthodox,1986-07-07,1.13,0.2,4.33,0.45,1.0,0.07,0.2,0.0,9,4,0
1629,Dylan Mantello,The Quiet Man,Record: 8-3-0,0,73,155.0,73.0,Orthodox,1992-11-19,5.93,0.56,9.42,0.53,0.0,0.0,0.0,0.0,8,3,0
1630,Melchor Manibusan,Barracuda,Record: 2-4-0,-1,65,154.0,,Southpaw,1976-12-27,1.58,0.54,5.79,0.15,0.0,0.0,0.0,0.0,2,4,0
1631,Melvin Manhoef,No Mercy,Record: 30-14-1 (2 NC),1,69,185.0,,Orthodox,1976-05-11,3.52,0.48,2.64,0.51,0.33,0.25,0.78,0.0,30,14,1 (2 NC)
1632,Nate Maness,Mayhem,Record: 16-3-0,2,70,125.0,72.0,Orthodox,1991-06-27,3.14,0.5,3.88,0.42,0.68,0.75,0.8,0.7,16,3,0
1633,Mike Malott,Proper,Record: 10-2-1,0,73,170.0,73.0,Orthodox,1991-11-07,3.83,0.46,3.33,0.52,3.04,0.6,0.16,1.0,10,2,1
1634,Nazareno Malegarie,El Tigre,Record: 28-4-0,-1,68,155.0,,,1986-05-16,3.87,0.34,3.27,0.69,1.0,0.33,0.0,0.0,28,4,0
1635,Carl Malenko,,Record: 6-4-0,-2,71,200.0,,Orthodox,,0.0,0.0,0.0,0.0,0.0,0.0,0.0,0.0,6,4,0
1636,Bea Malecki,,Record: 4-1-0,-1,69,135.0,74.0,Orthodox,1991-08-23,6.84,0.46,6.96,0.62,0.0,0.0,0.78,1.1,4,1,0
1637,Troy Mandaloniz,Rude Boy,Record: 3-2-0,-1,69,170.0,,Orthodox,1980-02-01,3.52,0.56,4.71,0.63,3.1,0.66,0.57,0.0,3,2,0
1638,Jeremy Malaterre,,Record: 4-2-0,-1,71,155.0,,,,0.0,0.0,0.0,0.0,0.0,0.0,0.0,0.0,4,2,0
1639,Fabio Maldonado,Caipira de Aco,Record: 23-11-0,-2,73,205.0,75.0,Orthodox,1980-03-17,5.29,0.58,4.31,0.53,0.44,0.57,0.61,0.6,23,11,0
1640,Azat Maksum,Qazaq,Record: 17-1-0,-1,67,125.0,70.0,Southpaw,1995-02-02,2.8,0.23,5.23,0.55,2.0,0.22,0.66,0.5,17,1,0
1641,Jacob Malkoun,Mamba,Record: 8-3-0,1,69,185.0,73.0,Orthodox,1995-08-26,3.86,0.56,2.48,0.52,6.62,0.42,0.2,0.4,8,3,0
1642,Zach Makovsky,Fun Size,Record: 20-8-0,-3,64,125.0,64.0,Southpaw,1983-04-19,1.94,0.43,2.24,0.62,3.71,0.3,0.56,0.3,20,8,0
1643,Islam Makhachev,,Record: 26-1-0,14,70,155.0,70.0,Southpaw,1991-10-27,2.65,0.59,1.54,0.61,3.19,0.53,0.9,1.1,26,1,0
1644,Aliev Makhmud,,Record: 0-1-0,-1,66,195.0,,Southpaw,1970-02-13,1.12,0.3,2.24,0.36,2.1,0.5,0.0,0.0,0,1,0
1645,Levan Makashvili,The Hornet,Record: 15-2-1,0,68,145.0,68.0,Orthodox,1989-01-07,2.87,0.54,2.07,0.61,3.67,0.42,0.85,0.0,15,2,1
1646,Nayara Maia,Capita,Record: 7-1-1,-1,65,125.0,66.0,Orthodox,1990-07-25,0.6,0.36,3.33,0.43,1.0,0.33,0.0,1.0,7,1,1
1647,Jennifer Maia,,Record: 21-10-1,-1,64,125.0,64.0,Orthodox,1988-10-06,4.35,0.38,4.52,0.55,0.42,0.27,0.58,0.1,21,10,1
1648,Bill Mahood,The Butcher,Record: 20-7-1 (1 NC),-3,75,200.0,,Orthodox,1967-02-01,1.54,0.85,3.59,0.17,0.0,0.0,0.0,3.9,20,7,1 (1 NC)
1649,Demian Maia,,Record: 28-11-0,-2,73,170.0,72.0,Southpaw,1977-11-06,1.8,0.43,2.07,0.63,2.49,0.24,0.61,1.0,28,11,0
1650,Maheshate,,Record: 10-3-0,1,72,155.0,71.0,Orthodox,1999-12-01,3.9,0.28,5.76,0.53,0.0,0.0,0.45,0.0,10,3,0
1651,John Maguire,The One,Record: 24-9-0,-3,69,155.0,69.0,Southpaw,1983-05-19,1.41,0.41,2.44,0.65,2.8,0.46,0.77,1.1,24,9,0
1652,Shara Magomedov,Bullet,Record: 14-0-0,0,74,185.0,73.0,Orthodox,1994-05-16,6.88,0.66,3.72,0.41,0.0,0.0,0.71,0.0,14,0,0
1653,Michelle Maher,,Record: 1-2-0,1,0,145.0,,,,0.0,0.0,0.0,0.0,0.0,0.0,0.0,0.0,1,2,0
1654,Zabit Magomedsharipov,,Record: 18-1-0,6,73,145.0,73.0,Orthodox,1991-03-01,4.89,0.48,3.0,0.64,5.22,0.56,0.77,0.8,18,1,0
1655,Lolohea Mahe,,Record: 10-4-1,-2,0,,,,,1.71,0.29,6.92,0.4,2.44,0.4,0.0,0.0,10,4,1
1656,Ruslan Magomedov,Leopard,Record: 14-1-0,3,75,242.0,78.0,Orthodox,1986-11-26,4.02,0.47,1.47,0.66,0.33,1.0,0.88,0.0,14,1,0
1657,Abus Magomedov,,Record: 26-6-1,0,74,185.0,78.0,Orthodox,1990-09-02,2.88,0.44,3.73,0.55,2.65,0.77,1.0,0.0,26,6,1
1658,Raimond Magomedaliev,,Record: 10-2-0,-1,73,170.0,75.0,Orthodox,1990-06-10,4.07,0.41,4.75,0.41,0.0,0.0,0.0,0.0,10,2,0
1659,Ibragim Magomedov,,Record: 22-8-1,-1,72,250.0,,Orthodox,,0.26,0.04,3.86,0.42,0.0,0.0,0.0,0.0,22,8,1
1660,Rashid Magomedov,Highlander,Record: 20-2-0,1,69,155.0,70.0,Orthodox,1984-11-29,4.4,0.49,3.05,0.54,0.67,0.57,0.89,0.2,20,2,0
1661,Brandon Magana,,Record: 6-2-0,1,0,170.0,,Orthodox,,0.0,0.0,0.0,0.0,0.0,0.0,0.0,0.0,6,2,0
1662,Angela Magana,Your Majesty,Record: 11-9-0,-3,61,115.0,65.0,Orthodox,1983-08-02,1.53,0.28,4.92,0.42,0.4,0.25,0.28,0.4,11,9,0
1663,Neil Magny,The Haitian Sensation,Record: 29-13-0,-1,75,170.0,80.0,Orthodox,1987-08-03,3.44,0.46,2.48,0.51,2.15,0.4,0.54,0.2,29,13,0
1664,Eric Magana,,Record: 1-1-0,1,0,,,,,0.0,0.0,0.0,0.0,0.0,0.0,0.0,0.0,1,1,0
1665,Bernardo Magalhaes,Trekko,Record: 13-4-0,-2,69,155.0,,Orthodox,1981-04-08,1.8,0.27,3.37,0.68,0.0,0.0,0.0,0.5,13,4,0
1666,Caio Magalhaes,Hellboy,Record: 10-3-0,-2,73,185.0,73.0,Orthodox,1987-12-14,2.27,0.4,2.78,0.56,1.05,0.15,0.58,1.6,10,3,0
1667,Leonardo Mafra,Macarrao,Record: 13-4-0,-1,70,155.0,70.0,Orthodox,1989-04-25,4.55,0.48,4.38,0.43,2.12,0.83,0.69,0.4,13,4,0
1668,Vinicius Magalhaes,Draculinho,Record: 2-1-0,1,0,145.0,,,1971-07-30,0.0,0.0,0.0,0.0,0.0,0.0,0.0,0.0,2,1,0
1669,Vinny Magalhaes,Pezao,Record: 14-9-0 (1 NC),-2,75,205.0,75.0,Orthodox,1984-07-02,2.14,0.24,3.97,0.68,1.55,0.44,0.66,0.8,14,9,0 (1 NC)
1670,Yoshiro Maeda,,Record: 35-16-5,-4,67,139.0,68.0,Southpaw,1981-10-31,2.36,0.33,2.55,0.63,2.93,0.51,0.5,0.7,35,16,5
1671,Mark Madsen,The Olympian,Record: 12-2-0,-2,68,155.0,72.0,Orthodox,1984-09-23,3.56,0.49,3.97,0.52,2.86,0.66,0.62,0.0,12,2,0
1672,Jon Madsen,,Record: 8-2-0,-1,72,240.0,72.0,Orthodox,1980-02-12,2.46,0.41,1.18,0.81,1.32,0.71,0.7,0.0,8,2,0
1673,Don Madge,Magic Man,Record: 9-3-1,2,72,155.0,72.0,Southpaw,1990-11-12,2.08,0.52,0.74,0.67,2.22,0.25,0.8,0.7,9,3,1
1674,Ryan Madigan,,Record: 5-3-0,-1,72,170.0,,Orthodox,,0.0,0.0,3.35,0.47,0.0,0.0,0.0,0.0,5,3,0
1675,Victor Madrigal,Periquito,Record: 15-5-0,-1,67,135.0,71.0,Orthodox,1990-08-16,2.31,0.38,9.56,0.5,0.0,0.0,0.0,0.0,15,5,0
1676,Pauline Macias,PITA,Record: 4-1-0,-1,64,115.0,64.0,Southpaw,1988-06-27,0.8,0.29,4.6,0.42,2.0,0.18,0.0,0.0,4,1,0
1677,Reza Madadi,Mad Dog,Record: 14-6-0,-2,71,155.0,73.0,Orthodox,1978-06-20,2.51,0.46,3.31,0.66,3.17,0.33,0.89,0.5,14,6,0
1678,War Machine,,Record: 14-5-0,-1,71,170.0,,Orthodox,1981-11-30,2.32,0.6,3.17,0.43,1.16,0.5,0.4,0.0,14,5,0
1679,Anthony Macias,Mad Dog,Record: 26-18-0,-2,69,185.0,,Switch,,0.0,0.0,0.0,0.0,0.0,0.0,0.0,0.0,26,18,0
1680,Valesca Machado,Tina Black,Record: 8-3-0 (1 NC),-1,64,115.0,63.0,Orthodox,1996-05-06,2.4,0.32,2.87,0.64,0.0,0.0,0.76,0.0,8,3,0 (1 NC)
1681,Lyoto Machida,The Dragon,Record: 24-8-0,2,73,185.0,74.0,Southpaw,1978-05-30,2.59,0.53,1.57,0.61,1.21,0.65,0.75,0.4,24,8,0
1682,Ian Machado Garry,The Future,Record: 15-0-0,8,75,170.0,74.0,Orthodox,1997-11-17,5.5,0.55,3.17,0.52,0.77,0.55,0.69,0.3,15,0,0
1683,Ryan MacDonald,Main Event,Record: 10-2-0,-2,71,135.0,71.0,Switch,1993-03-18,2.28,0.29,6.49,0.45,0.0,0.0,0.0,0.0,10,2,0
1684,Rory MacDonald,Red King,Record: 19-4-0,-2,72,170.0,76.0,Orthodox,1989-07-22,3.75,0.42,2.8,0.62,1.77,0.47,0.88,0.4,19,4,0
1685,Caio Machado,Bigfoot,Record: 8-3-1,0,76,250.0,78.0,Southpaw,1994-07-20,6.07,0.58,2.73,0.63,0.0,0.0,0.82,0.0,8,3,1
1686,Jason MacDonald,The Athlete,Record: 25-16-0,-2,75,185.0,80.0,Orthodox,1975-06-03,1.55,0.52,2.7,0.46,1.43,0.16,0.35,2.0,25,16,0
1687,Rob MacDonald,Maximus,Record: 5-4-0,-1,75,205.0,78.0,Orthodox,1978-09-05,1.8,0.5,2.04,0.46,7.19,0.8,0.8,5.4,5,4,0
1688,William Macario,Patolino,Record: 9-3-0,-2,71,170.0,75.0,Orthodox,1991-07-01,4.92,0.54,3.96,0.65,1.85,0.45,0.78,0.0,9,3,0
1689,Pawan Maan,,Record: 7-3-1,-1,67,155.0,70.0,Orthodox,1986-04-06,0.89,0.44,2.98,0.43,0.0,0.0,0.0,0.0,7,3,1
1690,Tatsuya Iwasaki,,Record: 0-1-0,-1,69,205.0,,Orthodox,,0.79,1.0,8.68,0.38,0.0,0.0,0.0,0.0,0,1,0
1691,Hiroshi Izumi,,Record: 4-2-0,-1,0,205.0,,Orthodox,1982-06-22,1.95,0.37,2.65,0.66,3.35,0.7,1.0,0.5,4,2,0
1692,Yoislandy Izquierdo,Cuba,Record: 10-4-0,-2,71,155.0,,Southpaw,1984-01-09,2.93,0.52,1.4,0.26,0.0,0.0,0.5,0.0,10,4,0
1693,Taiga Iwasaki,,Record: 9-2-0,-1,73,185.0,73.0,Orthodox,1997-07-07,1.99,0.33,7.08,0.32,0.0,0.0,0.0,0.0,9,2,0
1694,Tomomi Iwama,,Record: 9-6-2,-1,63,155.0,,Orthodox,,1.0,0.2,3.0,0.7,0.0,0.0,0.0,0.0,9,6,2
1695,Dong Hyun Ma,Maestro,Record: 16-11-3,-3,71,155.0,70.0,Orthodox,1988-09-09,2.84,0.41,4.1,0.54,1.27,0.53,0.33,0.0,16,11,3
1696,Tucker Lutz,Top Gun,Record: 12-4-0,-3,68,145.0,72.0,Orthodox,1994-07-12,3.74,0.46,3.25,0.44,1.99,0.44,0.69,0.2,12,4,0
1697,Stevie Lynch,,Record: 5-2-0,-1,70,170.0,,Orthodox,,2.47,0.25,7.06,0.41,0.0,0.0,0.0,0.0,5,2,0
1698,Thaddeus Luster,,Record: 0-1-0,-1,75,210.0,,,,0.0,0.0,0.0,0.0,0.0,0.0,0.0,0.0,0,1,0
1699,Paula Luna,La Prodigia,Record: 5-3-0,-1,62,125.0,62.0,Orthodox,1999-07-05,0.65,0.5,6.2,0.17,0.0,0.0,0.0,0.0,5,3,0
1700,Vicente Luque,The Silent Assassin,Record: 22-10-1,-1,71,170.0,75.0,Orthodox,1991-11-27,5.07,0.52,5.21,0.52,1.0,0.53,0.62,0.6,22,10,1
1701,Alexandru Lungu,,Record: 14-4-0,-1,72,385.0,,Orthodox,1974-09-03,3.61,0.66,7.22,0.4,0.0,0.0,0.0,0.0,14,4,0
1702,Travis Lutter,The Serial Killer,Record: 10-6-0,-2,71,185.0,75.0,Orthodox,1973-05-12,0.41,0.32,2.42,0.42,1.95,0.24,0.3,0.7,10,6,0
1703,Dalcha Lungiambula,Champion,Record: 11-6-0,-4,68,185.0,76.0,Orthodox,1987-07-31,3.07,0.45,3.93,0.52,2.14,0.45,0.77,0.0,11,6,0
1704,Duane Ludwig,Bang,Record: 21-14-0,-3,70,170.0,70.0,Orthodox,1978-08-04,4.62,0.44,3.05,0.57,0.43,0.25,0.59,0.1,21,14,0
1705,Mike Lullo,,Record: 8-3-0,-2,68,145.0,,Orthodox,1979-07-24,2.48,0.36,4.84,0.4,1.18,0.11,0.0,0.6,8,3,0
1706,Iasmin Lucindo,,Record: 16-5-0,0,63,115.0,66.0,Orthodox,2002-01-08,3.95,0.46,3.11,0.66,2.23,0.53,0.8,0.3,16,5,0
1707,Stephanie Luciano,Rondinha,Record: 6-1-1,1,66,115.0,65.0,Orthodox,1999-12-16,5.3,0.48,2.53,0.68,0.5,1.0,0.85,0.0,6,1,1
1708,Matt Lucas,Luke Duke,Record: 15-3-0,-1,73,205.0,,,,1.27,0.48,3.93,0.4,1.0,0.1,0.0,0.0,15,3,0
1709,Robert Lucarelli,,Record: 0-1-0,-1,74,245.0,,,,0.0,0.0,0.0,0.0,0.0,0.0,0.0,0.0,0,1,0
1710,Lu Kai,The Last Gladiator,Record: 8-5-0 (1 NC),-2,69,145.0,69.0,Orthodox,1994-03-01,3.76,0.43,5.51,0.55,2.62,0.5,1.0,2.6,8,5,0 (1 NC)
1711,Joe Lowry,,Record: 9-2-0,-2,71,155.0,73.0,Orthodox,1989-12-12,3.97,0.34,4.25,0.63,0.0,0.0,0.0,0.0,9,2,0
1712,Waylon Lowe,,Record: 16-7-0 (2 NC),-1,67,145.0,,Southpaw,1980-10-31,1.88,0.55,2.4,0.53,4.47,0.55,0.83,0.3,16,7,0 (2 NC)
1713,Jakob Lovstad,The Striking Viking,Record: 11-4-0,-1,75,205.0,,Orthodox,,0.0,0.0,9.43,0.35,0.0,0.0,0.0,0.0,11,4,0
1714,Caolan Loughran,The Don,Record: 9-2-0,-1,66,135.0,68.0,Orthodox,1996-05-18,5.64,0.43,5.62,0.54,2.0,0.26,1.0,0.0,9,2,0
1715,Ian Loveland,The Barn Owl,Record: 18-10-0,-2,68,145.0,,Orthodox,1983-09-07,2.71,0.4,2.36,0.64,1.0,0.37,0.69,0.3,18,10,0
1716,Nate Loughran,,Record: 11-2-0,-1,74,185.0,,Orthodox,1980-07-28,1.81,0.4,4.11,0.59,0.0,0.0,0.0,2.1,11,2,0
1717,Brendan Loughnane,,Record: 17-3-0,1,70,145.0,70.0,Switch,1989-12-05,6.23,0.63,6.7,0.53,1.5,0.3,0.92,0.0,17,3,0
1718,Gustavo Lopez,,Record: 12-6-1,0,65,135.0,67.0,Orthodox,1989-06-27,2.48,0.4,3.87,0.57,1.74,0.41,0.31,0.7,12,6,1
1719,Benito Lopez,Golden Boy,Record: 10-2-0,-1,70,135.0,73.0,Switch,1994-04-06,4.39,0.45,5.18,0.56,0.0,0.0,0.73,0.3,10,2,0
1720,Matthew Lopez,,Record: 10-4-0,-3,67,135.0,69.0,Southpaw,1987-01-21,3.13,0.5,3.73,0.55,3.32,0.6,0.71,1.3,10,4,0
1721,Steve Lopez,,Record: 13-6-1,-2,71,155.0,,Orthodox,1984-07-30,1.39,0.24,2.69,0.62,0.0,0.0,0.37,0.0,13,6,1
1722,Federico Lopez,Kiko,Record: 10-6-0,-1,64,139.0,,Orthodox,,1.78,0.23,5.35,0.3,0.0,0.0,0.0,0.0,10,6,0
1723,Jorge Lopez,,Record: 11-5-0,-2,70,170.0,,Orthodox,1988-11-21,2.47,0.59,2.57,0.5,3.5,0.41,0.81,0.0,11,5,0
1724,Bruno Lopes,Brunao,Record: 13-1-0,1,74,205.0,74.0,Orthodox,1993-04-24,3.69,0.41,4.07,0.63,0.0,0.0,1.0,0.0,13,1,0
1725,Diego Lopes,,Record: 26-6-0,5,71,145.0,72.0,Orthodox,1994-12-30,4.2,0.53,4.11,0.5,0.5,0.4,0.52,2.8,26,6,0
1726,Ivan Lopez,,Record: 14-3-1,-1,66,135.0,,Southpaw,,0.9,0.26,2.24,0.65,0.0,0.0,0.3,0.0,14,3,1
1727,Dileno Lopes,,Record: 19-3-0,-2,65,135.0,,,1984-09-26,2.37,0.36,3.33,0.53,2.5,0.31,1.0,1.5,19,3,0
1728,Lucas Lopes,,Record: 29-19-0,-1,74,185.0,,,1979-10-05,0.0,0.0,0.0,0.0,0.0,0.0,0.0,0.0,29,19,0
1729,Ange Loosa,The Last Ninja,Record: 10-4-0 (1 NC),-1,70,170.0,74.0,Orthodox,1993-03-18,5.6,0.44,6.68,0.53,2.41,0.38,0.83,0.2,10,4,0 (1 NC)
1730,Michael Lombardo,The Don,Record: 11-2-0 (1 NC),1,72,170.0,72.0,Orthodox,1990-04-03,1.47,0.62,2.63,0.31,2.5,0.21,0.6,0.0,11,2,0 (1 NC)
1731,Loma Lookboonmee,,Record: 9-3-0,3,61,115.0,61.0,Orthodox,1996-01-18,4.1,0.57,2.48,0.53,1.9,0.5,0.72,0.1,9,3,0
1732,Thomas Longacre,,Record: 6-1-0,1,69,145.0,,Orthodox,,0.0,0.0,0.0,0.0,0.0,0.0,0.0,0.0,6,1,0
1733,David Loiseau,The Crow,Record: 23-11-0,-4,72,185.0,76.0,Orthodox,1979-12-17,1.59,0.44,3.64,0.43,0.43,0.42,0.36,0.1,23,11,0
1734,Rocky Long,,Record: 21-37-1,-1,0,145.0,,,1978-02-18,0.0,0.0,0.0,0.0,0.0,0.0,0.0,0.0,21,37,1
1735,Hector Lombard,,Record: 34-10-1 (2 NC),-6,69,185.0,71.0,Southpaw,1978-02-02,3.02,0.46,3.35,0.53,1.69,0.48,0.77,0.5,34,10,1 (2 NC)
1736,Anthony Ivy,Aquaman,Record: 8-4-0,-2,74,185.0,74.0,Orthodox,1990-01-23,2.5,0.42,4.57,0.51,4.69,0.2,1.0,0.0,8,4,0
1737,Christian Lohsen,Hollywood,Record: 4-2-0,-1,74,155.0,77.0,Southpaw,1995-01-24,5.27,0.49,6.93,0.44,0.0,0.0,0.0,2.0,4,2,0
1738,Leandro Issa,Brodinho,Record: 13-6-0,-2,67,135.0,69.0,Orthodox,1983-09-19,2.08,0.37,3.17,0.58,2.38,0.22,0.5,1.2,13,6,0
1739,Wallid Ismail,,Record: 9-3-0,-1,67,205.0,,Orthodox,1968-02-23,0.92,0.31,0.83,0.44,1.85,0.28,0.0,0.5,9,3,0
1740,Blagoy Ivanov,Baga,Record: 19-6-0 (1 NC),-2,71,250.0,73.0,Southpaw,1986-10-09,3.25,0.4,4.2,0.53,0.69,0.4,0.61,0.1,19,6,0 (1 NC)
1741,Eiji Ishikawa,,Record: 29-24-3,-1,70,170.0,,,1979-10-12,1.2,0.29,4.07,0.6,1.0,0.09,0.0,0.0,29,24,3
1742,Tokimitsu Ishizawa,Kendo Ka Shin,Record: 1-5-1,-2,72,185.0,,Orthodox,1968-08-05,1.34,0.3,2.99,0.59,2.74,0.18,0.0,0.0,1,5,1
1743,Damir Ismagulov,Qazaq,Record: 24-3-0,-2,70,155.0,74.0,Orthodox,1991-02-03,3.36,0.42,2.44,0.61,1.0,0.28,0.7,0.0,24,3,0
1744,Yuki Ishikawa,,Record: 0-2-0,-1,71,205.0,,Orthodox,,1.07,0.28,8.57,0.11,0.0,0.0,0.5,0.0,0,2,0
1745,Satoshi Ishii,,Record: 15-8-1,-1,71,240.0,,Orthodox,1986-12-19,1.41,0.36,1.58,0.63,3.47,0.52,1.0,1.6,15,8,1
1746,Teruto Ishihara,Yashabo,Record: 10-7-2,-3,67,135.0,69.0,Southpaw,1991-07-23,3.26,0.44,3.63,0.53,0.5,0.16,0.3,0.0,10,7,2
1747,Mitsuhiro Ishida,The Endless Warrior,Record: 20-8-1,-1,66,154.0,,Southpaw,1978-12-29,1.46,0.41,1.13,0.61,4.76,0.53,0.33,0.7,20,8,1
1748,Issa Isakov,Determinator,Record: 10-3-0,-1,69,155.0,70.0,Orthodox,1989-10-22,1.93,0.36,5.78,0.4,0.0,0.0,0.0,0.0,10,3,0
1749,Jason Ireland,The Irish Tornado,Record: 19-9-1,-1,69,161.0,,Southpaw,1979-12-30,1.2,0.25,2.07,0.51,3.59,0.75,0.0,1.2,19,9,1
1750,Jorge Interiano,,Record: 4-3-0,-1,73,205.0,,,,0.0,0.0,0.0,0.0,0.0,0.0,0.0,0.0,4,3,0
1751,James Irvin,The Sandman,Record: 17-10-0 (2 NC),-3,74,205.0,75.0,Orthodox,1978-09-12,2.03,0.48,3.86,0.35,0.0,0.0,0.36,0.5,17,10,0 (2 NC)
1752,Takeshi Inoue,Lion,Record: 23-10-0,-1,68,145.0,,,1980-03-18,2.54,0.44,3.32,0.61,0.0,0.0,0.47,0.0,23,10,0
1753,Naoki Inoue,,Record: 11-1-0,-1,69,125.0,71.0,Orthodox,1997-06-14,3.67,0.35,3.37,0.6,0.0,0.0,0.6,2.5,11,1,0
1754,Katsuya Inoue,,Record: 19-9-4,-1,69,168.0,,Southpaw,1979-08-10,3.41,0.24,12.89,0.51,0.0,0.0,0.66,0.0,19,9,4
1755,Egan Inoue,,Record: 13-8-0,-2,69,190.0,,Southpaw,1965-07-04,1.66,0.36,3.31,0.57,0.0,0.0,0.0,0.0,13,8,0
1756,Enson Inoue,Yamato Damashii,Record: 12-8-0,-4,70,210.0,,Orthodox,1967-04-15,1.7,0.63,1.88,0.3,0.0,0.0,0.33,0.0,12,8,0
1757,Guto Inocente,,Record: 7-4-0,-2,75,205.0,,Orthodox,1986-05-29,4.13,0.66,2.92,0.54,0.67,0.33,0.66,0.7,7,4,0
1758,Michael Imperato,,Record: 12-7-0,-1,67,135.0,66.0,Switch,1989-09-01,1.93,0.48,2.67,0.6,1.0,0.12,0.0,1.0,12,7,0
1759,Brad Imes,Hillbilly Heartthrob,Record: 13-7-0,-3,79,265.0,,Orthodox,1977-03-13,2.73,0.31,4.24,0.49,1.72,0.71,0.0,1.0,13,7,0
1760,Masakazu Imanari,,Record: 36-16-2,-1,64,139.0,,Southpaw,1976-02-10,0.55,0.3,1.74,0.57,0.0,0.0,0.0,2.1,36,16,2
1761,Yusuke Imamura,,Record: 2-6-0,-3,68,220.0,,Orthodox,,0.18,0.5,1.83,0.52,2.75,0.5,0.0,0.0,2,6,0
1762,Chris Indich,,Record: 6-4-0,-2,70,170.0,,,1987-04-22,1.31,0.3,4.32,0.43,0.75,0.5,0.5,1.5,6,4,0
1763,Zelim Imadaev,,Record: 8-3-0,-3,72,170.0,76.0,Orthodox,1995-01-25,2.91,0.36,4.35,0.43,0.38,0.5,0.6,0.0,8,3,0
1764,Seichi Ikemoto,,Record: 21-19-5,-4,71,168.0,,Orthodox,1975-08-24,2.59,0.32,3.74,0.57,1.23,0.26,0.6,0.0,21,19,5
1765,Fabiano Iha,,Record: 9-5-0,-2,68,155.0,,Orthodox,1970-07-28,1.73,0.47,2.49,0.42,2.88,0.4,0.5,2.9,9,5,0
1766,Nassourdine Imavov,,Record: 14-4-0 (1 NC),0,75,185.0,75.0,Orthodox,1995-03-01,4.58,0.55,3.33,0.59,0.98,0.36,0.74,1.3,14,4,0 (1 NC)
1767,Mikhail Iloukhine,,Record: 30-11-1,-1,69,205.0,,Orthodox,1966-11-21,0.16,0.2,2.95,0.26,0.0,0.0,0.0,7.0,30,11,1
1768,Valeri Ignatov,,Record: 1-2-0,-2,69,170.0,,Orthodox,,0.0,0.0,0.0,0.0,0.0,0.0,0.0,0.0,1,2,0
1769,Minoki Ichihara,,Record: 0-1-0,-1,67,178.0,,Orthodox,,0.0,0.0,0.0,0.0,0.0,0.0,0.0,0.0,0,1,0
1770,Dan Ige,50K,Record: 18-8-0,0,67,145.0,71.0,Orthodox,1991-08-06,3.7,0.45,3.51,0.57,0.99,0.26,0.59,0.3,18,8,0
1771,Khadis Ibragimov,,Record: 8-4-0,-4,75,205.0,78.0,Orthodox,1995-05-21,3.55,0.49,4.26,0.47,0.97,0.3,0.8,0.3,8,4,0
1772,Sergey Ignatov,,Record: 0-1-0,-1,69,210.0,,Orthodox,,0.35,0.5,3.25,0.42,0.0,0.0,0.0,0.0,0,1,0
1773,John Lober,The Machine,Record: 5-9-4,-1,71,199.0,,Orthodox,1968-02-26,0.0,0.0,0.0,0.0,0.0,0.0,0.0,0.0,5,9,4
1774,Al Iaquinta,Raging,Record: 14-7-1,-3,70,155.0,70.0,Orthodox,1987-04-30,4.06,0.4,4.53,0.61,0.63,0.18,0.74,0.2,14,7,1
1775,Ryan Loder,Man of Steel,Record: 8-1-0,1,74,185.0,76.0,Southpaw,1991-06-05,6.16,0.8,0.15,0.5,2.2,0.33,1.0,2.2,8,1,0
1776,Abner Lloveras,Skullman,Record: 20-9-1,-1,71,155.0,,,1982-09-04,6.27,0.49,6.87,0.43,2.0,0.2,0.0,0.0,20,9,1
1777,Dylan Lockard,,Record: 6-2-0,-1,69,145.0,72.0,Orthodox,1992-05-19,1.31,0.53,3.31,0.52,2.31,0.4,0.28,1.2,6,2,0
1778,Brian Lo-A-Njoe,,Record: 6-10-3,-1,67,155.0,,Orthodox,,3.87,0.42,0.0,0.0,0.0,0.0,0.66,0.0,6,10,3
1779,Wesley Little,,Record: 4-8-0,-1,76,205.0,,,,0.0,0.0,0.0,0.0,0.0,0.0,0.0,0.0,4,8,0
1780,Artem Lobov,The Russian Hammer,Record: 13-15-1 (1 NC),-3,69,145.0,65.0,Southpaw,1986-08-11,3.52,0.41,4.82,0.5,0.39,0.25,0.52,0.0,13,15,1 (1 NC)
1781,James Llontop,Goku,Record: 14-4-0,-2,72,155.0,73.0,Orthodox,1999-08-02,5.38,0.43,3.97,0.62,0.0,0.0,0.54,0.0,14,4,0
1782,Dean Lister,The Boogeyman,Record: 13-7-0,-1,73,185.0,75.0,Orthodox,1976-02-13,1.26,0.35,1.89,0.61,1.58,0.15,0.5,1.1,13,7,0
1783,Tainara Lisboa,Thai Panther,Record: 7-2-0,2,67,135.0,67.0,Orthodox,1991-03-02,2.05,0.5,1.4,0.54,2.05,0.4,0.7,0.5,7,2,0
1784,Philipe Lins,Monstro,Record: 18-5-0,4,74,205.0,78.0,Orthodox,1985-08-17,3.8,0.49,3.59,0.46,1.65,0.33,1.0,0.0,18,5,0
1785,Lucio Linhares,,Record: 19-8-0,-2,74,185.0,,Orthodox,1973-12-08,0.99,0.22,3.47,0.34,1.86,0.5,0.5,1.9,19,8,0
1786,Austin Lingo,Lights Out,Record: 9-3-0,-2,70,145.0,70.0,Orthodox,1994-07-10,3.86,0.37,4.86,0.57,0.43,0.66,0.75,0.0,9,3,0
1787,Jake Lindsey,The Librarian,Record: 12-7-0,-3,71,155.0,,Switch,1986-06-21,3.44,0.52,4.01,0.46,0.65,0.33,0.5,0.0,12,7,0
1788,Matt Lindland,The Law,Record: 22-9-0,-1,72,185.0,74.0,Southpaw,1970-05-17,2.62,0.5,1.56,0.52,3.01,0.48,0.6,1.3,22,9,0
1789,Felipe Lima,Jungle Boy,Record: 13-1-0,1,66,145.0,68.0,Orthodox,1998-05-07,3.29,0.52,2.67,0.64,1.33,0.5,0.8,1.3,13,1,0
1790,John Lineker,Hands of Stone,Record: 31-9-0,-1,63,135.0,67.0,Orthodox,1990-06-12,5.36,0.4,4.27,0.56,0.56,0.58,0.67,0.6,31,9,0
1791,Mabelly Lima,,Record: 7-1-0,-1,62,135.0,,Orthodox,1994-01-25,3.07,0.63,5.67,0.44,0.0,0.0,1.0,0.0,7,1,0
1792,Andre Lima,Mascote,Record: 10-0-0,4,67,125.0,67.0,Orthodox,1999-02-04,3.03,0.55,2.48,0.57,1.13,0.66,0.73,1.1,10,0,0
1793,Emiliano Linares,Golden Bull,Record: 8-2-0,-1,68,145.0,72.0,Orthodox,1997-04-21,1.17,0.28,3.59,0.26,0.0,0.0,0.33,0.0,8,2,0
1794,Miguel Linares,,Record: 2-4-0,-2,0,,,,,6.51,0.5,8.84,0.36,0.0,0.0,0.0,0.0,2,4,0
1795,Juliana Lima,Ju Thai,Record: 9-5-0,-2,65,115.0,65.0,Orthodox,1982-03-15,1.94,0.44,2.11,0.55,1.72,0.31,0.7,0.0,9,5,0
1796,Dhiego Lima,,Record: 17-9-0,-2,74,170.0,75.0,Orthodox,1989-01-31,3.12,0.39,3.88,0.58,1.26,0.34,0.73,0.6,17,9,0
1797,Hyun Gyu Lim,The Ace,Record: 13-7-1,-3,75,170.0,77.0,Orthodox,1985-01-16,4.45,0.41,5.07,0.51,0.23,1.0,0.73,0.2,13,7,1
1798,Jae Suk Lim,,Record: 17-6-0,-1,69,170.0,,Orthodox,1979-11-09,2.43,0.5,4.05,0.37,12.16,1.0,1.0,0.0,17,6,0
1799,Chris Liguori,,Record: 15-10-0,-1,69,185.0,,Orthodox,,0.29,0.33,1.44,0.0,0.0,0.0,0.5,0.0,15,10,0
1800,Donnie Liles,,Record: 17-7-0,1,69,170.0,,Orthodox,,2.25,0.41,1.75,0.65,2.5,0.28,0.0,1.2,17,7,0
1801,Zach Light,,Record: 9-11-0,-2,68,170.0,,Orthodox,1974-02-06,0.81,0.33,1.9,0.48,1.36,1.0,0.0,0.0,9,11,0
1802,Rodrigo Lidio,Dynamis,Record: 12-3-0,-1,71,155.0,73.0,Orthodox,1989-07-07,0.97,0.5,0.0,1.0,0.0,0.0,0.5,0.0,12,3,0
1803,Scott Lighty,,Record: 6-2-0,-2,74,205.0,,,1978-10-15,2.91,0.21,4.24,0.49,0.0,0.0,0.0,0.0,6,2,0
1804,Sam Liera,,Record: 12-10-0,-1,0,,,,,0.82,0.6,7.36,0.51,0.0,0.0,0.66,0.0,12,10,0
1805,Chuck Liddell,The Iceman,Record: 21-8-0,-3,74,205.0,76.0,Orthodox,1969-12-17,2.97,0.35,2.71,0.56,0.44,0.75,0.81,0.0,21,8,0
1806,Li Yunfeng,,Record: 9-5-0,-1,68,135.0,68.0,Orthodox,1999-03-08,0.53,0.29,2.55,0.35,0.0,0.0,0.5,0.0,9,5,0
1807,Liang Na,The Dragon Girl,Record: 19-8-0,-4,65,125.0,67.0,Orthodox,1996-07-27,1.99,0.42,3.95,0.36,3.6,0.58,0.25,0.5,19,8,0
1808,Jess Liaudin,The Joker,Record: 20-11-0,-3,69,170.0,72.0,Orthodox,,2.46,0.51,2.76,0.41,3.28,0.53,0.3,1.6,20,11,0
1809,Li Jingliang,The Leech,Record: 19-9-0,-2,72,170.0,71.0,Orthodox,1988-03-20,4.46,0.42,3.95,0.56,1.19,0.41,0.6,0.0,19,9,0
1810,Malik Lewis,Hard Knock,Record: 6-2-0,-2,72,155.0,75.0,Orthodox,1996-03-04,4.16,0.45,5.66,0.4,3.98,0.4,0.5,0.0,6,2,0
1811,Brandon Lewis,,Record: 6-2-0,-2,64,135.0,70.0,Orthodox,1997-08-02,2.17,0.29,3.63,0.53,1.0,0.15,0.2,0.0,6,2,0
1812,Derrick Lewis,The Black Beast,Record: 28-12-0 (1 NC),0,75,260.0,79.0,Orthodox,1985-02-07,2.48,0.5,2.48,0.4,0.57,0.26,0.52,0.0,28,12,0 (1 NC)
1813,Kyle Levinton,,Record: 0-3-0,-1,0,,,,,0.0,0.0,0.0,0.0,0.0,0.0,0.0,0.0,0,3,0
1814,John Lewis,,Record: 3-4-3,-1,72,155.0,,Southpaw,,0.0,0.0,4.0,0.66,0.0,0.0,0.0,0.0,3,4,3
1815,Natan Levy,Lethal,Record: 8-2-0,-1,69,155.0,71.0,Southpaw,1991-09-30,3.7,0.52,3.19,0.58,5.03,0.58,0.41,0.5,8,2,0
1816,David Levicki,,Record: 1-3-0,-1,77,275.0,,,,0.0,0.0,0.0,0.0,0.0,0.0,0.0,0.0,1,3,0
1817,Justin Levens,The Executioner,Record: 10-7-0,1,71,185.0,,Orthodox,1980-04-18,1.24,0.47,3.15,0.37,1.69,0.5,0.33,5.1,10,7,0
1818,Bevon Lewis,,Record: 7-3-0,-1,75,185.0,79.0,Orthodox,1991-05-05,3.73,0.43,2.67,0.54,0.0,0.0,0.66,0.0,7,3,0
1819,Leah Letson,Nidas,Record: 5-3-0,-1,67,145.0,71.0,Southpaw,1992-08-21,3.06,0.41,3.84,0.52,0.51,0.5,0.76,0.0,5,3,0
1820,Frank Lester,,Record: 11-6-0 (1 NC),-1,71,170.0,,Orthodox,1984-06-10,2.18,0.36,3.82,0.53,0.0,0.0,0.0,0.0,11,6,0 (1 NC)
1821,Valerie Letourneau,Trouble,Record: 8-6-0,-3,67,115.0,68.0,Orthodox,1983-04-29,4.51,0.37,5.4,0.58,0.77,0.45,0.66,0.3,8,6,0
1822,Marcus LeVesseur,The Prospect,Record: 22-7-0,-1,69,155.0,70.0,Southpaw,1982-07-17,2.55,0.64,3.7,0.37,3.89,0.36,0.83,0.6,22,7,0
1823,Lukasz Les,,Record: 8-3-0,-1,0,170.0,,,1981-11-05,0.0,0.0,0.0,0.0,0.0,0.0,0.0,0.0,8,3,0
1824,Brock Lesnar,,Record: 5-3-0 (1 NC),0,75,265.0,81.0,Orthodox,1977-07-12,3.53,0.72,2.11,0.5,3.9,0.55,0.6,0.5,5,3,0 (1 NC)
1825,Chad Leonhardt,The Boss,Record: 9-4-0,-1,72,170.0,,,1980-02-19,0.0,0.0,0.0,0.0,0.0,0.0,0.0,0.0,9,4,0
1826,Kimo Leopoldo,,Record: 10-7-1,-2,75,235.0,,Orthodox,1968-01-05,0.76,0.83,2.12,0.3,4.55,1.0,0.0,2.3,10,7,1
1827,Michael Lerma,,Record: 0-1-0,-1,0,,,,,0.0,0.0,6.47,0.45,0.0,0.0,0.0,0.0,0,1,0
1828,Alberta Cerra Leon,,Record: 0-1-0,-1,68,238.0,,,,0.0,0.0,0.0,0.0,0.0,0.0,0.0,0.0,0,1,0
1829,Victoria Leonardo,Fury,Record: 9-7-0,-2,65,125.0,64.0,Orthodox,1990-02-16,3.22,0.38,4.81,0.47,1.57,0.27,0.71,0.0,9,7,0
1830,Anthony Leone,,Record: 15-8-0,-2,66,135.0,,Orthodox,1987-05-27,1.94,0.53,2.52,0.56,1.72,0.18,0.0,0.0,15,8,0
1831,Jesse Lennox,The Ox,Record: 14-4-0,-2,69,170.0,72.0,Orthodox,1982-03-10,2.69,0.32,3.2,0.64,1.22,0.66,0.63,0.3,14,4,0
1832,Jean Francois Lenogue,,Record: 16-17-3,-1,72,185.0,,Orthodox,1972-11-29,1.13,0.34,0.27,0.6,0.0,0.0,0.33,0.0,16,17,3
1833,Christophe Leninger,,Record: 3-4-0,-2,72,200.0,,Southpaw,,0.0,0.0,0.0,0.0,0.0,0.0,0.0,0.0,3,4,0
1834,Amanda Lemos,,Record: 14-4-1,-1,64,115.0,65.0,Southpaw,1987-05-22,3.16,0.54,3.87,0.44,0.9,0.63,0.61,0.8,14,4,1
1835,Gabe Lemley,,Record: 13-9-0,-1,68,155.0,,Orthodox,,0.82,0.35,6.03,0.45,0.0,0.0,0.0,0.0,13,9,0
1836,Stefan Leko,Blitz,Record: 0-3-0,-3,74,215.0,,Orthodox,1974-06-03,2.4,0.43,6.17,0.68,0.0,0.0,0.0,0.0,0,3,0
1837,Claudia Leite,,Record: 8-3-0,-1,63,135.0,64.0,Orthodox,1996-11-04,1.27,0.47,1.73,0.57,1.0,0.25,0.0,1.0,8,3,0
1838,Nik Lentz,The Carny,Record: 30-12-2 (1 NC),-3,68,145.0,68.0,Orthodox,1984-08-13,3.44,0.47,3.25,0.5,3.3,0.32,0.43,1.2,30,12,2 (1 NC)
1839,Thales Leites,,Record: 28-9-0,1,73,185.0,78.0,Orthodox,1981-09-06,2.13,0.4,2.99,0.52,2.1,0.27,0.3,1.1,28,9,0
1840,Cheyden Leialoha,Steadfast,Record: 6-0-0,-1,68,135.0,73.0,Orthodox,1994-03-15,1.87,0.28,3.2,0.53,2.0,0.33,0.71,0.0,6,0,0
1841,Sherron Leggett,Rob Roy,Record: 21-6-0,-1,68,155.0,,Southpaw,1978-10-27,2.86,0.51,2.08,0.47,5.19,0.8,0.33,0.0,21,6,0
1842,ChangHo Lee,,Record: 10-1-0,3,68,135.0,69.0,Orthodox,1994-05-09,4.9,0.7,2.65,0.37,3.24,0.3,0.38,0.0,10,1,0
1843,JungHyun Lee,The Phenom,Record: 8-1-0,-1,65,125.0,65.0,Orthodox,2002-09-10,4.27,0.39,6.2,0.38,0.0,0.0,0.64,0.0,8,1,0
1844,Ricky Legere Jr.,IE Bad Boy,Record: 14-4-0,1,68,170.0,,,,1.07,0.41,1.53,0.6,5.0,0.41,0.0,0.0,14,4,0
1845,JeongYeong Lee,Korean Tiger,Record: 11-2-0,-1,70,145.0,73.0,Orthodox,1995-11-13,2.84,0.52,2.81,0.5,0.93,0.66,0.76,0.5,11,2,0
1846,Andrea Lee,KGB,Record: 13-10-0,-5,66,125.0,69.0,Orthodox,1989-02-11,4.71,0.46,3.83,0.62,1.7,0.55,0.54,0.6,13,10,0
1847,Vaughan Lee,,Record: 14-13-1,-2,66,125.0,66.0,Orthodox,1982-10-15,3.47,0.47,2.07,0.7,0.81,0.33,0.72,1.0,14,13,1
1848,Rocky Lee,,Record: 3-2-0,-1,69,145.0,,Orthodox,1987-04-08,2.47,0.51,5.33,0.44,1.0,0.1,0.33,0.0,3,2,0
1849,Matt Lee,,Record: 14-10-1,-1,71,155.0,,Orthodox,,0.0,0.0,9.68,0.21,0.0,0.0,0.0,0.0,14,10,1
1850,Imani Lee,,Record: 2-4-0,-1,0,,,Orthodox,,0.0,0.0,0.94,0.33,0.0,0.0,0.0,0.0,2,4,0
1851,Kevin Lee,The Motown Phenom,Record: 18-8-0,-3,69,170.0,77.0,Orthodox,1992-09-04,3.88,0.42,3.6,0.5,3.18,0.43,0.75,0.8,18,8,0
1852,Tommy Lee,,Record: 25-6-0 (1 NC),-1,67,145.0,,Orthodox,1977-01-20,0.0,0.0,0.3,0.75,4.57,0.33,0.0,0.0,25,6,0 (1 NC)
1853,Tae Hyun Lee,,Record: 1-2-0,-2,78,295.0,,Orthodox,1975-01-17,1.37,0.31,3.89,0.54,5.15,1.0,0.0,0.0,1,2,0
1854,David Lee,,Record: 12-10-0,-2,70,155.0,,Orthodox,,1.49,0.5,3.31,0.42,0.0,0.0,0.5,0.0,12,10,0
1855,James Lee,,Record: 15-3-0 (1 NC),-1,71,205.0,,Southpaw,1973-09-22,1.4,0.42,3.72,0.27,13.95,0.5,0.0,7.0,15,3,0 (1 NC)
1856,Eun Soo Lee,,Record: 17-4-0 (1 NC),-1,73,215.0,,Orthodox,1982-03-07,0.0,0.0,3.05,0.6,0.0,0.0,0.5,0.0,17,4,0 (1 NC)
1857,Jackie Lee,,Record: 0-1-0,-1,0,,,,,0.0,0.0,0.0,0.0,0.0,0.0,0.0,0.0,0,1,0
1858,Justin Ledet,El Blanco,Record: 9-4-0 (1 NC),-4,76,205.0,80.0,Orthodox,1988-09-28,3.35,0.39,4.82,0.49,0.23,0.5,0.42,0.2,9,4,0 (1 NC)
1859,Mickael Lebout,Ragnar,Record: 16-7-1 (1 NC),-1,71,155.0,73.0,Orthodox,1987-08-16,2.6,0.34,2.98,0.54,0.0,0.0,0.6,0.0,16,7,1 (1 NC)
1860,Stephen Ledbetter,,Record: 8-3-0,-1,69,145.0,,Orthodox,1982-06-30,1.2,0.38,1.6,0.57,5.0,0.45,1.0,0.0,8,3,0
1861,Chris Leben,The Crippler,Record: 22-11-0,-4,71,185.0,73.0,Southpaw,1980-07-21,2.87,0.42,2.87,0.52,1.14,0.41,0.53,0.8,22,11,0
1862,Thanh Le,,Record: 6-1-0,1,69,145.0,74.0,Orthodox,1985-08-28,1.97,0.4,1.82,0.7,0.0,0.0,1.0,0.0,6,1,0
1863,Jordan Leavitt,The Monkey King,Record: 11-3-0,-1,69,155.0,71.0,Southpaw,1995-06-02,2.55,0.61,1.84,0.57,2.19,0.25,0.3,1.1,11,3,0
1864,Jerome LeBanner,,Record: 3-2-0,-1,75,265.0,,Southpaw,1972-12-26,0.92,0.35,1.03,0.37,0.0,0.0,0.5,0.0,3,2,0
1865,Mounir Lazzez,The Sniper,Record: 11-3-0,-1,73,170.0,76.0,Orthodox,1987-11-16,7.49,0.55,5.42,0.53,1.8,0.57,0.71,0.0,11,3,0
1866,Cung Le,,Record: 9-3-0,-1,69,185.0,70.0,Southpaw,1972-05-25,4.36,0.48,2.98,0.66,1.37,0.71,0.88,0.3,9,3,0
1867,Quang Le,Bang,Record: 8-1-0,-1,66,135.0,70.0,Orthodox,1991-10-18,1.07,0.23,3.93,0.24,2.0,0.18,0.0,0.0,8,1,0
1868,Valmir Lazaro,Bidu,Record: 15-5-0,-1,72,155.0,73.0,Orthodox,1985-08-15,4.87,0.37,4.09,0.61,1.33,0.4,0.96,0.0,15,5,0
1869,Zviad Lazishvili,,Record: 13-1-0,-1,66,135.0,69.0,Orthodox,1991-10-25,4.2,0.39,6.13,0.51,0.0,0.0,0.0,0.0,13,1,0
1870,Eric Lawson,,Record: 9-5-0,-2,72,185.0,,Orthodox,,1.58,0.57,1.97,0.44,8.88,0.42,0.0,3.0,9,5,0
1871,Jimmy Lawson,Greedy,Record: 4-2-0,-1,72,265.0,77.0,Orthodox,1991-11-13,0.07,0.08,1.6,0.44,0.0,0.0,0.0,0.0,4,2,0
1872,Ronnie Lawrence,The Heat,Record: 8-2-0 (1 NC),0,68,135.0,68.0,Switch,1992-06-13,2.78,0.56,1.75,0.52,6.75,0.77,0.45,0.2,8,2,0 (1 NC)
1873,Lance Lawrence,,Record: 4-1-0,-1,73,145.0,74.0,Orthodox,1993-06-26,5.87,0.5,9.8,0.24,1.0,1.0,0.5,0.0,4,1,0
1874,Justin Lawrence,The American Kidd,Record: 10-4-0,-2,68,145.0,67.0,Orthodox,1990-05-15,3.84,0.35,2.83,0.67,0.72,0.28,0.73,0.0,10,4,0
1875,Sandra Lavado,Peruvian Zombie,Record: 10-3-0,-1,67,115.0,66.0,Orthodox,1994-05-03,0.87,0.37,2.67,0.34,0.0,0.0,0.33,0.0,10,3,0
1876,Chatt Lavender,,Record: 9-7-0,-1,68,170.0,,,1976-05-24,0.0,0.0,0.0,0.0,0.0,0.0,0.0,0.0,9,7,0
1877,Tom Lawlor,Filthy,Record: 10-6-0 (1 NC),-1,72,205.0,74.0,Southpaw,1983-05-15,2.5,0.42,2.41,0.6,2.46,0.32,0.57,1.4,10,6,0 (1 NC)
1878,Muhammed Lawal,King Mo,Record: 21-6-0 (1 NC),0,72,205.0,78.0,Southpaw,1981-01-11,3.79,0.52,1.61,0.66,5.96,0.75,0.87,0.0,21,6,0 (1 NC)
1879,Robbie Lawler,Ruthless,Record: 30-16-0 (1 NC),1,71,170.0,74.0,Southpaw,1982-03-20,3.85,0.47,4.67,0.59,0.65,0.64,0.65,0.0,30,16,0 (1 NC)
1880,Jenel Lausa,,Record: 7-5-0,-3,65,125.0,68.0,Orthodox,1988-08-01,1.44,0.42,3.53,0.53,0.55,0.66,0.51,0.8,7,5,0
1881,Dan Lauzon,The Upgrade,Record: 17-6-0,-2,70,155.0,,Orthodox,1988-03-30,1.34,0.25,4.09,0.61,1.63,0.33,0.8,2.7,17,6,0
1882,Sione Latu,,Record: 1-0-0,1,72,215.0,,,,0.0,0.0,0.0,0.0,0.0,0.0,0.0,0.0,1,0,0
1883,Ilir Latifi,The Sledgehammer,Record: 17-9-0 (1 NC),-1,70,230.0,73.0,Orthodox,1982-07-28,2.05,0.45,2.93,0.56,2.11,0.35,1.0,0.3,17,9,0 (1 NC)
1884,Joe Lauzon,,Record: 28-16-0,1,70,155.0,71.0,Orthodox,1984-05-22,2.84,0.39,5.39,0.54,2.39,0.45,0.54,2.0,28,16,0
1885,Phillip Latu,The Doctor,Record: 6-2-0,-1,75,205.0,76.0,Orthodox,1991-02-17,3.4,0.51,7.07,0.31,0.0,0.0,1.0,0.0,6,2,0
1886,Bobby Lashley,,Record: 15-2-0,-1,75,255.0,78.0,Orthodox,1976-07-16,3.1,0.63,0.76,0.63,11.47,0.7,0.0,0.0,15,2,0
1887,Ryan Larson,,Record: 6-2-0,1,0,170.0,,,1980-12-30,0.0,0.0,0.0,0.0,0.0,0.0,0.0,0.0,6,2,0
1888,Brock Larson,,Record: 42-10-0,-2,71,170.0,71.0,Southpaw,1977-08-23,1.39,0.46,1.5,0.55,2.67,0.34,0.43,2.0,42,10,0
1889,Icho Larenas,,Record: 6-5-0,-1,75,235.0,,Orthodox,1980-03-12,0.17,0.15,2.5,0.28,0.0,0.0,0.14,0.0,6,5,0
1890,Jeremy Larsen,,Record: 8-5-0,-3,70,145.0,70.0,Orthodox,1984-05-18,4.87,0.48,5.75,0.57,2.49,0.33,0.0,0.0,8,5,0
1891,Lorenz Larkin,The Monsoon,Record: 18-6-0 (1 NC),2,71,170.0,72.0,Orthodox,1986-09-03,3.53,0.46,2.74,0.63,0.27,0.42,0.79,0.1,18,6,0 (1 NC)
1892,TJ Laramie,,Record: 12-5-0,-2,66,145.0,66.0,Orthodox,1997-10-15,1.49,0.5,2.64,0.38,1.44,0.33,0.4,0.0,12,5,0
1893,Anthony Lapsley,The Recipe,Record: 23-7-0 (2 NC),-2,69,170.0,,Southpaw,1980-02-13,0.53,0.34,0.58,0.66,0.0,0.0,0.2,0.0,23,7,0 (2 NC)
1894,Chad Laprise,The Disciple,Record: 13-4-0,-2,70,170.0,71.0,Orthodox,1986-07-23,4.78,0.42,3.59,0.65,1.05,0.54,0.78,0.0,13,4,0
1895,Taylor Lapilus,Double Impact,Record: 20-4-0,1,66,135.0,73.0,Southpaw,1992-04-08,4.33,0.48,2.61,0.6,0.31,0.4,0.78,0.3,20,4,0
1896,Lina Lansberg,Elbow Queen,Record: 10-8-0,-4,67,135.0,65.0,Orthodox,1982-03-13,2.69,0.55,3.87,0.44,0.52,0.27,0.47,0.1,10,8,0
1897,Lionel Lanham,,Record: 5-1-0,-1,0,205.0,,,1980-08-31,0.0,0.0,0.0,0.0,0.0,0.0,0.0,0.0,5,1,0
1898,Jeremy Lang,,Record: 21-2-0,-1,71,205.0,,Southpaw,1975-05-11,1.13,0.5,1.41,0.42,4.22,0.6,0.0,4.2,21,2,0
1899,Aaron Lanfranco,,Record: 5-1-0,1,0,155.0,,,1986-08-26,0.0,0.0,0.0,0.0,0.0,0.0,0.0,0.0,5,1,0
1900,Nate Landwehr,The Train,Record: 18-5-0,1,69,145.0,72.0,Orthodox,1988-06-06,6.25,0.46,5.75,0.55,1.0,0.41,0.86,1.0,18,5,0
1901,Jason Lambert,The Punisher,Record: 26-13-0,-3,75,185.0,75.0,Orthodox,1975-06-03,3.21,0.58,1.84,0.5,1.35,0.36,0.28,2.4,26,13,0
1902,Austen Lane,,Record: 12-5-0 (1 NC),0,78,245.0,80.0,Orthodox,1987-11-09,3.43,0.46,2.81,0.44,1.03,0.2,0.0,0.0,12,5,0 (1 NC)
1903,Jose Landi-Jons,Pele,Record: 29-16-0,-2,71,170.0,,Orthodox,1973-09-09,0.99,0.4,0.77,0.43,2.2,0.8,0.4,2.2,29,16,0
1904,Sean Lally,The Unpredictable One,Record: 7-3-0,-1,72,170.0,,Orthodox,1990-11-04,5.34,0.39,7.23,0.3,0.0,0.0,0.0,0.0,7,3,0
1905,Todd Lally,,Record: 2-1-0,-1,67,145.0,,Orthodox,,0.0,0.0,0.0,0.0,0.0,0.0,0.0,0.0,2,1,0
1906,Tim Lajcik,The Bohemian,Record: 7-6-1,-2,73,225.0,,Orthodox,1965-06-21,0.0,0.0,0.0,0.0,0.0,0.0,0.0,0.0,7,6,1
1907,Ricardo Lamas,The Bully,Record: 20-8-0,1,68,145.0,71.0,Orthodox,1982-05-21,3.13,0.47,2.87,0.57,1.84,0.33,0.46,0.9,20,8,0
1908,Tina Lahdemaki,Jelly Bean,Record: 5-1-0,-1,62,115.0,,Orthodox,1988-05-28,1.93,0.2,4.67,0.57,0.0,0.0,0.16,0.0,5,1,0
1909,Noad Lahat,Neo,Record: 11-2-0,-1,69,145.0,69.0,Orthodox,1984-06-08,2.79,0.46,1.47,0.63,2.37,0.26,0.16,2.4,11,2,0
1910,Yohan Lainesse,White Lion,Record: 9-3-0,-2,73,170.0,76.0,Orthodox,1992-08-14,2.22,0.41,3.38,0.58,0.94,0.28,0.72,0.5,9,3,0
1911,Ryan LaFlare,,Record: 14-3-0,-1,73,170.0,74.0,Southpaw,1983-10-01,2.89,0.4,1.86,0.63,2.13,0.44,0.58,0.2,14,3,0
1912,Ben Lagman,Bad News,Record: 6-5-0,-1,74,185.0,,,1986-09-04,0.0,0.0,0.0,0.0,0.0,0.0,0.0,0.0,6,5,0
1913,Corinne Laframboise,,Record: 8-5-0,-1,64,125.0,65.0,Orthodox,1989-05-25,3.16,0.68,1.89,0.47,3.16,1.0,0.33,0.0,8,5,0
1914,Luan Lacerda,,Record: 12-3-0,-2,67,135.0,71.0,Orthodox,1993-01-07,4.52,0.44,7.07,0.47,1.26,0.25,0.75,0.6,12,3,0
1915,Aspen Ladd,,Record: 9-3-0,-2,66,135.0,66.0,Orthodox,1995-03-01,3.78,0.47,4.65,0.47,1.56,0.47,0.62,0.6,9,3,0
1916,Daniel Lacerda,Miojo,Record: 11-6-0 (1 NC),-1,66,125.0,70.0,Switch,1996-06-05,3.95,0.45,8.28,0.34,2.32,0.5,0.0,1.2,11,6,0 (1 NC)
1917,Achmed Labasanov,,Record: 7-4-0,-1,75,215.0,,Orthodox,1978-04-24,0.75,0.39,1.1,0.46,3.0,1.0,0.0,0.8,7,4,0
1918,Scott Junk,,Record: 8-3-1 (1 NC),-1,73,265.0,,Orthodox,1978-12-17,5.13,0.6,1.81,0.45,0.0,0.0,0.0,0.0,8,3,1 (1 NC)
1919,Myles Jury,Fury,Record: 17-4-0,-2,70,145.0,73.0,Orthodox,1988-10-31,2.94,0.42,2.16,0.66,2.16,0.55,0.5,0.3,17,4,0
1920,Cristiane Justino,Cyborg,Record: 21-2-0 (1 NC),1,68,145.0,68.0,Orthodox,1985-07-09,7.28,0.52,2.25,0.64,0.66,0.55,0.94,0.4,21,2,0 (1 NC)
1921,Josh LaBerge,,Record: 11-6-0,1,70,145.0,,,,2.53,0.36,5.33,0.44,0.0,0.0,0.71,0.0,11,6,0
1922,Young Sam Jung,,Record: 4-8-0,-1,68,139.0,,Orthodox,1985-10-27,0.53,0.09,2.79,0.63,0.0,0.0,0.0,2.0,4,8,0
1923,Da Woon Jung,Sseda,Record: 15-5-1,0,76,205.0,78.0,Orthodox,1993-12-07,3.49,0.43,3.89,0.51,1.9,0.5,0.77,0.2,15,5,1
1924,Chan Sung Jung,The Korean Zombie,Record: 17-8-0,-2,67,145.0,72.0,Orthodox,1987-03-17,3.93,0.41,4.52,0.52,0.7,0.44,0.72,0.6,17,8,0
1925,Bu-Kyung Jung,,Record: 0-4-0,-3,67,154.0,,Orthodox,1978-05-26,0.63,0.36,1.85,0.56,1.1,0.75,0.0,1.5,0,4,0
1926,Luke Jumeau,The Jedi,Record: 13-5-0,-1,71,170.0,72.0,Orthodox,1988-02-12,2.93,0.43,3.17,0.58,0.25,1.0,0.86,0.0,13,5,0
1927,Carli Judice,Crispy,Record: 3-2-0,-2,67,125.0,68.0,Southpaw,1999-03-02,11.23,0.54,10.1,0.52,1.0,0.25,0.7,0.0,3,2,0
1928,Ernie Juarez,The Young Titan,Record: 8-1-0,-1,68,145.0,70.0,,1998-01-12,4.21,0.51,6.23,0.55,0.0,0.0,0.25,0.0,8,1,0
1929,Anshul Jubli,King of Lions,Record: 7-1-0,-1,72,155.0,69.0,Switch,1995-01-13,6.48,0.46,5.61,0.51,0.82,0.18,0.63,0.4,7,1,0
1930,Tony Juarez,,Record: 1-12-0,-1,0,155.0,,,,0.89,0.25,10.34,0.38,4.43,1.0,0.66,0.0,1,12,0
1931,Steve Judson,,Record: 0-2-0,-2,71,230.0,,Orthodox,,0.0,0.0,0.0,0.0,0.0,0.0,0.0,0.0,0,2,0
1932,Jesse Juarez,,Record: 23-12-0,-1,73,170.0,,Orthodox,1981-05-08,1.71,0.48,2.87,0.52,2.69,0.33,0.5,0.0,23,12,0
1933,Dustin Joynson,,Record: 5-0-0 (1 NC),0,78,244.0,78.0,Orthodox,1985-10-14,3.28,0.53,5.63,0.47,0.0,0.0,0.0,0.0,5,0,0 (1 NC)
1934,Charles Jourdain,Air,Record: 15-8-1,0,69,135.0,69.0,Switch,1995-11-27,5.48,0.48,4.35,0.56,0.35,0.23,0.48,0.5,15,8,1
1935,Mike Joy,,Record: 11-8-0,-1,66,155.0,,Southpaw,1985-07-18,0.57,0.33,1.71,0.47,0.78,0.33,0.0,2.3,11,8,0
1936,Kevin Jousset,Air,Record: 10-2-0,0,74,170.0,75.0,Orthodox,1993-05-02,8.23,0.55,5.1,0.53,1.51,0.66,1.0,0.8,10,2,0
1937,Krzysztof Jotko,,Record: 24-6-0,-1,73,185.0,77.0,Southpaw,1989-08-19,2.98,0.42,2.23,0.57,1.33,0.39,0.82,0.1,24,6,0
1938,Alan Jouban,Brahma,Record: 17-7-0,1,72,170.0,73.0,Southpaw,1981-11-25,5.67,0.5,3.77,0.6,0.51,0.44,0.58,0.3,17,7,0
1939,Jeff Joslin,The Inferno,Record: 5-3-0,-2,72,170.0,,Orthodox,1975-04-30,2.17,0.39,1.57,0.65,0.5,0.33,0.64,0.5,5,3,0
1940,Gareth Joseph,,Record: 9-5-0,-1,0,205.0,,,,0.0,0.0,0.0,0.0,0.0,0.0,0.0,0.0,9,5,0
1941,Dwight Joseph,,Record: 5-0-0,1,66,135.0,,Switch,1989-08-16,2.6,0.52,2.87,0.55,1.0,0.2,0.2,1.0,5,0,0
1942,Shawn Jordan,The Savage,Record: 19-8-0,-1,72,260.0,75.0,Southpaw,1984-10-21,2.87,0.5,3.3,0.47,1.97,0.38,0.76,0.1,19,8,0
1943,Ivan Jorge,Batman,Record: 27-7-0,-1,69,155.0,73.0,Orthodox,1980-11-07,3.41,0.49,2.91,0.59,1.56,0.16,0.75,0.6,27,7,0
1944,Scott Jorgensen,Young Guns,Record: 15-12-0,-3,65,135.0,66.0,Orthodox,1982-09-17,3.37,0.4,3.41,0.65,2.61,0.45,0.59,0.7,15,12,0
1945,Joe Jordan,,Record: 49-14-2,-1,66,155.0,,Orthodox,1978-07-27,1.85,0.25,4.27,0.59,0.0,0.0,0.66,0.0,49,14,2
1946,Jocelyn Jones-Lybarger,,Record: 6-4-0,-3,67,115.0,64.0,Orthodox,1985-10-04,2.96,0.31,4.83,0.56,0.34,0.25,0.81,0.0,6,4,0
1947,Jacobi Jones,Big Toe,Record: 6-2-0,-1,69,155.0,72.0,Orthodox,1996-05-24,5.87,0.46,7.6,0.48,0.0,0.0,0.33,0.0,6,2,0
1948,Kevin Jordan,The Shaman,Record: 11-9-0,-3,75,245.0,,Orthodox,1970-12-31,2.0,0.4,1.91,0.55,0.0,0.0,0.77,0.6,11,9,0
1949,Mason Jones,Dragon,Record: 11-2-0 (1 NC),-1,70,155.0,74.0,Orthodox,1995-04-26,5.61,0.44,4.94,0.46,3.16,0.45,0.8,0.0,11,2,0 (1 NC)
1950,Jamelle Jones,The Beast,Record: 7-5-0,-1,72,205.0,75.0,Orthodox,1988-01-31,1.78,0.8,3.11,0.65,0.0,0.0,0.0,0.0,7,5,0
1951,Trevin Jones,5 Star,Record: 13-10-0 (1 NC),-4,67,135.0,70.0,Southpaw,1990-08-04,2.13,0.37,4.29,0.39,0.62,0.15,0.6,0.2,13,10,0 (1 NC)
1952,Antonio Jones,Doomsday,Record: 6-1-0,-1,71,185.0,,Orthodox,1985-04-12,7.5,0.55,30.0,0.42,0.0,0.0,0.0,0.0,6,1,0
1953,Roy Jones,,Record: 7-5-0,-1,0,205.0,,,1983-10-26,0.0,0.0,0.0,0.0,0.0,0.0,0.0,0.0,7,5,0
1954,Justin Jones,Black Dynamite,Record: 9-2-0,-2,71,185.0,,Orthodox,1987-09-06,1.7,0.36,3.17,0.45,1.0,0.15,0.46,0.5,9,2,0
1955,Tito Jones,,Record: 11-8-0,-1,68,145.0,,Southpaw,1981-07-31,0.0,0.0,0.0,0.0,0.0,0.0,0.0,0.0,11,8,0
1956,Carlton Jones,,Record: 1-4-0,-3,73,225.0,,Orthodox,,2.32,0.41,3.58,0.56,4.02,0.5,0.57,2.7,1,4,0
1957,Jon Jones,Bones,Record: 27-1-0 (1 NC),0,76,248.0,84.0,Orthodox,1987-07-19,4.29,0.57,2.22,0.64,1.93,0.45,0.95,0.5,27,1,0 (1 NC)
1958,Paul Jones,,Record: 11-1-1,-1,69,199.0,,Orthodox,1963-06-16,0.0,0.0,0.0,0.0,0.0,0.0,0.0,0.0,11,1,1
1959,Jesse Jones,,Record: 2-1-0,-1,69,170.0,,,,0.0,0.0,0.0,0.0,0.0,0.0,0.0,0.0,2,1,0
1960,Marcus Jones,The Darkness,Record: 4-2-0,-1,78,265.0,,Orthodox,1973-08-15,1.94,0.52,2.71,0.58,8.71,0.75,0.0,2.9,4,2,0
1961,Nathan Jones,,Record: 0-1-0,-1,83,345.0,,Orthodox,1970-08-21,0.0,0.0,0.0,0.0,0.0,0.0,0.0,0.0,0,1,0
1962,Daniel Jolly,The Werewolf of Texas,Record: 5-3-0,-3,73,205.0,75.0,Orthodox,1984-09-03,1.32,0.46,3.39,0.44,2.83,0.33,0.5,0.0,5,3,0
1963,Liana Jojua,She Wolf,Record: 8-5-0,-2,64,125.0,62.0,Orthodox,1995-03-22,2.42,0.3,5.32,0.54,1.71,0.66,0.5,1.3,8,5,0
1964,Chad Johnson,Big Rigg,Record: 6-2-0,-1,74,230.0,80.0,Orthodox,1986-07-22,5.92,0.68,7.8,0.4,0.0,0.0,0.0,0.0,6,2,0
1965,Jose Johnson,Zhakwarius,Record: 16-9-0,-1,72,125.0,71.0,Orthodox,1995-05-20,2.22,0.57,1.64,0.52,0.71,0.6,0.38,0.7,16,9,0
1966,Brian Johnston,,Record: 5-5-0,-3,75,230.0,,Orthodox,,0.0,0.0,0.0,0.0,0.0,0.0,0.0,0.0,5,5,0
1967,Taylor Johnson,Tombstone,Record: 5-1-0,-1,72,185.0,74.0,Switch,1990-11-09,5.09,0.6,1.13,0.33,8.49,1.0,1.0,0.0,5,1,0
1968,Charles Johnson,InnerG,Record: 16-6-0,0,69,125.0,70.0,Switch,1991-01-10,4.83,0.51,3.45,0.58,0.38,0.2,0.66,0.5,16,6,0
1969,Jordan Johnson,,Record: 10-0-0,4,74,205.0,79.0,Orthodox,1988-11-18,3.45,0.47,2.64,0.53,3.25,0.42,1.0,1.2,10,0,0
1970,Timothy Johnson,,Record: 12-4-0,1,75,265.0,77.0,Southpaw,1985-03-13,3.43,0.45,3.08,0.44,1.09,0.24,0.69,0.0,12,4,0
1971,Kajan Johnson,Ragin',Record: 23-13-1,-2,71,155.0,75.0,Orthodox,1984-04-21,2.47,0.42,1.59,0.64,1.54,0.37,0.62,0.2,23,13,1
1972,Dashon Johnson,Flyboy,Record: 9-2-0,-2,67,145.0,,Orthodox,1988-01-25,1.01,0.69,3.83,0.35,0.85,0.33,0.63,0.8,9,2,0
1973,Deshaun Johnson,,Record: 6-9-0,-1,0,167.0,,,,2.27,0.41,6.67,0.43,0.0,0.0,0.0,0.0,6,9,0
1974,Lavar Johnson,Big,Record: 18-10-0,-2,76,240.0,82.0,Orthodox,1977-06-11,5.39,0.55,2.54,0.55,0.61,0.66,0.54,0.6,18,10,0
1975,Demetrious Johnson,Mighty Mouse,Record: 27-3-1,-1,63,125.0,66.0,Orthodox,1986-08-13,3.43,0.54,1.66,0.67,3.35,0.56,0.65,0.5,27,3,1
1976,Tony Johnson,,Record: 7-2-0,1,74,205.0,76.0,Orthodox,1983-05-02,4.0,0.92,3.67,0.22,0.0,0.0,0.9,0.0,7,2,0
1977,Ricky Johnson,,Record: 10-6-0,-1,68,145.0,,Orthodox,,1.83,0.25,6.3,0.36,0.0,0.0,0.0,0.0,10,6,0
1978,Michael Johnson,The Menace,Record: 23-19-0,1,70,155.0,73.0,Southpaw,1986-06-04,4.27,0.39,3.83,0.57,0.62,0.41,0.81,0.0,23,19,0
1979,Travis Johnson,,Record: 0-1-0,-1,0,205.0,,,,0.0,0.0,0.0,0.0,0.0,0.0,0.0,0.0,0,1,0
1980,Devin Johnson,,Record: 1-1-1,-1,0,,,,,0.0,0.0,0.0,0.0,0.0,0.0,0.0,0.0,1,1,1
1981,DaMarques Johnson,Darkness,Record: 15-15-0,-3,73,170.0,75.0,Orthodox,1982-06-28,2.11,0.37,3.75,0.51,1.18,0.55,0.19,0.7,15,15,0
1982,Miles Johns,Chapo,Record: 15-2-0 (1 NC),2,67,135.0,66.0,Orthodox,1994-03-30,3.28,0.47,2.54,0.69,1.02,0.2,0.85,0.0,15,2,0 (1 NC)
1983,Phil Johns,,Record: 30-14-1,-1,62,170.0,,Southpaw,1968-10-22,1.2,0.66,1.8,0.5,0.0,0.0,0.5,0.0,30,14,1
1984,Anthony Johnson,Rumble,Record: 22-6-0,-1,74,205.0,78.0,Orthodox,1984-03-06,3.25,0.47,1.83,0.6,2.43,0.57,0.77,0.6,22,6,0
1985,Brett Johns,The Pikey,Record: 17-2-0,2,67,135.0,71.0,Orthodox,1992-02-21,2.86,0.49,3.84,0.53,4.92,0.49,0.58,1.0,17,2,0
1986,Carls John De Tomas,,Record: 6-2-0,-2,65,125.0,71.0,Southpaw,1996-08-28,1.74,0.37,3.93,0.44,1.37,0.33,0.66,0.0,6,2,0
1987,Sung Bin Jo,Korean Falcon,Record: 9-1-0,-1,72,145.0,72.0,Orthodox,1992-07-17,1.4,0.33,2.67,0.51,1.0,0.33,0.83,1.0,9,1,0
1988,Jiniushiyue,Little King Kong,Record: 13-4-0,-2,66,125.0,68.0,Southpaw,2000-12-09,3.0,0.41,2.71,0.5,0.79,0.28,0.75,0.0,13,4,0
1989,Art Jimmerson,,Record: 0-1-0,-1,73,196.0,,Orthodox,1963-08-04,0.0,0.0,0.0,0.0,0.0,0.0,0.0,0.0,0,1,0
1990,Jinensibieke Asikeerbai,,Record: 36-11-0,-1,66,155.0,69.0,Orthodox,1988-07-10,2.0,0.5,10.0,0.0,0.0,0.0,0.0,0.0,36,11,0
1991,Ronald Jhun,The Machine Gun,Record: 24-26-2,-3,71,170.0,,Orthodox,1970-09-21,1.45,0.57,3.01,0.5,1.81,1.0,1.0,0.0,24,26,2
1992,Baergeng Jieleyisi,,Record: 18-5-0,2,69,135.0,70.0,Orthodox,1995-11-24,2.18,0.48,2.11,0.47,1.9,0.71,0.8,0.4,18,5,0
1993,Kyle Jensen,,Record: 4-11-2,-1,69,170.0,,Orthodox,1979-07-20,0.0,0.0,0.92,0.6,6.92,1.0,0.0,6.9,4,11,2
1994,Ryan Jimmo,The Big Deal,Record: 19-5-0,-2,73,205.0,73.0,Orthodox,1981-11-27,3.12,0.66,2.77,0.46,0.45,0.28,0.87,0.0,19,5,0
1995,Maciej Jewtuszko,Irokez,Record: 12-3-0,-1,72,155.0,,Southpaw,1981-01-31,2.29,0.45,1.39,0.66,0.0,0.0,0.42,0.9,12,3,0
1996,Steve Jennum,,Record: 2-3-0,-1,70,215.0,,Orthodox,,0.0,0.0,0.0,0.0,0.0,0.0,0.0,0.0,2,3,0
1997,Ryan Jensen,,Record: 21-8-0,-2,73,185.0,76.0,Orthodox,1977-09-20,2.84,0.39,2.99,0.59,1.55,0.5,0.31,1.9,21,8,0
1998,Chan-Mi Jeon,,Record: 5-2-0,-2,65,115.0,,Orthodox,1997-08-28,6.23,0.31,7.77,0.55,0.0,0.0,0.0,0.0,5,2,0
1999,Brandon Jenkins,The Human Highlight Reel,Record: 15-9-0,-2,72,155.0,71.0,Switch,1991-09-30,2.93,0.41,8.05,0.33,0.0,0.0,0.27,0.0,15,9,0
2000,Jack Jenkins,Phar,Record: 13-3-0,1,67,145.0,68.0,Switch,1993-11-03,4.83,0.6,2.92,0.61,2.12,0.69,0.76,0.0,13,3,0
2001,Trent Jenkins,,Record: 0-4-0,-2,74,185.0,,,,0.0,0.0,0.0,0.0,0.0,0.0,0.0,0.0,0,4,0
2002,Aaron Jeffery,,Record: 10-3-0,-2,74,185.0,73.0,Orthodox,1992-11-14,3.1,0.45,4.46,0.34,0.0,0.0,0.5,0.0,10,3,0
2003,Yazmin Jauregui,,Record: 11-2-0,-1,63,115.0,64.0,Orthodox,1999-02-28,6.64,0.39,5.25,0.54,0.0,0.0,1.0,0.0,11,2,0
2004,Justin Jaynes,The Guitar Hero,Record: 16-8-0,-4,67,145.0,68.0,Orthodox,1989-08-10,3.34,0.44,5.33,0.62,0.75,0.4,0.2,1.1,16,8,0
2005,Jasmine Jasudavicius,,Record: 11-3-0,0,67,125.0,68.0,Orthodox,1989-03-01,3.79,0.45,3.85,0.51,2.39,0.41,0.75,0.5,11,3,0
2006,Joanna Jedrzejczyk,,Record: 16-5-0,-2,66,115.0,65.0,Orthodox,1987-08-18,6.28,0.48,3.25,0.62,0.27,0.62,0.8,0.1,16,5,0
2007,Rony Jason,,Record: 14-7-0 (1 NC),-2,67,145.0,73.0,Orthodox,1984-03-21,2.04,0.44,3.14,0.53,0.59,0.3,0.36,0.8,14,7,0 (1 NC)
2008,Jaime Jara,El Cucui,Record: 38-18-0 (1 NC),-1,73,205.0,,Southpaw,1969-08-02,2.2,0.6,1.47,0.56,0.0,0.0,0.25,0.0,38,18,0 (1 NC)
2009,Brock Jardine,The Machine,Record: 12-6-0,-2,71,170.0,,Orthodox,1985-07-10,1.06,0.3,3.34,0.56,0.0,0.0,0.14,0.8,12,6,0
2010,Josh Jarvis,,Record: 1-4-0,-1,0,,,,,0.0,0.0,0.0,0.0,0.0,0.0,0.0,0.0,1,4,0
2011,Gigo Jara,The Little Animal,Record: 6-9-0,-1,69,145.0,,,,2.26,0.57,2.71,0.51,0.0,0.0,0.66,0.0,6,9,0
2012,Keith Jardine,The Dean of Mean,Record: 17-11-2,-2,74,185.0,76.0,Orthodox,1975-10-31,3.25,0.36,2.98,0.59,1.18,0.45,0.62,0.7,17,11,2
2013,Dave Jansen,,Record: 20-4-0,-2,69,155.0,73.0,Orthodox,1979-08-21,2.94,0.33,3.67,0.58,2.79,0.28,0.38,0.9,20,4,0
2014,Ryan Janes,,Record: 10-3-0,1,75,185.0,76.0,Orthodox,1981-08-22,7.69,0.48,5.53,0.59,0.35,1.0,0.58,0.0,10,3,0
2015,Nate James,,Record: 14-8-1,-1,72,185.0,,,1978-05-29,1.33,0.42,2.67,0.28,0.0,0.0,0.44,0.0,14,8,1
2016,Virna Jandiroba,Carcara,Record: 21-3-0,4,63,115.0,64.0,Orthodox,1988-05-30,2.12,0.38,2.73,0.57,2.29,0.34,0.73,1.7,21,3,0
2017,Dustin Jacoby,The Hanyak,Record: 19-9-1,-2,75,205.0,76.0,Orthodox,1988-04-04,5.5,0.47,4.14,0.57,0.36,0.25,0.6,0.0,19,9,1
2018,Richard Jacobi,,Record: 6-1-1,-1,76,260.0,75.0,Orthodox,1993-09-28,0.88,0.44,3.94,0.51,3.28,1.0,1.0,0.0,6,1,1
2019,Justin James,,Record: 13-7-0,-1,70,155.0,,Orthodox,1976-11-08,1.34,0.36,2.68,0.5,0.0,0.0,0.5,1.6,13,7,0
2020,Eric Jacob,,Record: 1-9-0,-1,0,155.0,,,,0.0,0.0,0.0,0.0,0.0,0.0,0.0,0.0,1,9,0
2021,Jason Jackson,Jah-Son,Record: 7-2-0,-1,73,170.0,78.0,Orthodox,1990-10-30,2.24,0.48,1.31,0.56,0.0,0.0,0.0,0.0,7,2,0
2022,Montel Jackson,Quik,Record: 14-2-0,5,70,135.0,75.0,Southpaw,1992-04-24,3.39,0.53,1.42,0.63,3.41,0.71,0.69,0.3,14,2,0
2023,Mike Jackson,The Truth,Record: 1-2-0 (1 NC),-1,74,170.0,74.0,Orthodox,1985-03-22,4.49,0.57,3.73,0.62,0.71,0.33,0.88,0.0,1,2,0 (1 NC)
2024,Jeremy Jackson,Scorpion,Record: 9-5-0,-3,70,170.0,,Orthodox,1982-09-19,0.71,0.27,2.03,0.25,1.52,0.4,0.58,0.0,9,5,0
2025,Damon Jackson,The Leech,Record: 23-7-1 (1 NC),-1,71,145.0,71.0,Switch,1988-08-08,2.9,0.42,3.47,0.48,2.34,0.34,0.37,1.2,23,7,1 (1 NC)
2026,Eugene Jackson,The Wolf,Record: 15-9-1,-1,68,185.0,,Orthodox,1966-09-23,2.19,0.33,3.44,0.32,1.91,0.71,0.16,2.3,15,9,1
2027,Quinton Jackson,Rampage,Record: 37-12-0,1,73,205.0,73.0,Orthodox,1978-06-20,3.25,0.54,2.51,0.55,1.52,0.56,0.73,0.1,37,12,0
2028,Kevin Jackson,,Record: 4-2-0,-2,70,199.0,,Switch,,0.0,0.0,0.0,0.0,0.0,0.0,0.0,0.0,4,2,0
2029,JP Buys,Young Savage,Record: 9-6-0,-4,65,135.0,67.0,Orthodox,1996-04-30,1.88,0.39,3.02,0.4,1.55,0.25,0.25,2.3,9,6,0
2030,Yves Jabouin,Tiger,Record: 20-11-0,-2,67,135.0,68.0,Orthodox,1979-05-30,3.06,0.41,2.93,0.62,1.94,0.6,0.82,0.1,20,11,0
2031,Todd Butler,,Record: 1-4-0,-1,73,200.0,,Southpaw,,0.0,0.0,0.0,0.0,0.0,0.0,0.0,0.0,1,4,0
2032,Goldman Butler,,Record: 1-4-0,-1,0,,,,,0.0,0.0,0.0,0.0,0.0,0.0,0.0,0.0,1,4,0
2033,Jesse Butler,,Record: 12-6-0,-2,70,135.0,73.0,Orthodox,1992-05-24,2.02,0.34,4.62,0.39,0.0,0.0,0.0,0.0,12,6,0
2034,Dennis Buzukja,The Great,Record: 12-5-0,-1,69,145.0,70.0,Switch,1997-10-01,4.21,0.43,4.82,0.48,0.63,0.27,0.75,0.2,12,5,0
2035,Dakota Bush,,Record: 8-4-0,-2,70,155.0,73.0,Orthodox,1994-06-09,2.77,0.38,4.42,0.41,2.4,0.33,0.0,0.0,8,4,0
2036,Bubba Bush,The Fightin' Texas Aggie,Record: 8-3-0 (1 NC),-1,72,185.0,,Orthodox,1985-07-24,0.63,0.55,7.01,0.25,2.82,0.5,0.6,0.0,8,3,0 (1 NC)
2037,George Bush,,Record: 5-2-0,-1,73,205.0,,,,6.35,0.64,2.31,0.55,17.31,0.66,0.0,0.0,5,2,0
2038,Murilo Bustamante,,Record: 15-8-1,-1,74,183.0,,Orthodox,1966-07-30,1.33,0.32,1.9,0.6,2.46,0.33,0.54,1.2,15,8,1
2039,Nah-Shon Burrell,The Rock n Rolla,Record: 15-7-0 (1 NC),-1,71,170.0,,Orthodox,1990-02-05,4.83,0.47,3.45,0.56,0.0,0.0,0.52,0.3,15,7,0 (1 NC)
2040,Derrick Burnsed,,Record: 1-0-3,-1,0,155.0,,,,0.0,0.0,0.0,0.0,0.0,0.0,0.0,0.0,1,0,3
2041,Herbert Burns,The Blaze,Record: 11-6-0,-4,69,145.0,73.0,Orthodox,1988-02-02,1.86,0.36,5.17,0.41,2.94,0.34,0.66,1.8,11,6,0
2042,Mads Burnell,,Record: 9-3-0,-1,68,145.0,69.0,Orthodox,1994-03-06,1.28,0.41,2.71,0.51,3.45,0.47,0.22,0.4,9,3,0
2043,Justin Burlinson,,Record: 6-1-0,-1,73,170.0,74.0,Switch,1997-05-19,1.24,0.4,3.09,0.61,0.0,0.0,1.0,9.3,6,1,0
2044,Kevin Burns,The Fire,Record: 12-7-0,-3,70,170.0,74.0,Orthodox,1980-03-03,2.74,0.38,4.3,0.52,0.28,0.5,0.47,0.8,12,7,0
2045,Gilbert Burns,Durinho,Record: 22-8-0,-3,70,170.0,71.0,Orthodox,1986-07-20,3.17,0.48,3.57,0.52,2.1,0.37,0.53,0.5,22,8,0
2046,Mikey Burnett,The Eastside Assassin,Record: 5-2-0,1,66,170.0,,Orthodox,1974-04-12,0.0,0.0,0.0,0.0,0.0,0.0,0.0,0.0,5,2,0
2047,Shane Burgos,Hurricane,Record: 15-3-0,2,71,145.0,75.0,Orthodox,1991-03-19,7.4,0.52,6.78,0.56,0.43,0.44,0.91,0.4,15,3,0
2048,Joshua Burkman,The People's Warrior,Record: 28-16-0 (1 NC),-5,70,170.0,72.0,Orthodox,1980-04-10,2.69,0.43,3.13,0.51,2.53,0.36,0.72,0.3,28,16,0 (1 NC)
2049,Lee Kwan Bum,,Record: 0-1-0,-1,74,286.0,,Orthodox,,0.71,0.14,0.0,1.0,0.0,0.0,0.0,0.0,0,1,0
2050,Paul Buentello,The Headhunter,Record: 35-17-0,-2,74,245.0,77.0,Orthodox,1974-01-16,3.29,0.45,3.83,0.52,0.19,0.33,0.39,0.4,35,17,0
2051,Felipe Bunes,Felipinho,Record: 13-7-0,-1,67,125.0,69.0,Orthodox,1989-10-29,5.25,0.54,8.72,0.41,3.15,0.33,0.0,0.0,13,7,0
2052,Josh Bumgarner,,Record: 6-4-0,-1,73,170.0,,,,0.0,0.0,0.0,0.0,0.0,0.0,0.0,0.0,6,4,0
2053,Modestas Bukauskas,The Baltic Gladiator,Record: 16-6-0,1,75,205.0,78.0,Switch,1994-02-10,3.21,0.42,4.11,0.49,0.38,0.66,0.71,0.2,16,6,0
2054,Mayra Bueno Silva,Sheetara,Record: 10-4-1 (1 NC),-2,66,135.0,66.0,Orthodox,1991-08-22,4.01,0.59,5.0,0.52,0.64,0.29,0.66,1.5,10,4,1 (1 NC)
2055,Francisco Bueno,,Record: 5-2-0,-1,69,225.0,,Orthodox,,0.0,0.0,0.0,0.0,0.0,0.0,0.0,0.0,5,2,0
2056,Courtney Buck,,Record: 12-11-0,-2,70,135.0,,Orthodox,1982-03-19,1.49,0.28,3.24,0.54,0.0,0.0,0.33,0.0,12,11,0
2057,Dylan Budka,The Mindless Hulk,Record: 7-4-0,-2,72,185.0,75.0,Switch,2000-01-14,1.07,0.43,1.69,0.41,2.02,0.38,0.76,0.4,7,4,0
2058,Mike Budnik,,Record: 13-4-0,-3,69,145.0,68.0,Orthodox,1974-08-08,0.65,0.52,0.95,0.53,0.0,0.0,0.0,3.4,13,4,0
2059,Martin Buday,Badys,Record: 14-2-0,1,76,265.0,77.0,Orthodox,1991-11-11,4.84,0.53,5.54,0.52,0.21,0.25,1.0,0.2,14,2,0
2060,Julia Budd,,Record: 10-2-0,-1,67,145.0,67.0,,1983-07-04,2.42,0.74,1.18,0.47,3.6,0.57,0.83,0.0,10,2,0
2061,Zak Bucia,,Record: 17-8-0,-2,70,170.0,,,,0.0,0.0,0.0,0.0,0.0,0.0,0.0,0.0,17,8,0
2062,Justin Buchholz,,Record: 15-10-0,-3,72,155.0,73.0,Orthodox,1983-08-22,2.35,0.26,4.14,0.51,0.0,0.0,0.33,0.8,15,10,0
2063,Robert Bryczek,,Record: 17-6-0,-1,72,185.0,75.0,Orthodox,1990-07-04,2.13,0.24,4.47,0.6,0.0,0.0,1.0,0.0,17,6,0
2064,Joaquin Buckley,New Mansa,Record: 19-6-0,0,70,170.0,76.0,Southpaw,1994-04-27,4.25,0.36,3.12,0.58,1.69,0.44,0.69,0.0,19,6,0
2065,Dennis Bryant,The Beard,Record: 5-2-0,-1,72,205.0,,Orthodox,1985-10-18,10.56,0.59,10.56,0.13,0.0,0.0,0.0,0.0,5,2,0
2066,Lukasz Brzeski,The Bull,Record: 9-5-1 (1 NC),-1,76,236.0,78.0,Orthodox,1992-05-17,4.9,0.5,3.51,0.54,0.46,0.5,0.36,0.5,9,5,1 (1 NC)
2067,Derek Brunson,The One,Record: 23-9-0,-2,73,185.0,77.0,Southpaw,1984-01-04,3.51,0.47,3.05,0.51,3.14,0.33,0.85,0.6,23,9,0
2068,Josh Bryant,The Beast,Record: 15-4-0,-1,70,185.0,,Orthodox,1980-04-23,1.1,0.2,6.1,0.43,0.0,0.0,0.0,0.0,15,4,0
2069,Cody Brundage,,Record: 10-6-0 (1 NC),0,72,185.0,72.0,Orthodox,1994-05-16,1.62,0.54,2.63,0.41,2.31,0.5,0.68,0.9,10,6,0 (1 NC)
2070,Steve Bruno,Hollywood,Record: 15-6-0,-1,70,170.0,,Orthodox,1981-11-03,0.96,0.52,3.38,0.36,1.94,0.25,0.46,0.4,15,6,0
2071,Justin Bruckmann,Loaf,Record: 7-3-0,-1,69,170.0,,Orthodox,,0.59,0.66,5.91,0.16,0.0,0.0,0.33,0.0,7,3,0
2072,Junie Browning,,Record: 5-6-0,-1,69,155.0,,Orthodox,1984-05-12,3.76,0.48,1.76,0.66,3.53,0.66,0.0,3.5,5,6,0
2073,Fernando Bruno,Acougueiro,Record: 15-4-0,-2,66,145.0,,,1982-02-24,1.75,0.39,1.78,0.48,2.02,0.22,0.56,0.5,15,4,0
2074,Jules Bruchez,,Record: 1-2-0,-1,72,205.0,,Southpaw,1977-08-16,0.69,0.5,5.52,0.46,0.0,0.0,0.0,0.0,1,2,0
2075,Travis Browne,Hapa,Record: 18-7-1,-4,78,255.0,79.0,Orthodox,1982-07-17,2.93,0.41,4.31,0.42,1.21,0.68,0.75,0.2,18,7,1
2076,TJ Brown,Downtown,Record: 17-11-0,-2,69,145.0,72.0,Switch,1990-05-22,3.37,0.44,2.89,0.49,3.41,0.57,0.36,1.3,17,11,0
2077,Humberto Brown Morrison,,Record: 4-6-0,-1,70,145.0,,,1984-11-03,1.71,0.5,2.19,0.62,1.43,0.25,0.0,0.0,4,6,0
2078,Damien Brown,Beatdown,Record: 17-12-0,-3,70,155.0,68.0,Orthodox,1984-12-25,3.66,0.38,4.86,0.5,0.68,0.27,0.53,0.7,17,12,0
2079,Chris Brown,,Record: 10-1-0,-1,0,170.0,,,,0.0,0.0,0.0,0.0,0.0,0.0,0.0,0.0,10,1,0
2080,Randy Brown,Rudeboy,Record: 19-5-0,3,75,170.0,78.0,Orthodox,1990-07-08,4.38,0.47,3.2,0.54,0.72,0.39,0.7,0.6,19,5,0
2081,Terrell Brown,,Record: 3-1-0,-1,0,185.0,,,1983-04-13,0.0,0.0,0.0,0.0,0.0,0.0,0.0,0.0,3,1,0
2082,Todd Brown,Bulldog,Record: 16-4-0 (1 NC),-2,71,205.0,,Orthodox,1976-12-13,2.15,0.45,3.85,0.48,0.0,0.0,0.5,0.0,16,4,0 (1 NC)
2083,Mike Brown,,Record: 26-9-0,-1,66,145.0,70.0,Orthodox,1975-09-08,2.98,0.44,2.45,0.6,3.23,0.4,0.66,0.6,26,9,0
2084,Dominic Brown,,Record: 16-23-0,-1,71,190.0,,,1982-06-04,0.0,0.0,0.0,0.0,0.0,0.0,0.0,0.0,16,23,0
2085,Lee Brousseau,Manimal,Record: 5-3-0,-2,73,205.0,,,1974-10-04,0.0,0.0,0.0,0.0,0.0,0.0,0.0,0.0,5,3,0
2086,Will Brooks,Ill,Record: 18-4-0,-3,70,155.0,72.0,Orthodox,1986-10-08,4.26,0.59,2.54,0.56,2.08,0.51,0.82,0.3,18,4,0
2087,Matt Brown,The Immortal,Record: 26-19-0,1,72,170.0,75.0,Orthodox,1981-01-10,3.76,0.55,2.92,0.55,1.68,0.46,0.63,1.3,26,19,0
2088,Rob Broughton,The Bear,Record: 16-7-1,-2,74,265.0,74.0,Orthodox,1983-03-03,2.83,0.6,2.54,0.51,0.0,0.0,0.26,3.2,16,7,1
2089,Jarred Brooks,The Monkey God,Record: 13-2-0,1,63,125.0,62.0,Switch,1993-05-02,2.12,0.46,1.66,0.62,4.54,0.57,0.69,0.6,13,2,0
2090,Jonathan Brookins,,Record: 16-10-0,-2,72,145.0,74.0,Southpaw,1985-08-13,2.69,0.39,3.63,0.56,1.94,0.17,0.8,0.3,16,10,0
2091,Kaik Brito,,Record: 16-5-0,-1,71,170.0,72.0,Orthodox,1997-03-26,2.8,0.38,3.87,0.55,0.0,0.0,0.55,2.0,16,5,0
2092,Mike Bronzoulis,The Greek,Record: 18-9-1,1,72,155.0,,,1979-01-05,1.13,0.34,2.54,0.37,0.0,0.0,0.33,0.0,18,9,1
2093,Antwain Britt,The Juggernaut,Record: 11-6-0,-3,73,205.0,77.0,,1978-05-09,1.46,0.39,2.81,0.44,1.56,0.4,0.5,0.0,11,6,0
2094,Joanderson Brito,Tubarao,Record: 17-3-1,0,68,145.0,72.0,Orthodox,1995-02-11,3.35,0.51,2.65,0.46,3.11,0.76,0.62,0.6,17,3,1
2095,Aaron Brink,,Record: 26-26-0 (2 NC),1,75,205.0,,Orthodox,1974-11-12,3.49,0.42,5.71,0.57,0.0,0.0,0.0,0.0,26,26,0 (2 NC)
2096,Marcelo Brito,Jungle Boy,Record: 13-8-0,-1,73,170.0,,Orthodox,1977-11-27,0.6,0.2,3.53,0.55,0.0,0.0,0.5,0.0,13,8,0
2097,Marcus Brimage,The Bama Beast,Record: 7-7-0,-2,64,135.0,71.0,Southpaw,1985-04-06,3.97,0.35,3.64,0.56,0.56,1.0,0.8,0.0,7,7,0
2098,Jason Brilz,Hitman,Record: 22-6-1,-3,71,205.0,71.0,Orthodox,1975-07-07,2.66,0.4,1.78,0.65,2.37,0.25,0.25,1.3,22,6,1
2099,Robert Breslin,The Bullet,Record: 3-9-0,-1,71,155.0,,,,2.21,0.46,3.5,0.66,1.38,1.0,0.5,0.0,3,9,0
2100,Mack Brewer,,Record: 0-1-0,-1,0,205.0,,,,0.0,0.0,6.67,0.36,0.0,0.0,0.0,0.0,0,1,0
2101,Henry Briones,Bure,Record: 16-8-1,-4,68,135.0,69.0,Orthodox,1980-10-22,3.47,0.42,4.68,0.53,0.0,0.0,0.52,0.6,16,8,1
2102,Chris Brennan,The Westside Strangler,Record: 21-13-1,-2,68,170.0,,Orthodox,1971-10-12,0.6,0.4,0.97,0.5,0.0,0.0,0.25,2.1,21,13,1
2103,Marcos Brigagao,Ironside,Record: 11-1-0,-1,75,205.0,76.0,Southpaw,1996-04-01,3.07,0.43,3.27,0.25,0.0,0.0,0.36,0.0,11,1,0
2104,Elves Brener,,Record: 16-5-0,-2,70,155.0,72.0,Orthodox,1997-09-27,3.99,0.47,5.3,0.48,1.23,0.23,0.76,0.0,16,5,0
2105,Charlie Brenneman,The Spaniard,Record: 19-8-0,-5,70,155.0,70.0,Orthodox,1981-02-09,1.52,0.56,1.55,0.46,4.23,0.42,0.72,0.0,19,8,0
2106,Tom Breese,,Record: 12-3-0,-1,75,185.0,73.0,Southpaw,1991-09-26,3.34,0.5,2.81,0.6,0.0,0.0,0.7,1.1,12,3,0
2107,Michael Bravo,,Record: 7-4-0,-1,0,155.0,,,,0.0,0.0,0.0,0.0,0.0,0.0,0.0,0.0,7,4,0
2108,Mike Breeden,Money,Record: 11-6-0,1,70,155.0,70.0,Orthodox,1989-04-21,5.75,0.45,7.28,0.42,0.98,0.3,0.67,0.0,11,6,0
2109,Bruna Brasil,,Record: 10-4-1,1,66,115.0,65.0,Orthodox,1993-09-07,2.94,0.61,3.49,0.5,1.93,0.72,0.59,0.0,10,4,1
2110,Martin Bravo,El Toro,Record: 11-3-0,-3,68,145.0,71.0,Southpaw,1993-09-21,7.66,0.39,5.72,0.51,2.6,0.35,0.85,0.0,11,3,0
2111,Diego Brandao,DB,Record: 22-11-0,-1,67,145.0,64.0,Orthodox,1987-05-27,2.94,0.47,3.38,0.62,3.21,0.68,0.8,0.6,22,11,0
2112,Billy Brand,,Record: 5-2-0,-1,66,135.0,65.0,Orthodox,1996-07-03,2.86,0.25,8.57,0.4,0.0,0.0,0.75,0.0,5,2,0
2113,David Branch,,Record: 22-6-0,-2,73,185.0,78.0,Orthodox,1981-09-26,1.66,0.39,1.91,0.56,2.55,0.32,0.43,0.0,22,6,0
2114,Adam Bramhald,Samurai,Record: 13-3-0,-1,70,135.0,70.0,Orthodox,1994-03-24,7.65,0.45,8.05,0.33,0.0,0.0,1.0,0.0,13,3,0
2115,Ramiz Brahimaj,,Record: 10-5-0,-1,70,170.0,72.0,Orthodox,1992-11-17,1.74,0.41,3.69,0.45,1.61,0.35,0.44,1.6,10,5,0
2116,Kyle Bradley,,Record: 19-12-0 (1 NC),-1,69,155.0,71.0,Orthodox,1982-08-19,1.99,0.4,3.45,0.58,0.65,0.5,0.4,0.0,19,12,0 (1 NC)
2117,Joe Brammer,The South Side Strangler,Record: 7-3-1,-2,68,155.0,,Orthodox,1983-08-23,2.15,0.31,2.8,0.56,0.81,0.5,0.5,0.0,7,3,1
2118,Paul Bradley,The Gentleman,Record: 23-8-0 (2 NC),-3,69,170.0,,Orthodox,1983-06-13,2.26,0.32,4.13,0.56,1.12,0.16,1.0,0.0,23,8,0 (2 NC)
2119,Ebenezer Fontes Braga,Pitbull,Record: 13-7-2,-1,72,199.0,,Orthodox,1969-04-14,2.42,0.5,0.42,0.71,0.0,0.0,0.9,0.6,13,7,2
2120,Colley  Bradford,,Record: 0-1-0,-1,67,145.0,,,,0.43,0.25,1.73,0.5,19.42,0.5,1.0,0.0,0,1,0
2121,Sean Brady,,Record: 17-1-0,2,70,170.0,72.0,Orthodox,1992-11-23,4.09,0.55,3.18,0.6,3.49,0.52,0.85,0.9,17,1,0
2122,Ashe Bowman,The Archer,Record: 9-11-0,-1,69,155.0,,,1976-11-17,2.43,0.42,4.86,0.57,0.0,0.0,0.0,0.0,9,11,0
2123,Anvar Boynazarov,The Uzbek,Record: 3-1-0,-1,69,145.0,,Orthodox,1989-01-10,0.0,0.0,7.83,0.29,0.0,0.0,0.0,0.0,3,1,0
2124,Roger Bowling,Relentless,Record: 12-6-0 (1 NC),-1,69,155.0,68.0,Orthodox,1982-12-05,3.9,0.47,3.86,0.51,3.09,0.43,0.27,0.9,12,6,0 (1 NC)
2125,Kyron Bowen,Bullseye,Record: 9-5-0,-1,75,185.0,73.0,Orthodox,1993-12-22,2.73,0.57,2.05,0.4,0.0,0.0,0.0,0.0,9,5,0
2126,Mike Bourke,The Rhino,Record: 10-16-1 (1 NC),-1,72,275.0,,Orthodox,,0.0,0.0,0.0,0.0,0.0,0.0,0.0,0.0,10,16,1 (1 NC)
2127,Brian Bowles,,Record: 10-3-0,-2,67,135.0,70.0,Orthodox,1980-06-22,2.36,0.26,2.98,0.64,1.39,0.7,0.54,1.4,10,3,0
2128,Melton Bowen,The Punisher,Record: 0-1-0,-1,72,225.0,,Orthodox,1969-07-16,0.0,0.0,0.0,0.0,0.0,0.0,0.0,0.0,0,1,0
2129,Tai Bowden,,Record: 1-1-0,1,71,230.0,,,,0.0,0.0,0.0,0.0,0.0,0.0,0.0,0.0,1,1,0
2130,Jess Bouscal,,Record: 3-2-0,1,0,155.0,,,,0.0,0.0,0.0,0.0,0.0,0.0,0.0,0.0,3,2,0
2131,Rich Bouphanouvong,,Record: 1-4-0,-1,67,170.0,,,,0.0,0.0,0.0,0.0,0.0,0.0,0.0,0.0,1,4,0
2132,Gregory Bouchelaghem,,Record: 5-4-0,-1,74,183.0,,Switch,,0.27,0.21,1.53,0.36,0.0,0.0,0.5,0.0,5,4,0
2133,Chris Bostick,,Record: 6-3-0,1,0,,,,,0.0,0.0,0.0,0.0,0.0,0.0,0.0,0.0,6,3,0
2134,Francois Botha,White Buffalo,Record: 0-1-0,-1,74,260.0,,Orthodox,1968-09-28,0.0,0.0,1.05,0.77,0.0,0.0,0.0,0.0,0,1,0
2135,Marcus Bossett,The Grasshopper,Record: 1-3-0,-2,73,215.0,,Orthodox,,0.0,0.0,0.0,0.0,0.0,0.0,0.0,0.0,1,3,0
2136,Poliana Botelho,,Record: 8-5-0,-3,68,125.0,67.0,Orthodox,1988-12-15,2.9,0.58,2.8,0.54,0.85,0.57,0.76,0.0,8,5,0
2137,Viacheslav Borshchev,Slava Claus,Record: 8-4-1,1,71,155.0,69.0,Orthodox,1992-01-08,5.4,0.53,4.8,0.56,0.0,0.0,0.35,0.0,8,4,1
2138,Zachary Borrego,The Dragon,Record: 3-1-0,-1,74,185.0,78.0,Switch,1996-07-18,0.0,0.0,1.94,0.33,0.0,0.0,0.0,0.0,3,1,0
2139,Kevin Borjas,El Gallo Negro,Record: 9-3-0,-2,65,125.0,68.0,Orthodox,1997-12-06,4.92,0.4,6.7,0.49,0.0,0.0,0.61,0.0,9,3,0
2140,Igor Borisov,,Record: 1-1-0,-1,72,235.0,,Orthodox,,0.0,0.0,0.0,0.0,0.0,0.0,0.0,0.0,1,1,0
2141,Caio Borralho,The Natural,Record: 17-1-0 (1 NC),9,73,185.0,75.0,Southpaw,1993-01-16,3.61,0.6,2.34,0.62,1.56,0.6,0.76,0.5,17,1,0 (1 NC)
2142,Steve Bosse,The Boss,Record: 12-2-0,2,71,205.0,72.0,Orthodox,1981-07-29,5.99,0.52,5.38,0.5,0.92,0.33,1.0,0.0,12,2,0
2143,Tanner Boser,The Bulldozer,Record: 21-10-1,1,74,205.0,75.0,Orthodox,1991-08-02,4.7,0.52,2.75,0.58,0.0,0.0,0.63,0.0,21,10,1
2144,Ray Borg,The Tazmexican Devil,Record: 13-5-0,-1,64,135.0,63.0,Orthodox,1993-08-04,1.52,0.52,1.93,0.48,3.89,0.5,0.46,1.0,13,5,0
2145,Rogerio Bontorin,,Record: 16-4-0 (2 NC),-1,65,125.0,67.0,Orthodox,1992-04-25,2.63,0.52,3.27,0.5,2.9,0.6,0.51,1.0,16,4,0 (2 NC)
2146,Stephan Bonnar,The American Psycho,Record: 15-9-0,-1,76,205.0,79.0,Orthodox,1977-04-04,2.76,0.38,3.01,0.52,1.32,0.4,0.6,1.0,15,9,0
2147,Jesse Bongfeldt,Water,Record: 16-5-1,-1,72,185.0,,Orthodox,1980-08-28,2.91,0.62,1.01,0.5,1.51,0.33,0.33,0.0,16,5,1
2148,Ismael Bonfim,Marreta,Record: 20-4-0,1,68,155.0,71.0,Orthodox,1995-12-28,5.8,0.54,3.16,0.7,1.07,0.33,0.76,0.0,20,4,0
2149,Gabriel Bonfim,Marretinha,Record: 16-1-0,1,73,170.0,72.0,Orthodox,1997-08-20,5.78,0.42,4.38,0.62,2.92,0.75,0.73,1.9,16,1,0
2150,Denys Bondar,Psycho,Record: 14-5-0,-3,66,125.0,69.0,Orthodox,1992-06-27,4.59,0.5,5.16,0.56,3.99,0.58,0.62,0.0,14,5,0
2151,Tony Bonello,The Gun,Record: 16-3-1 (1 NC),-1,74,185.0,,,,0.62,0.33,12.62,0.1,0.0,0.0,0.0,0.0,16,3,1 (1 NC)
2152,Kotetsu Boku,,Record: 25-11-2,-1,69,154.0,,Orthodox,1977-05-27,2.47,0.42,2.8,0.53,0.0,0.0,0.0,0.0,25,11,2
2153,Gaston Bolanos,The Dreamkiller,Record: 7-4-0,-1,67,135.0,69.0,Orthodox,1992-09-14,3.88,0.43,3.49,0.49,0.0,0.0,0.5,0.0,7,4,0
2154,Mandy Bohm,Monster,Record: 8-2-0 (1 NC),1,67,125.0,71.0,Orthodox,1989-07-30,2.51,0.45,3.24,0.6,0.72,0.18,0.75,0.7,8,2,0 (1 NC)
2155,Roman Bogatov,,Record: 10-1-0,-1,68,155.0,73.0,Orthodox,1990-12-15,3.33,0.42,4.4,0.44,1.0,0.09,0.5,0.0,10,1,0
2156,Jerry Bohlander,,Record: 11-4-0,-1,71,199.0,,Orthodox,1974-02-12,0.0,0.0,0.0,0.0,0.0,0.0,0.0,0.0,11,4,0
2157,Galore Bofando,,Record: 5-3-0,-1,71,170.0,72.0,Switch,1982-05-22,3.63,0.45,3.63,0.54,2.37,1.0,0.5,0.0,5,3,0
2158,Tim Boetsch,The Barbarian,Record: 21-13-0,-2,72,185.0,74.0,Orthodox,1981-01-28,2.93,0.5,2.9,0.57,1.45,0.34,0.59,0.8,21,13,0
2159,James Bochnovic,,Record: 8-3-0,-2,76,205.0,81.0,Orthodox,1989-02-13,0.65,0.26,3.64,0.21,0.0,0.0,0.0,0.0,8,3,0
2160,Jeremy Boczulak,,Record: 0-2-0,-1,0,,,,,0.0,0.0,0.0,0.0,0.0,0.0,0.0,0.0,0,2,0
2161,Mark Bocek,,Record: 12-5-0,1,68,155.0,75.0,Orthodox,1981-10-24,2.34,0.43,2.32,0.6,3.65,0.36,0.31,1.3,12,5,0
2162,Byron Bloodworth,,Record: 6-3-0,-2,68,135.0,,Orthodox,1983-08-16,1.82,0.28,5.18,0.5,0.0,0.0,0.0,0.0,6,3,0
2163,Dan Bobish,,Record: 17-9-0,-4,74,345.0,,Southpaw,1970-01-26,2.06,0.44,1.74,0.34,2.44,0.42,0.0,1.6,17,9,0
2164,Kyle Bochniak,Killer B,Record: 8-5-0,-3,67,145.0,70.0,Orthodox,1987-02-05,2.63,0.31,5.11,0.58,1.14,0.15,0.62,0.0,8,5,0
2165,Tereza Bleda,,Record: 7-1-0,1,69,125.0,71.0,Orthodox,2001-11-30,3.02,0.53,1.86,0.46,1.81,0.27,0.83,0.7,7,1,0
2166,Dashawn Boatwright,"Buck, the 400-pound Silverback",Record: 3-1-0,-1,72,205.0,,Orthodox,1988-02-29,0.0,0.0,52.5,0.12,0.0,0.0,0.0,0.0,3,1,0
2167,Maximo Blanco,Maxi,Record: 12-8-1 (1 NC),-2,68,145.0,71.0,Orthodox,1983-10-16,4.11,0.44,3.19,0.66,1.85,0.36,0.63,0.3,12,8,1 (1 NC)
2168,Curtis Blaydes,Razor,Record: 18-5-0 (1 NC),-1,76,265.0,80.0,Orthodox,1991-02-18,3.54,0.5,1.91,0.58,5.69,0.53,0.31,0.0,18,5,0 (1 NC)
2169,Erin Blanchfield,Cold Blooded,Record: 12-2-0,0,64,125.0,66.0,Orthodox,1999-05-04,5.47,0.45,4.34,0.58,2.05,0.33,0.81,1.0,12,2,0
2170,Da'Mon Blackshear,The Monster,Record: 14-7-1,-2,70,135.0,72.0,Switch,1994-08-12,4.28,0.47,4.14,0.48,2.33,0.37,0.66,0.8,14,7,1
2171,Sherrard Blackledge,The Thriller,Record: 5-1-0,-1,71,155.0,75.0,Orthodox,1993-08-16,3.7,0.49,3.13,0.55,4.0,0.33,0.42,0.0,5,1,0
2172,Brad Blackburn,Bad Brad,Record: 18-13-1 (1 NC),-2,70,170.0,73.0,Orthodox,1977-05-25,4.55,0.35,3.59,0.65,0.93,0.5,0.76,0.7,18,13,1 (1 NC)
2173,Tom Blackledge,,Record: 10-7-0,-1,0,205.0,,Orthodox,,2.91,0.61,2.55,0.46,0.0,0.0,0.75,0.0,10,7,0
2174,Jason Black,The Black Legion,Record: 23-4-1,-3,68,155.0,,Orthodox,1972-07-15,1.06,0.47,2.6,0.45,0.48,0.33,0.28,6.2,23,4,1
2175,Jason Blackford,,Record: 3-3-0,1,0,,,,,0.0,0.0,0.0,0.0,0.0,0.0,0.0,0.0,3,3,0
2176,Jan Blachowicz,,Record: 29-10-1,-1,74,205.0,78.0,Orthodox,1983-02-24,3.41,0.5,2.91,0.53,1.09,0.5,0.68,0.3,29,10,1
2177,Caio Bittencourt,Leao,Record: 14-7-0,-1,72,185.0,75.0,Orthodox,1991-05-22,0.29,0.16,0.57,0.33,0.0,0.0,0.0,0.0,14,7,0
2178,Amaury Bitetti,,Record: 5-2-0,1,69,185.0,,Orthodox,,0.0,0.0,0.0,0.0,0.0,0.0,0.0,0.0,5,2,0
2179,Davi Bittencourt,The Black,Record: 14-4-0,-1,65,135.0,65.0,Orthodox,1994-10-12,4.15,0.66,1.51,0.46,14.15,0.33,0.0,0.0,14,4,0
2180,Chris Birchler,The Big Buck,Record: 7-4-0,-1,75,205.0,,Switch,1987-06-05,9.35,0.46,14.83,0.35,0.0,0.0,0.0,0.0,7,4,0
2181,Angad Bisht,,Record: 10-3-0,-1,67,125.0,67.0,Orthodox,1995-06-05,3.91,0.51,4.56,0.33,2.41,0.37,1.0,0.0,10,3,0
2182,Jeremiah Billington,,Record: 11-2-0,-1,69,205.0,,Orthodox,1977-11-14,1.6,0.62,7.06,0.35,0.0,0.0,0.5,0.0,11,2,0
2183,Anthony Birchak,El Toro,Record: 16-8-0,-2,68,135.0,69.0,Orthodox,1986-05-16,3.93,0.36,3.67,0.56,0.48,0.14,0.61,0.5,16,8,0
2184,Jonas Bilharinho,,Record: 9-1-1,1,71,145.0,75.0,Switch,1990-05-22,3.71,0.6,3.36,0.57,0.0,0.0,1.0,0.0,9,1,1
2185,Blake Bilder,El Animal,Record: 8-2-1,-2,68,145.0,68.0,Switch,1990-07-12,3.81,0.48,4.15,0.53,0.31,0.07,0.71,0.6,8,2,1
2186,David Bielkheden,,Record: 24-12-0,-1,70,155.0,71.0,Orthodox,1979-06-06,1.11,0.57,1.64,0.54,2.65,0.63,0.14,0.0,24,12,0
2187,Michael Bisping,The Count,Record: 30-9-0,-2,73,185.0,75.0,Orthodox,1979-02-28,4.33,0.38,2.71,0.65,1.05,0.43,0.63,0.3,30,9,0
2188,Bibulatov Magomed,Chaborz,Record: 14-2-0,-2,65,125.0,65.0,Orthodox,1988-08-22,3.6,0.51,1.83,0.52,2.85,0.4,0.75,0.0,14,2,0
2189,KB Bhullar,The Bengal,Record: 8-2-0,-2,76,185.0,78.0,Switch,1991-10-12,4.31,0.49,5.39,0.45,0.0,0.0,0.0,0.0,8,2,0
2190,Arjan Bhullar,,Record: 9-1-0,2,73,245.0,75.0,Orthodox,1986-05-13,2.33,0.56,3.25,0.59,1.73,0.75,1.0,0.0,9,1,0
2191,Khadzhi Bestaev,Best,Record: 10-4-0,-1,78,185.0,76.0,,1988-07-16,6.15,0.29,10.0,0.43,0.0,0.0,0.0,0.0,10,4,0
2192,Scott Bessac,,Record: 4-6-0,-1,76,245.0,,,,0.0,0.0,0.0,0.0,0.0,0.0,0.0,0.0,4,6,0
2193,Fernando Bettega,,Record: 7-5-0,-1,0,170.0,,,1980-03-10,0.0,0.0,0.0,0.0,0.0,0.0,0.0,0.0,7,5,0
2194,Matt Bessette,The Mangler,Record: 22-9-0 (1 NC),-2,70,145.0,70.0,Orthodox,1984-12-28,4.36,0.41,4.45,0.58,0.64,0.28,0.61,0.3,22,9,0 (1 NC)
2195,Anton Berzin,The Body Snatcher,Record: 5-1-0,-1,74,205.0,,Orthodox,1989-09-29,4.4,0.46,6.8,0.67,2.0,0.28,0.0,1.0,5,1,0
2196,Allen Berube,Monstah Lobstah,Record: 4-3-0,-1,68,155.0,,Orthodox,1974-08-25,0.92,0.8,0.92,0.33,6.87,1.0,0.0,3.4,4,3,0
2197,Edson Berto,Little Tiger,Record: 17-12-1,-2,66,155.0,,Orthodox,1983-07-05,1.76,0.36,4.62,0.47,5.47,0.4,0.0,2.7,17,12,1
2198,Dieusel Berto,,Record: 0-3-0,-1,69,200.0,,,,0.0,0.0,0.0,0.0,0.0,0.0,0.0,0.0,0,3,0
2199,Keith Berry,,Record: 15-14-1 (1 NC),-4,73,185.0,,,1987-10-25,0.27,0.12,6.27,0.28,0.0,0.0,0.0,0.0,15,14,1 (1 NC)
2200,Talita Bernardo,,Record: 6-4-0,-1,64,135.0,68.0,Orthodox,1987-03-04,3.12,0.42,4.04,0.55,1.62,0.22,0.28,0.5,6,4,0
2201,Bret Bergmark,The Angry Hick,Record: 6-1-1,1,69,170.0,,,1973-11-24,2.78,0.52,2.78,0.37,4.17,1.0,0.5,4.2,6,1,1
2202,Dennis Bermudez,The Menace,Record: 17-9-0,1,66,155.0,66.0,Orthodox,1986-12-13,4.42,0.46,3.07,0.59,3.89,0.4,0.82,1.1,17,9,0
2203,Dave Berry,,Record: 0-1-0,-1,0,,,,,0.0,0.0,0.0,0.0,0.0,0.0,0.0,0.0,0,1,0
2204,Manny Bermudez,The Bermudez Triangle,Record: 14-2-0,-2,70,145.0,71.0,Orthodox,1994-07-16,2.92,0.61,2.68,0.46,3.06,0.54,0.0,3.1,14,2,0
2205,Kenneth Bergh,,Record: 8-0-0 (1 NC),0,74,205.0,74.0,Orthodox,1989-06-26,4.56,0.75,1.27,0.28,0.0,0.0,0.0,0.0,8,0,0 (1 NC)
2206,Steve Berger,The Red Nosed Pitbull,Record: 21-23-2 (1 NC),-2,71,170.0,,Orthodox,1973-05-20,1.0,0.27,3.26,0.36,0.84,0.4,0.16,1.7,21,23,2 (1 NC)
2207,Keith Berish,Sha Bang Bang,Record: 5-1-0 (1 NC),-1,72,205.0,,Orthodox,1985-11-14,3.58,0.36,4.81,0.62,1.76,0.4,0.0,0.0,5,1,0 (1 NC)
2208,Len Bentley,,Record: 10-6-0,1,69,155.0,,,1982-11-30,0.0,0.0,0.0,0.0,0.0,0.0,0.0,0.0,10,6,0
2209,Pat Benson,,Record: 3-5-3,1,69,155.0,,,,0.0,0.0,0.0,0.0,0.0,0.0,0.0,0.0,3,5,3
2210,DeAnna Bennett,The Argentine Assassin,Record: 8-3-1,0,64,125.0,68.0,Orthodox,1984-11-18,3.13,0.58,3.27,0.58,0.0,0.0,0.0,1.0,8,3,1
2211,Ryan Benoit,Baby Face,Record: 10-8-0,-3,65,125.0,68.0,Orthodox,1989-08-25,2.88,0.39,3.65,0.58,0.28,0.22,0.72,0.4,10,8,0
2212,Joe Benoit,,Record: 11-4-0,-1,69,170.0,,Orthodox,1982-03-12,0.0,0.0,0.0,1.0,0.0,0.0,0.0,0.0,11,4,0
2213,Josh Bennett,,Record: 11-14-0,-1,76,259.0,,Orthodox,,2.9,0.4,5.8,0.43,1.5,1.0,1.0,0.0,11,14,0
2214,Lance Benoist,,Record: 7-2-0,1,71,170.0,72.0,Southpaw,1988-08-26,3.68,0.51,2.7,0.56,1.5,0.33,0.61,0.0,7,2,0
2215,Gabriel Benitez,Moggly,Record: 23-13-0,-2,68,155.0,71.0,Southpaw,1988-06-15,5.26,0.41,4.49,0.63,0.22,0.5,0.55,0.9,23,13,0
2216,Charles Bennett,Krazy Horse,Record: 30-33-2,1,68,155.0,,Orthodox,1979-11-23,1.39,0.39,1.35,0.64,2.02,1.0,0.36,2.0,30,33,2
2217,Dave Beneteau,Dangerous,Record: 6-5-1,1,74,250.0,,Orthodox,,0.0,0.0,0.0,0.0,0.0,0.0,0.0,0.0,6,5,1
2218,Joey Beltran,The Mexicutioner,Record: 17-14-0 (1 NC),-1,73,185.0,75.0,Orthodox,1981-12-08,4.92,0.36,5.27,0.54,0.48,0.18,0.75,0.0,17,14,0 (1 NC)
2219,Karla Benitez,,Record: 14-11-1 (1 NC),-1,63,113.0,,,,0.0,0.0,2.4,0.57,0.0,0.0,1.0,0.0,14,11,1 (1 NC)
2220,Rodolfo Bellato,Trator,Record: 12-2-0,2,75,205.0,77.0,Orthodox,1996-02-05,6.47,0.61,5.9,0.44,1.09,0.25,1.0,0.5,12,2,0
2221,Marco Beltran,Psycho,Record: 8-6-0,-3,68,125.0,69.0,Orthodox,1986-05-18,2.07,0.37,1.93,0.63,0.7,0.5,0.46,0.2,8,6,0
2222,Mike Bencic,Batman,Record: 1-2-0,-2,72,215.0,,Orthodox,,0.0,0.0,3.32,0.53,0.0,0.0,0.0,0.0,1,2,0
2223,Joseph Benavidez,,Record: 28-8-0,-3,64,125.0,65.0,Southpaw,1984-07-31,3.52,0.34,2.67,0.61,1.41,0.3,0.62,0.6,28,8,0
2224,Yousri Belgaroui,,Record: 8-3-0,1,77,185.0,79.0,Orthodox,1992-06-02,4.43,0.6,2.65,0.57,0.0,0.0,0.81,0.0,8,3,0
2225,Danilo Belluardo,Caterpillar,Record: 12-5-0,-2,72,155.0,74.0,Southpaw,1994-07-21,1.52,0.61,4.79,0.41,3.5,1.0,0.5,0.0,12,5,0
2226,Diana Belbita,The Warrior Princess,Record: 15-9-0,-2,67,115.0,68.0,Orthodox,1996-06-26,6.54,0.42,6.55,0.51,0.91,0.62,0.65,0.0,15,9,0
2227,Allan Begosso,Mini,Record: 7-2-1,-1,65,135.0,66.0,Orthodox,1995-11-23,1.8,0.4,7.73,0.34,0.0,0.0,0.25,2.0,7,2,1
2228,Mirsad Bektic,,Record: 13-4-0,-3,68,145.0,70.0,Orthodox,1991-02-16,2.43,0.41,1.8,0.57,3.98,0.52,0.92,0.4,13,4,0
2229,Chase Beebe,,Record: 24-13-1,-5,67,135.0,67.0,Orthodox,1985-03-29,2.17,0.38,1.64,0.69,2.49,0.42,0.41,0.9,24,13,1
2230,Vitor Belfort,The Phenom,Record: 26-14-0 (1 NC),-1,72,185.0,74.0,Southpaw,1977-04-01,1.59,0.46,2.83,0.5,1.02,0.6,0.53,0.6,26,14,0 (1 NC)
2231,Alan Belcher,The Talent,Record: 18-8-0,-2,74,185.0,75.0,Orthodox,1984-04-24,2.7,0.41,3.1,0.59,0.44,0.26,0.55,0.9,18,8,0
2232,Lyle Beerbohm,Fancy Pants,Record: 24-3-0,-2,70,155.0,,Southpaw,1979-02-05,1.98,0.55,1.61,0.54,2.1,0.23,0.64,0.3,24,3,0
2233,Rolando Bedoya,The Machine,Record: 14-4-0,-3,71,155.0,74.0,Orthodox,1997-01-13,7.29,0.49,6.38,0.52,0.0,0.0,0.33,0.0,14,4,0
2234,Johnny Bedford,Brutal,Record: 21-13-1 (1 NC),-2,70,135.0,71.0,Orthodox,1983-01-06,4.53,0.5,1.75,0.63,1.83,0.62,0.62,0.0,21,13,1 (1 NC)
2235,Ariel Beck,,Record: 4-5-0,-1,66,125.0,66.0,Southpaw,1990-09-16,4.44,0.34,4.31,0.64,0.0,0.0,0.0,0.0,4,5,0
2236,Jeff Bedard,Little Popeye,Record: 13-3-0,-1,66,145.0,,Orthodox,1970-02-06,0.8,0.51,0.0,1.0,3.43,0.66,1.0,2.6,13,3,0
2237,Rudy Bears,,Record: 16-15-0,-1,71,170.0,,Southpaw,,1.27,0.29,2.53,0.5,0.0,0.0,0.0,0.0,16,15,0
2238,Michel Batista,,Record: 4-1-0 (1 NC),-1,75,260.0,,Orthodox,1984-04-20,0.0,0.0,4.03,0.4,6.72,0.5,0.0,0.0,4,1,0 (1 NC)
2239,Alan Baudot,The Black Samourai,Record: 8-3-0 (2 NC),-2,75,243.0,79.0,Orthodox,1988-02-01,5.36,0.58,4.82,0.46,0.0,0.0,0.62,0.0,8,3,0 (2 NC)
2240,Chris Beal,Real Deal,Record: 10-5-0,-3,67,125.0,69.0,Orthodox,1985-08-06,3.45,0.35,3.18,0.61,1.6,0.58,0.78,0.2,10,5,0
2241,Donovan Beard,The Highlight Reel,Record: 7-2-0,-1,74,185.0,78.0,Orthodox,1989-11-05,0.0,0.0,5.77,0.28,0.0,0.0,0.0,0.0,7,2,0
2242,Ryan Bastianelli,Relentless,Record: 6-7-0 (1 NC),1,65,135.0,,,,0.0,0.0,0.0,0.0,0.0,0.0,0.0,0.0,6,7,0 (1 NC)
2243,Shayna Baszler,The Queen of Spades,Record: 15-11-0,-5,67,135.0,,Orthodox,1980-08-08,2.49,0.3,6.36,0.51,0.67,0.18,0.44,1.3,15,11,0
2244,Mario Bautista,,Record: 14-2-0,0,69,135.0,69.0,Switch,1993-07-01,5.69,0.48,3.99,0.53,2.25,0.44,0.66,1.0,14,2,0
2245,Bryan Battle,The Butcher,Record: 11-2-0 (1 NC),0,73,170.0,77.0,Orthodox,1994-09-21,4.52,0.51,3.74,0.44,1.12,0.28,0.47,0.6,11,2,0 (1 NC)
2246,Sean Bassett,,Record: 0-4-0,-3,0,155.0,,,,0.0,0.0,0.0,0.0,0.0,0.0,0.0,0.0,0,4,0
2247,Farid Basharat,Ferocious,Record: 12-0-0,4,68,135.0,71.0,Orthodox,1997-08-02,4.47,0.58,2.44,0.57,3.96,0.41,0.83,0.6,12,0,0
2248,Stephen Bass,Bigfish,Record: 11-2-0,-1,69,145.0,,Orthodox,1982-11-14,4.87,0.52,5.87,0.55,0.0,0.0,0.0,0.0,11,2,0
2249,Javid Basharat,The Snow Leopard,Record: 14-1-0 (1 NC),-1,69,135.0,69.0,Orthodox,1995-09-07,5.42,0.53,2.97,0.62,1.7,0.4,0.85,0.2,14,1,0 (1 NC)
2250,Austin Bashi,,Record: 13-0-0,1,66,145.0,70.0,Orthodox,2001-09-29,2.67,0.52,2.3,0.47,18.18,0.66,0.75,3.6,13,0,0
2251,Dean Barry,The Sniper,Record: 4-2-0,-1,70,170.0,72.0,Orthodox,1992-07-03,9.31,0.4,4.66,0.51,0.0,0.0,1.0,0.0,4,2,0
2252,Pat Barry,HD,Record: 8-7-0,-2,71,235.0,74.0,Orthodox,1979-07-07,2.72,0.52,3.54,0.59,0.0,0.0,0.76,0.2,8,7,0
2253,Enrique Barzola,El Fuerte,Record: 17-5-2,0,67,145.0,70.0,Orthodox,1989-04-28,3.91,0.41,2.97,0.68,4.2,0.45,0.66,0.3,17,5,2
2254,Alexandre Barros,Baixinho,Record: 22-11-0,-1,69,170.0,,Southpaw,1976-11-19,0.98,0.4,4.05,0.36,1.84,0.5,1.0,0.0,22,11,0
2255,Ricardo Barros,,Record: 2-2-0,-1,73,205.0,,,1976-03-22,0.0,0.0,8.22,0.31,0.0,0.0,1.0,0.0,2,2,0
2256,Francimar Barroso,Bodao,Record: 19-7-0 (1 NC),-2,73,205.0,75.0,Orthodox,1980-02-28,2.77,0.52,3.07,0.59,2.22,0.24,0.83,0.0,19,7,0 (1 NC)
2257,Peter Barrett,Slippery,Record: 11-5-0,-2,70,145.0,73.0,Southpaw,1986-08-10,4.18,0.61,4.32,0.42,1.39,0.22,0.66,0.0,11,5,0
2258,David Barrios,,Record: 4-8-0,-1,66,145.0,,,,0.0,0.0,0.0,0.0,0.0,0.0,0.0,0.0,4,8,0
2259,Dan Barrera,The Fireman,Record: 3-1-0,-1,69,170.0,,Orthodox,1980-12-23,0.8,0.7,1.2,0.28,1.0,0.08,0.0,0.0,3,1,0
2260,Jose Barreto,,Record: 0-1-0,-1,0,185.0,,Southpaw,,0.0,0.0,0.0,0.0,0.0,0.0,0.0,0.0,0,1,0
2261,Carlos Barreto,,Record: 14-9-0,1,76,230.0,,Orthodox,,0.0,0.0,0.0,0.0,0.0,0.0,0.0,0.0,14,9,0
2262,David Baron,,Record: 17-4-1,-2,66,155.0,,Switch,1973-02-15,1.17,0.3,2.1,0.56,0.0,0.0,0.14,0.7,17,4,1
2263,Phil Baroni,The New York Bad Ass,Record: 15-18-0,-6,69,170.0,72.0,Orthodox,1976-04-16,2.77,0.45,3.93,0.4,1.46,0.47,0.6,0.5,15,18,0
2264,Chris Barnhizer,,Record: 2-3-0,1,0,,,,,0.0,0.0,0.0,0.0,0.0,0.0,0.0,0.0,2,3,0
2265,Marc-Andre Barriault,Powerbar,Record: 16-8-0 (1 NC),0,73,185.0,74.0,Orthodox,1990-02-18,6.12,0.47,5.67,0.52,0.21,0.25,0.67,0.1,16,8,0 (1 NC)
2266,Chris Barnett,Beastboy,Record: 23-8-0,0,69,265.0,75.0,Orthodox,1986-06-14,4.41,0.48,5.87,0.4,0.0,0.0,0.33,0.0,23,8,0
2267,Josh Barnett,The Warmaster,Record: 35-8-0,1,75,250.0,78.0,Orthodox,1977-11-10,3.2,0.5,2.11,0.57,1.26,0.55,0.55,1.4,35,8,0
2268,Shonte Barnes,Shyne,Record: 6-2-1,-1,71,185.0,76.0,Southpaw,1987-02-09,2.32,0.38,1.55,0.67,0.0,0.0,0.6,0.0,6,2,1
2269,James Barnes,Mooka,Record: 14-5-0,-1,68,135.0,71.0,Orthodox,1982-05-28,0.57,0.34,3.02,0.39,1.08,0.16,0.4,0.0,14,5,0
2270,Daniel Barez,,Record: 16-6-0,0,66,125.0,66.0,Orthodox,1988-12-10,3.8,0.53,5.32,0.55,4.07,0.31,0.91,1.6,16,6,0
2271,Danny Barlow,LeftHand2God,Record: 9-0-0,3,74,170.0,79.0,Southpaw,1995-08-02,5.72,0.5,3.48,0.52,0.0,0.0,1.0,0.0,9,0,0
2272,Luke Barnatt,The Bigslow,Record: 13-4-0,-3,78,185.0,77.0,Orthodox,1988-04-13,4.43,0.36,3.87,0.59,0.63,0.42,0.63,0.4,13,4,0
2273,Dione Barbosa,The Witch,Record: 7-3-0,-1,66,125.0,66.0,Orthodox,1992-05-08,1.85,0.48,2.49,0.66,1.73,0.28,0.42,2.2,7,3,0
2274,Raoni Barcelos,,Record: 18-5-0,1,67,135.0,67.0,Orthodox,1987-05-01,5.22,0.51,4.79,0.61,1.86,0.32,0.85,0.6,18,5,0
2275,Edson Barboza,Junior,Record: 24-12-0,-1,71,145.0,75.0,Orthodox,1986-01-21,4.11,0.44,4.65,0.56,0.45,0.5,0.72,0.1,24,12,0
2276,Junior Barata,,Record: 9-3-1,-1,70,170.0,,Orthodox,1982-01-25,4.03,0.33,8.46,0.34,0.0,0.0,0.0,0.0,9,3,1
2277,Bryan Barberena,Bam Bam,Record: 18-12-0,-4,72,185.0,72.0,Southpaw,1989-05-03,5.35,0.48,4.59,0.44,0.13,0.22,0.5,0.3,18,12,0
2278,Antonio Banuelos,,Record: 20-11-1,-1,65,135.0,63.0,Orthodox,1979-09-23,2.69,0.33,3.15,0.58,1.62,0.62,0.86,0.4,20,11,1
2279,Maycee Barber,The Future,Record: 14-2-0,6,65,125.0,65.0,Switch,1998-05-18,4.7,0.53,2.9,0.54,1.44,0.43,0.53,0.1,14,2,0
2280,Renan Barao,The Baron,Record: 34-9-0 (1 NC),-5,66,145.0,70.0,Orthodox,1987-01-31,3.78,0.36,3.9,0.57,1.49,0.41,0.91,0.5,34,9,0 (1 NC)
2281,Marcin Bandel,Bomba,Record: 15-7-0,-2,70,155.0,,Orthodox,1989-10-10,0.79,0.5,5.26,0.23,0.0,0.0,0.0,0.0,15,7,0
2282,Shauna Bannon,Mama B,Record: 6-1-0,1,65,115.0,65.0,Switch,1993-10-23,4.37,0.41,3.77,0.42,0.0,0.0,0.42,0.0,6,1,0
2283,Yohan Banks,,Record: 2-1-0,2,0,,,,,0.0,0.0,0.0,0.0,0.0,0.0,0.0,0.0,2,1,0
2284,Tae Hyun Bang,Supernatural,Record: 18-10-0,-1,69,155.0,71.0,Switch,1983-04-15,2.72,0.38,2.07,0.66,0.49,0.33,0.57,0.5,18,10,0
2285,Humberto Bandenay,,Record: 14-7-0 (1 NC),-3,71,145.0,71.0,Southpaw,1994-09-04,2.22,0.41,4.79,0.41,2.9,0.46,0.62,0.5,14,7,0 (1 NC)
2286,Balajin,The Snow Leopard,Record: 23-4-0,-1,69,145.0,72.0,Orthodox,1992-03-31,1.4,0.33,2.73,0.5,2.0,0.2,0.66,0.0,23,4,0
2287,Oluwale Bamgbose,Holy War Angel,Record: 6-4-0,-3,71,185.0,78.0,Switch,1987-08-04,2.45,0.48,2.7,0.55,0.94,0.33,0.37,0.0,6,4,0
2288,Bryan Baker,The Beast,Record: 18-5-0,-1,75,185.0,,Orthodox,1985-10-13,1.78,0.52,2.83,0.45,0.44,0.5,0.37,0.9,18,5,0
2289,Bahatebole Batebolati,Lion King,Record: 10-1-1,2,68,170.0,71.0,Southpaw,1997-09-12,4.02,0.45,4.83,0.61,1.34,0.66,1.0,0.0,10,1,1
2290,Shamar Bailey,,Record: 16-11-0,-2,69,155.0,75.0,Southpaw,1982-09-22,1.56,0.2,3.91,0.69,1.5,0.33,0.37,0.0,16,11,0
2291,Siyar Bahadurzada,The Great,Record: 24-8-1,-2,71,170.0,73.0,Orthodox,1984-04-17,2.91,0.4,3.23,0.49,1.32,0.61,0.62,0.3,24,8,1
2292,Ignacio Bahamondes,La Jaula,Record: 16-5-0,2,75,155.0,75.0,Orthodox,1997-08-27,7.17,0.47,4.41,0.57,0.0,0.0,0.85,0.3,16,5,0
2293,Scott Baker,,Record: 1-1-0,-1,72,210.0,,,,0.0,0.0,0.0,0.0,0.0,0.0,0.0,0.0,1,1,0
2294,Ali Bagautinov,Puncher,Record: 15-6-0,-1,64,125.0,65.0,Orthodox,1985-06-10,2.85,0.42,3.09,0.52,2.51,0.36,0.65,0.3,15,6,0
2295,Melsik Baghdasaryan,The Gun,Record: 8-2-0,1,69,145.0,70.0,Southpaw,1992-01-28,5.28,0.61,3.06,0.58,0.0,0.0,0.72,0.0,8,2,0
2296,Mehdi Baghdad,The Sultan,Record: 11-5-0,-2,73,155.0,,Orthodox,1985-04-13,3.13,0.3,4.56,0.46,0.0,0.0,0.33,0.0,11,5,0
2297,Miguel Baeza,Caramel Thunder,Record: 10-4-0,-4,74,170.0,74.0,Orthodox,1992-08-23,4.09,0.49,5.92,0.46,0.36,0.22,0.54,2.0,10,4,0
2298,Ryan Bader,Darth,Record: 23-5-0,2,74,205.0,74.0,Orthodox,1983-06-07,2.82,0.43,1.39,0.71,3.37,0.44,0.8,0.4,23,5,0
2299,Niklas Backstrom,,Record: 11-3-0 (1 NC),-2,73,145.0,,Orthodox,1989-08-22,1.12,0.41,3.65,0.4,2.92,0.8,0.72,2.2,11,3,0 (1 NC)
2300,Izabela Badurek,,Record: 6-3-0,-1,65,115.0,,Orthodox,1991-07-11,3.74,0.71,4.9,0.32,1.75,0.12,1.0,0.0,6,3,0
2301,Gleidson Cutis,Poney,Record: 7-4-0,-1,69,155.0,,Orthodox,1989-02-07,2.99,0.52,8.28,0.59,0.0,0.0,0.0,0.0,7,4,0
2302,Seth Baczynski,The Polish Pistola,Record: 20-14-0,-3,75,170.0,75.0,Orthodox,1981-10-26,3.08,0.31,3.14,0.51,0.89,0.16,0.48,0.8,20,14,0
2303,Chris Curtis,Action-Man,Record: 31-11-0 (1 NC),-1,70,185.0,75.0,Orthodox,1987-07-15,5.76,0.51,6.16,0.52,0.0,0.0,0.82,0.0,31,11,0 (1 NC)
2304,Ion Cutelaba,The Hulk,Record: 17-10-1 (1 NC),0,73,205.0,75.0,Southpaw,1993-12-14,4.44,0.43,3.43,0.47,4.17,0.57,0.76,0.0,17,10,1 (1 NC)
2305,Kailin Curran,,Record: 4-5-0,-4,64,115.0,65.0,Orthodox,1991-04-11,3.89,0.43,4.75,0.53,2.0,0.57,0.61,0.6,4,5,0
2306,Will Currie,Drago,Record: 12-4-0,-1,75,185.0,76.0,Switch,1998-11-12,2.73,0.47,5.67,0.44,2.0,0.13,0.5,0.0,12,4,0
2307,Jeff Curran,Big Frog,Record: 36-18-1,-2,66,135.0,69.0,Orthodox,1977-09-02,1.54,0.31,2.48,0.6,0.35,0.12,0.35,1.2,36,18,1
2308,Santo Curatolo,,Record: 6-2-0,-1,63,125.0,62.0,Southpaw,1995-01-18,1.4,0.39,6.07,0.34,2.0,0.33,1.0,0.0,6,2,0
2309,AJ Cunningham,The Savage,Record: 11-4-0,-2,70,145.0,71.0,Orthodox,1994-09-07,7.66,0.29,11.9,0.48,0.0,0.0,0.33,0.0,11,4,0
2310,Alton Cunningham,The Bo-Man,Record: 4-2-0,-2,74,205.0,77.0,Orthodox,1993-06-24,3.33,0.75,4.94,0.2,1.67,0.1,1.0,0.0,4,2,0
2311,Larry Cureton,,Record: 0-2-0,-2,74,240.0,,Orthodox,,0.0,0.0,0.0,0.0,0.0,0.0,0.0,0.0,0,2,0
2312,Patrick Cummins,Durkin,Record: 10-7-0,-3,74,205.0,76.0,Orthodox,1980-11-16,4.26,0.5,3.35,0.55,4.49,0.41,0.28,0.1,10,7,0
2313,Luke Cummo,,Record: 6-6-0,-2,72,170.0,74.0,Orthodox,1980-04-27,1.74,0.43,1.5,0.59,0.89,0.55,0.42,1.4,6,6,0
2314,Hugo Cunha,Silverback,Record: 8-2-0,-1,75,263.0,79.0,Orthodox,1993-02-04,0.6,0.3,3.01,0.34,0.0,0.0,0.0,0.0,8,2,0
2315,Abel Cullum,The Silent Assassin,Record: 20-6-0,-2,67,139.0,,Orthodox,1987-04-21,1.82,0.4,1.23,0.46,4.01,0.52,0.0,2.8,20,6,0
2316,Chris Culley,,Record: 20-15-0,-1,0,145.0,,,1986-03-25,0.0,0.0,0.0,0.0,0.0,0.0,0.0,0.0,20,15,0
2317,Josh Culibao,Kuya,Record: 11-4-1,-3,70,145.0,73.0,Orthodox,1994-05-24,3.41,0.44,3.04,0.59,0.0,0.0,0.65,0.3,11,4,1
2318,Jay Cucciniello,,Record: 8-1-0,-1,67,155.0,,Orthodox,1986-07-23,0.93,0.21,4.73,0.36,0.0,0.0,0.71,0.0,8,1,0
2319,Aalon Cruz,,Record: 8-4-0,-2,72,145.0,78.0,Switch,1989-09-20,7.58,0.39,8.88,0.58,0.0,0.0,0.0,0.0,8,4,0
2320,Zak Cummings,,Record: 25-7-0,2,72,205.0,75.0,Southpaw,1984-08-02,2.96,0.35,2.91,0.55,0.62,0.28,0.66,0.6,25,7,0
2321,Marcio Cruz,Pe de Pano,Record: 8-3-0,-2,76,232.0,,Orthodox,1978-04-24,2.92,0.46,1.51,0.68,0.53,0.07,0.37,1.6,8,3,0
2322,Timmy Cuamba,Twilight,Record: 8-3-0,-2,69,145.0,71.0,Orthodox,1999-02-08,3.0,0.4,4.38,0.6,1.0,0.27,0.71,0.0,8,3,0
2323,Dominick Cruz,The Dominator,Record: 24-4-0,-1,68,135.0,68.0,Orthodox,1985-03-09,3.91,0.33,2.61,0.7,2.82,0.42,0.83,0.1,24,4,0
2324,Richard Crunkilton,Cleat,Record: 19-4-0,-1,67,155.0,,Orthodox,1979-11-25,1.72,0.41,1.45,0.58,4.08,0.61,0.65,1.3,19,4,0
2325,Jimmy Crute,,Record: 12-4-1,-1,74,205.0,74.0,Orthodox,1996-03-04,3.68,0.54,3.04,0.44,4.84,0.57,0.6,2.0,12,4,1
2326,Kiefer Crosbie,BDK,Record: 10-5-0,-2,71,170.0,70.0,Switch,1990-04-05,6.27,0.64,4.97,0.54,0.0,0.0,0.0,0.0,10,5,0
2327,Allen Crowder,Pretty Boy,Record: 10-4-0 (1 NC),-1,75,245.0,76.0,Orthodox,1989-11-08,2.95,0.51,2.95,0.56,1.85,0.33,1.0,1.2,10,4,0 (1 NC)
2328,Ken Cross,The Boss,Record: 11-3-0,1,72,155.0,72.0,Southpaw,1994-10-04,2.2,0.57,1.4,0.55,1.0,0.12,0.66,0.0,11,3,0
2329,Daron Cruickshank,Detroit Superstar,Record: 18-10-0 (1 NC),-3,68,155.0,72.0,Switch,1985-06-11,2.88,0.38,2.98,0.57,2.04,0.41,0.6,0.2,18,10,0 (1 NC)
2330,Alex Crispin,,Record: 0-1-0,1,0,155.0,,,,0.0,0.0,0.0,0.0,0.0,0.0,0.0,0.0,0,1,0
2331,Kevin Croom,Crash,Record: 21-15-0 (1 NC),-3,71,135.0,73.0,Orthodox,1987-07-15,2.65,0.34,3.1,0.41,0.48,0.05,0.3,0.5,21,15,0 (1 NC)
2332,Alberto Crane,,Record: 15-5-0,-2,65,155.0,,Orthodox,1976-07-14,0.43,0.25,2.61,0.57,0.0,0.0,0.5,4.0,15,5,0
2333,Alexander Crispim,,Record: 8-6-0,1,0,145.0,,,,0.0,0.0,0.0,0.0,0.0,0.0,0.0,0.0,8,6,0
2334,Paul Creighton,,Record: 3-1-0,-1,66,155.0,,Southpaw,1970-06-04,0.72,0.75,4.65,0.3,5.37,0.37,0.0,0.0,3,1,0
2335,Nathan Coy,Soulforce,Record: 15-7-0,-1,70,170.0,69.0,Southpaw,1978-07-24,3.88,0.52,2.4,0.61,3.17,0.47,0.5,0.0,15,7,0
2336,Dan Cramer,,Record: 11-4-0,-1,74,170.0,,Orthodox,1985-10-31,0.97,0.3,2.1,0.31,0.0,0.0,0.66,0.5,11,4,0
2337,Andrew Craig,Highlight,Record: 9-4-0,-3,73,170.0,76.0,Orthodox,1986-01-15,2.39,0.4,3.01,0.5,0.53,0.37,0.72,0.0,9,4,0
2338,Jeff Cox,The Grinder,Record: 10-7-0,-2,70,155.0,,Orthodox,1968-08-02,0.56,0.25,1.69,0.33,4.23,0.5,0.8,0.0,10,7,0
2339,Tim Credeur,,Record: 12-4-0,-2,75,185.0,75.0,Orthodox,1977-07-09,3.59,0.3,3.13,0.57,0.41,1.0,0.5,3.3,12,4,0
2340,Hailey Cowan,All Hail,Record: 7-3-0,-1,68,135.0,67.0,Southpaw,1992-02-12,2.97,0.42,3.17,0.34,1.5,0.33,0.8,0.0,7,3,0
2341,Colby Covington,Chaos,Record: 17-4-0,-1,71,170.0,72.0,Orthodox,1988-02-22,3.88,0.38,2.98,0.55,3.79,0.44,0.67,0.2,17,4,0
2342,Paul Craig,Bearjew,Record: 17-8-1,0,75,185.0,76.0,Orthodox,1987-11-27,2.45,0.46,2.97,0.44,1.68,0.2,0.37,1.6,17,8,1
2343,Nikk Covert,The Brick,Record: 3-4-0,-1,68,185.0,,,1969-08-04,0.0,0.0,0.0,0.0,0.0,0.0,0.0,0.0,3,4,0
2344,Ryan Couture,,Record: 11-5-0,-2,70,155.0,73.0,Orthodox,1982-08-27,3.54,0.45,2.87,0.54,1.55,0.29,0.46,1.3,11,5,0
2345,Kim Couture,Sugar Free,Record: 3-8-0,-1,68,135.0,,Orthodox,1975-12-18,12.12,0.8,2.31,0.69,0.0,0.0,0.0,0.0,3,8,0
2346,Randy Couture,The Natural,Record: 19-11-0,-1,73,205.0,75.0,Orthodox,1963-06-22,2.85,0.57,1.53,0.59,2.78,0.46,0.58,0.5,19,11,0
2347,JR Coughran,Bam Bam,Record: 4-1-0,-1,66,145.0,,Orthodox,1994-05-17,12.29,0.57,6.8,0.45,0.0,0.0,0.75,0.0,4,1,0
2348,Rashad Coulter,Daywalker,Record: 9-4-0,1,71,205.0,76.0,Orthodox,1981-11-27,4.82,0.56,6.68,0.5,0.0,0.0,0.62,0.0,9,4,0
2349,Patrick Cote,The Predator,Record: 23-11-0,-2,71,170.0,75.0,Orthodox,1980-02-29,2.81,0.48,3.21,0.48,0.68,0.2,0.43,0.2,23,11,0
2350,Dave Courchaine,,Record: 20-7-0,-1,68,170.0,,,,0.0,0.0,0.0,0.0,0.0,0.0,0.0,0.0,20,7,0
2351,JC Cottrell,,Record: 17-5-0,-2,69,155.0,,Orthodox,1989-11-04,0.79,0.25,2.75,0.45,0.79,1.0,0.5,0.0,17,5,0
2352,Oscar Cota,Elevation,Record: 11-3-0 (1 NC),-1,72,230.0,72.0,Orthodox,1984-10-15,0.33,0.41,2.47,0.41,0.0,0.0,0.6,1.0,11,3,0 (1 NC)
2353,Melquizael Costa,Melk Cauthy,Record: 21-7-0,1,70,145.0,71.0,Southpaw,1996-09-14,3.46,0.46,2.29,0.58,2.5,0.35,0.52,1.1,21,7,0
2354,Randy Costa,The Zohan,Record: 6-4-0,-3,69,135.0,73.0,Switch,1994-07-06,6.53,0.46,7.58,0.58,0.0,0.0,0.5,0.0,6,4,0
2355,Alessandro Costa,Nono,Record: 14-4-0,1,64,125.0,67.0,Orthodox,1996-01-28,4.14,0.47,3.5,0.57,0.27,0.12,0.9,0.0,14,4,0
2356,Paulo Costa,The Eraser,Record: 14-4-0,-2,73,185.0,72.0,Orthodox,1991-04-21,6.22,0.58,6.56,0.49,0.36,0.75,0.8,0.0,14,4,0
2357,Miguel Cosio,,Record: 1-13-0,-1,76,205.0,,,,0.0,0.0,0.0,0.0,0.0,0.0,0.0,0.0,1,13,0
2358,Jadson Costa,,Record: 22-8-0 (1 NC),-1,67,155.0,,Orthodox,,0.2,0.5,3.05,0.5,0.0,0.0,0.0,0.0,22,8,0 (1 NC)
2359,Orion Cosce,Galaxy,Record: 8-2-0,-1,71,170.0,71.0,Switch,1994-07-15,2.77,0.53,4.02,0.44,1.92,0.4,0.61,0.0,8,2,0
2360,Reyes Cortez Jr.,,Record: 7-3-0,-2,67,135.0,68.0,Orthodox,1992-07-31,4.1,0.45,7.43,0.52,1.5,0.11,1.0,0.0,7,3,0
2361,Louis Cosce,,Record: 7-2-0,-2,69,170.0,71.0,Orthodox,1995-08-27,4.31,0.45,5.35,0.47,1.04,0.2,0.5,0.5,7,2,0
2362,Tracy Cortez,,Record: 11-2-0,-1,65,125.0,65.0,Orthodox,1993-12-10,3.72,0.47,3.02,0.57,2.09,0.45,0.62,0.3,11,2,0
2363,Wesley Correira,Cabbage,Record: 20-16-0,-2,75,260.0,,Orthodox,1978-11-11,2.6,0.36,8.8,0.4,0.0,0.0,0.9,0.0,20,16,0
2364,Waldo Cortes-Acosta,Salsa Boy,Record: 12-1-0,0,76,260.0,78.0,Orthodox,1991-10-03,5.64,0.48,3.6,0.52,0.55,0.6,0.6,0.2,12,1,0
2365,Bethe Correia,Pitbull,Record: 11-6-1,-2,65,135.0,64.0,Orthodox,1983-06-22,4.37,0.43,4.93,0.56,0.39,0.18,0.85,0.0,11,6,1
2366,Clint Coronel,,Record: 2-5-0,-2,0,155.0,,,,4.93,0.32,5.6,0.66,0.0,0.0,0.66,0.0,2,5,0
2367,Daniel Cormier,DC,Record: 22-3-0 (1 NC),-2,71,235.0,72.0,Orthodox,1979-03-20,4.25,0.52,2.92,0.54,1.83,0.44,0.8,0.4,22,3,0 (1 NC)
2368,Nora Cornolle,,Record: 8-1-0,2,67,135.0,67.0,Orthodox,1989-12-06,3.29,0.59,1.26,0.56,0.0,0.0,0.5,0.0,8,1,0
2369,Akira Corassani,,Record: 12-6-0 (1 NC),-3,68,145.0,68.0,Orthodox,1982-08-27,3.25,0.45,4.91,0.5,0.7,0.28,0.86,0.0,12,6,0 (1 NC)
2370,Muhsin Corbbrey,,Record: 17-9-0,-3,70,155.0,,Orthodox,1978-05-18,2.02,0.34,5.41,0.53,0.0,0.0,0.8,0.4,17,9,0
2371,Michael Cora,Kookie Monster,Record: 4-1-0,-1,73,170.0,77.0,Southpaw,1989-08-24,0.8,0.28,0.13,0.66,0.0,0.0,0.25,0.0,4,1,0
2372,Chris Cope,C-Murder,Record: 8-4-0,-2,72,170.0,72.0,Orthodox,1983-03-05,3.96,0.26,4.82,0.5,0.0,0.0,0.8,0.0,8,4,0
2373,Josh Copeland,Cuddly Bear,Record: 12-4-0,-2,73,265.0,,Orthodox,1982-10-20,1.03,0.31,3.01,0.55,0.0,0.0,0.57,0.0,12,4,0
2374,Brett Cooper,,Record: 23-12-0,1,72,170.0,,Orthodox,1987-07-02,0.0,0.0,0.0,0.0,0.0,0.0,0.0,0.0,23,12,0
2375,Kit Cope,Havoc,Record: 6-7-0,-3,72,170.0,,Orthodox,1977-03-17,1.18,0.52,2.12,0.35,0.0,0.0,0.5,3.5,6,7,0
2376,Bill Cooper,,Record: 2-1-0,-1,0,155.0,,,1984-05-05,0.0,0.0,0.0,0.0,0.0,0.0,0.0,0.0,2,1,0
2377,Amanda Cooper,ABC,Record: 3-5-0,-2,63,115.0,64.0,Switch,1991-10-22,3.55,0.44,3.2,0.51,1.53,0.38,0.28,1.8,3,5,0
2378,TJ Cook,,Record: 13-5-0,-2,0,205.0,,,1982-09-08,2.3,0.47,3.18,0.54,1.01,0.5,0.0,0.0,13,5,0
2379,Dewey Cooper,The Black Cobra,Record: 2-1-0,1,0,205.0,,,,0.0,0.0,0.0,0.0,0.0,0.0,0.0,0.0,2,1,0
2380,Mike Cook,,Record: 13-13-0,-2,73,205.0,,Orthodox,,1.72,0.49,2.4,0.46,1.03,0.33,0.55,2.1,13,13,0
2381,Chad Cook,,Record: 10-12-0,-1,74,205.0,,,1979-11-07,0.0,0.0,0.0,0.0,0.0,0.0,0.0,0.0,10,12,0
2382,Bob Cook,Crazy,Record: 5-0-0,1,69,170.0,,Orthodox,,0.0,0.0,0.0,0.0,0.0,0.0,0.0,0.0,5,0,0
2383,Jeremiah Constant,,Record: 11-8-0 (1 NC),-1,73,240.0,,Orthodox,1974-07-19,1.5,0.75,3.25,0.43,0.0,0.0,0.0,7.5,11,8,0 (1 NC)
2384,Marcos Conrado Jr.,,Record: 5-1-0,-1,74,220.0,,Orthodox,1982-03-14,1.6,0.34,9.69,0.35,1.84,0.14,0.0,0.0,5,1,0
2385,Tristan Connelly,Boondock,Record: 14-8-0,-2,70,145.0,68.0,Orthodox,1985-12-12,3.31,0.51,2.96,0.5,0.33,0.14,0.6,0.3,14,8,0
2386,Carlos Condit,The Natural Born Killer,Record: 32-14-0,-1,74,170.0,75.0,Orthodox,1984-04-26,3.66,0.39,2.67,0.55,0.59,0.46,0.38,1.0,32,14,0
2387,Wes Combs,The Soldier,Record: 20-6-0,-2,74,205.0,,Orthodox,1973-06-18,2.14,0.48,4.73,0.45,0.0,0.0,0.0,0.0,20,6,0
2388,Chris Condo,,Record: 0-1-0,-1,72,335.0,,Orthodox,,0.0,0.0,0.0,0.0,0.0,0.0,0.0,0.0,0,1,0
2389,Christian Colombo,,Record: 8-3-1,-2,77,265.0,,Orthodox,1980-07-01,2.76,0.44,4.02,0.42,0.0,0.0,0.33,0.0,8,3,1
2390,Jamie Colleen,,Record: 4-1-0,-1,63,115.0,65.0,Orthodox,1985-11-02,3.11,0.61,5.66,0.33,0.52,0.33,0.5,1.6,4,1,0
2391,Jake Collier,The Prototype,Record: 13-10-0,-4,75,230.0,78.0,Orthodox,1988-10-25,5.8,0.44,5.08,0.5,0.71,0.33,0.67,0.6,13,10,0
2392,Clay Collard,Cassius,Record: 14-7-0 (1 NC),-2,71,145.0,73.0,Orthodox,1993-03-10,4.22,0.32,5.0,0.5,2.81,0.39,0.71,0.5,14,7,0 (1 NC)
2393,Cortez Coleman,Hollywood,Record: 13-8-0,1,73,185.0,,,1982-01-28,0.0,0.0,0.0,0.0,0.0,0.0,0.0,0.0,13,8,0
2394,Mark Coleman,The Hammer,Record: 16-10-0,-1,73,205.0,75.0,Orthodox,1964-12-20,1.88,0.52,2.62,0.4,3.89,0.4,0.5,0.8,16,10,0
2395,Coltin Cole,,Record: 4-5-0,-1,0,185.0,,,1989-04-24,0.0,0.0,0.0,0.0,0.0,0.0,0.0,0.0,4,5,0
2396,Devin Cole,,Record: 20-10-1,2,76,240.0,,Orthodox,1976-10-01,3.5,0.55,2.14,0.48,2.18,0.42,0.66,0.0,20,10,1
2397,Chandler Cole,The Hammer,Record: 10-4-0,-1,70,264.0,72.0,Orthodox,1995-01-09,2.45,0.6,3.59,0.26,0.0,0.0,0.0,0.0,10,4,0
2398,Wayne Cole,,Record: 16-25-0,-1,73,205.0,,Orthodox,,0.57,0.2,8.33,0.27,4.31,0.25,0.0,4.3,16,25,0
2399,Marc Cofer,,Record: 7-5-0,-1,0,185.0,,,1972-03-03,0.0,0.0,0.0,0.0,0.0,0.0,0.0,0.0,7,5,0
2400,John Cofer,The Potter,Record: 8-4-0,-2,69,155.0,,Southpaw,1984-04-29,2.73,0.41,3.43,0.62,1.22,0.5,0.64,0.0,8,4,0
2401,Darryl Cobb,,Record: 6-8-0,2,69,185.0,,,1980-08-04,0.0,0.0,0.0,0.0,0.0,0.0,0.0,0.0,6,8,0
2402,Felipe Colares,Cabocao,Record: 10-4-0,-2,68,145.0,69.0,Orthodox,1994-03-31,2.17,0.45,4.65,0.36,1.88,0.24,0.43,0.5,10,4,0
2403,Marloes Coenen,,Record: 23-8-0,1,69,145.0,67.0,,1981-03-31,2.15,0.51,1.9,0.67,0.82,0.3,0.41,2.5,23,8,0
2404,Dave Cochran,,Record: 26-29-1,-1,66,155.0,,,1973-05-10,0.0,0.0,0.0,0.0,0.0,0.0,0.0,0.0,26,29,1
2405,Brian Cobb,,Record: 20-9-0,-1,71,155.0,,Orthodox,,0.0,0.0,3.68,0.55,5.81,0.5,0.0,0.0,20,9,0
2406,Mark Climaco,,Record: 9-2-0,-1,64,125.0,65.0,Southpaw,1997-11-06,4.13,0.59,2.9,0.57,3.5,0.36,0.46,0.0,9,2,0
2407,Chris Clements,The Menace,Record: 12-6-0 (1 NC),-1,70,170.0,70.0,Orthodox,1976-02-09,3.2,0.49,2.37,0.44,0.0,0.0,0.32,0.3,12,6,0 (1 NC)
2408,RJ Clifford,,Record: 4-3-0,-1,0,160.0,,,,0.0,0.0,0.0,0.0,0.0,0.0,0.0,0.0,4,3,0
2409,Josh Clopton,The Gentleman,Record: 6-2-1,-2,66,145.0,,Orthodox,1981-07-11,1.6,0.64,2.87,0.5,2.0,0.66,0.75,0.0,6,2,1
2410,Rich Clementi,No Love,Record: 45-23-1,-3,69,155.0,72.0,Southpaw,1976-03-31,1.43,0.37,2.29,0.6,1.72,0.42,0.25,1.1,45,23,1
2411,Mitch Clarke,Danger Zone,Record: 11-5-0,-3,70,155.0,73.0,Orthodox,1985-11-24,2.35,0.34,3.27,0.47,0.64,0.15,0.5,0.4,11,5,0
2412,John Clarke,,Record: 1-1-0,-1,0,170.0,,,1977-08-15,0.0,0.0,0.0,0.0,0.0,0.0,0.0,0.0,1,1,0
2413,Shannon Clark,MMA Barbie,Record: 5-1-0,-1,65,125.0,64.0,Orthodox,1992-07-07,11.51,0.58,20.55,0.35,0.0,0.0,0.0,0.0,5,1,0
2414,Heather Clark,Hurricane,Record: 7-6-0,-2,66,115.0,64.0,Orthodox,1980-09-19,3.69,0.49,5.62,0.5,0.33,0.04,0.8,0.3,7,6,0
2415,Jessica-Rose Clark,,Record: 11-9-0 (1 NC),-3,65,135.0,64.0,Orthodox,1987-11-28,3.73,0.51,3.51,0.58,1.66,0.42,0.62,0.3,11,9,0 (1 NC)
2416,Dominic Clark,,Record: 10-7-0,-1,70,155.0,,,1985-08-01,0.0,0.0,0.0,0.0,0.0,0.0,0.0,0.0,10,7,0
2417,Devin Clark,Brown Bear,Record: 14-9-0,-2,72,205.0,75.0,Orthodox,1990-04-12,3.03,0.54,3.24,0.44,2.17,0.32,0.58,0.1,14,9,0
2418,Laverne Clark,,Record: 27-21-1,-2,71,170.0,,Orthodox,1973-12-02,0.0,0.0,0.0,0.0,0.0,0.0,0.0,0.0,27,21,1
2419,Mychal Clark,,Record: 10-14-0,1,75,224.0,,Orthodox,,5.8,0.56,2.9,0.59,0.0,0.0,0.0,0.0,10,14,0
2420,Logan Clark,,Record: 18-6-0,1,74,185.0,,Orthodox,1985-02-16,2.2,0.54,1.49,0.53,0.31,1.0,0.3,2.1,18,6,0
2421,Nikolajus Cilkinas,,Record: 2-6-0,-1,0,,,Orthodox,,0.0,0.0,5.88,0.16,0.0,0.0,0.0,0.0,2,6,0
2422,Branko Cikatic,,Record: 0-2-0,-2,73,215.0,,Orthodox,1954-10-03,0.0,0.0,0.0,0.0,0.0,0.0,0.0,0.0,0,2,0
2423,Misha Cirkunov,,Record: 15-9-0,-4,75,205.0,77.0,Orthodox,1987-02-27,3.86,0.51,3.06,0.57,4.15,0.39,0.76,1.7,15,9,0
2424,Hannah Cifers,Shockwave,Record: 10-7-0,-4,61,115.0,62.0,Orthodox,1992-06-26,4.99,0.44,5.39,0.52,0.26,1.0,0.64,0.3,10,7,0
2425,Mike Ciesnolevicz,,Record: 19-4-0 (1 NC),-1,72,235.0,,Orthodox,1979-10-28,0.51,0.5,4.62,0.57,0.0,0.0,0.2,5.1,19,4,0 (1 NC)
2426,Cameron Church,,Record: 4-1-0,-1,71,155.0,72.0,Orthodox,1990-09-27,4.0,0.4,4.93,0.5,0.0,0.0,0.6,1.0,4,1,0
2427,Dan Christison,The Sandman,Record: 20-7-0,-1,80,265.0,,Orthodox,1972-04-26,4.23,0.51,3.88,0.54,0.0,0.0,0.37,1.1,20,7,0
2428,Anthony Christodoulou,,Record: 12-7-0,-2,69,155.0,,Orthodox,1987-07-30,2.19,0.26,5.9,0.45,0.0,0.0,0.4,0.0,12,7,0
2429,Murad Chunkaiev,,Record: 8-4-0,-1,71,185.0,,Orthodox,,0.85,0.16,3.41,0.66,8.53,1.0,0.0,0.0,8,4,0
2430,Ryo Chonan,Piranah,Record: 22-13-0,-1,69,170.0,70.0,Orthodox,1976-10-08,2.57,0.43,2.25,0.6,0.61,0.41,0.39,0.3,22,13,0
2431,Will Chope,The Kill,Record: 34-13-0,-1,76,145.0,,Switch,1990-09-08,4.43,0.27,9.93,0.46,0.0,0.0,0.0,0.0,34,13,0
2432,SeungGuk Choi,,Record: 7-3-0,-1,66,125.0,64.0,Orthodox,1996-12-26,2.69,0.42,2.69,0.65,1.02,0.27,0.74,0.0,7,3,0
2433,John Cholish,,Record: 8-3-0,-2,71,155.0,74.0,Orthodox,1983-12-17,2.65,0.49,2.29,0.73,1.82,0.31,0.78,0.4,8,3,0
2434,DongHun Choi,,Record: 8-0-0,2,65,125.0,66.0,Switch,1999-01-02,4.53,0.66,3.33,0.55,0.5,0.14,0.81,0.0,8,0,0
2435,Joachim Christensen,,Record: 14-6-0,-2,75,205.0,76.0,Orthodox,1978-11-07,3.78,0.41,3.29,0.46,0.0,0.0,0.0,0.0,14,6,0
2436,Hong Man Choi,Techno Goliath,Record: 4-5-0,-1,86,330.0,,Orthodox,1980-10-30,1.32,0.26,1.46,0.36,0.71,1.0,0.84,0.0,4,5,0
2437,SeungWoo Choi,Sting,Record: 11-7-0,-1,72,145.0,74.0,Orthodox,1992-11-03,3.51,0.39,3.12,0.47,0.86,0.54,0.7,0.0,11,7,0
2438,Sako Chivitchian,,Record: 8-1-0,-1,71,155.0,,Orthodox,1984-03-11,2.4,0.27,4.8,0.46,0.0,0.0,1.0,0.0,8,1,0
2439,Dooho Choi,The Korean Superboy,Record: 15-4-1,1,70,145.0,70.0,Orthodox,1991-04-10,4.41,0.53,4.49,0.55,0.75,0.37,0.47,0.8,15,4,1
2440,Mu Bae Choi,,Record: 12-6-0,-1,74,230.0,,Orthodox,1970-06-27,1.55,0.49,3.65,0.44,3.12,0.75,0.6,1.0,12,6,0
2441,Giga Chikadze,Ninja,Record: 15-4-0,-1,72,145.0,74.0,Orthodox,1988-08-25,3.92,0.42,3.5,0.61,0.21,0.33,0.7,0.2,15,4,0
2442,Michael Chiesa,Maverick,Record: 19-7-0,1,73,170.0,75.0,Southpaw,1987-12-07,1.86,0.4,1.72,0.53,3.35,0.51,0.6,1.0,19,7,0
2443,Khamzat Chimaev,Borz,Record: 13-0-0,0,74,185.0,75.0,Orthodox,1994-05-01,5.72,0.58,3.46,0.42,3.99,0.46,1.0,2.7,13,0,0
2444,Mark Cherico,The Pride of Bloomfield,Record: 11-1-0,-1,67,145.0,69.0,Orthodox,1986-05-12,3.69,0.34,7.37,0.56,5.03,0.5,0.0,0.0,11,1,0
2445,Macy Chiasson,,Record: 11-3-0,2,71,135.0,72.0,Orthodox,1991-07-27,3.77,0.46,2.79,0.44,2.37,0.38,0.7,0.4,11,3,0
2446,Fabio Cherant,Water Buffalo,Record: 7-4-0,-4,73,205.0,74.0,Southpaw,1994-11-25,1.35,0.4,4.89,0.38,0.0,0.0,0.0,0.0,7,4,0
2447,Albert Cheng,,Record: 7-4-0,-1,71,170.0,,Orthodox,1985-02-07,1.0,0.41,2.6,0.71,0.0,0.0,0.0,0.0,7,4,0
2448,Ernest Chavez,EJ,Record: 10-2-0,-2,68,145.0,70.0,Orthodox,1983-06-27,2.79,0.4,3.89,0.59,0.89,0.33,0.5,0.0,10,2,0
2449,Morgan Charriere,The Last Pirate,Record: 19-10-1,0,68,145.0,69.0,Orthodox,1995-10-26,3.98,0.49,4.24,0.55,1.59,0.4,0.87,0.8,19,10,1
2450,Danny Chavez,The Colombian Warrior,Record: 11-5-1,-1,68,145.0,67.0,Orthodox,1987-03-14,2.86,0.38,3.83,0.5,1.95,0.6,0.87,0.0,11,5,1
2451,Joe Charles,The Ghetto Man,Record: 6-13-0,-1,73,260.0,,Southpaw,,0.0,0.0,0.0,0.0,0.0,0.0,0.0,0.0,6,13,0
2452,Donnie Chappell,,Record: 0-1-0,-1,71,178.0,,Southpaw,,0.0,0.0,0.0,0.0,0.0,0.0,0.0,0.0,0,1,0
2453,Chelsea Chandler,,Record: 6-3-0,-1,68,135.0,68.0,Southpaw,1990-11-23,3.53,0.45,4.06,0.41,0.91,0.6,0.33,0.0,6,3,0
2454,Ansar Chalangov,,Record: 14-5-0,-2,69,170.0,,Orthodox,1979-10-30,0.68,0.66,1.69,0.54,0.0,0.0,0.0,7.6,14,5,0
2455,Michael Chandler,Iron,Record: 23-8-0,0,68,155.0,71.0,Orthodox,1986-04-24,4.89,0.46,4.58,0.46,2.17,0.38,0.71,0.9,23,8,0
2456,Alex Chambers,Astro Girl,Record: 5-5-0,-3,63,115.0,63.0,Southpaw,1978-10-25,2.97,0.54,5.1,0.5,2.31,0.41,0.53,1.0,5,5,0
2457,Luan Chagas,Tarzan,Record: 15-3-1,-1,72,170.0,75.0,Orthodox,1993-06-17,4.16,0.47,3.19,0.62,0.32,0.12,0.85,0.3,15,3,1
2458,Edgar Chairez,Puro Chicali,Record: 11-6-0 (1 NC),-1,67,125.0,71.0,Orthodox,1996-01-27,3.45,0.45,5.21,0.42,0.0,0.0,0.33,1.5,11,6,0 (1 NC)
2459,Vinicius Cenci,Chambinho,Record: 7-2-0,-1,73,155.0,74.0,Orthodox,1995-11-24,2.9,0.48,2.69,0.62,1.61,0.5,0.0,0.0,7,2,0
2460,Adam Cella,El Naturel,Record: 6-8-0,-1,74,170.0,,,1985-06-26,1.91,0.42,2.61,0.51,3.92,0.75,0.5,1.3,6,8,0
2461,Katlyn Cerminara,Blonde Fighter,Record: 18-6-0,-2,69,125.0,68.0,Orthodox,1988-12-28,4.58,0.34,4.48,0.62,0.31,0.15,0.5,0.3,18,6,0
2462,Donald Cerrone,Cowboy,Record: 36-17-0 (2 NC),-2,73,155.0,73.0,Orthodox,1983-03-29,4.41,0.46,4.48,0.53,1.16,0.33,0.73,1.2,36,17,0 (2 NC)
2463,Yosdenis Cedeno,Pink Panther,Record: 10-6-1,-2,68,155.0,69.0,Orthodox,1985-02-12,1.64,0.29,1.6,0.67,0.0,0.0,0.31,0.3,10,6,1
2464,Magnus Cedenblad,Jycken,Record: 14-5-0,-1,77,185.0,79.0,Orthodox,1982-04-10,2.38,0.51,3.02,0.4,2.87,0.64,0.66,1.0,14,5,0
2465,Igor Cavalcanti,Jacare,Record: 9-1-0,-1,71,170.0,79.0,Orthodox,1997-10-10,3.33,0.42,3.6,0.48,1.0,0.5,0.66,0.0,9,1,0
2466,Henry Cejudo,Triple C,Record: 16-4-0,-2,64,135.0,64.0,Orthodox,1987-02-09,3.77,0.46,3.29,0.6,1.99,0.32,0.75,0.2,16,4,0
2467,Jacqueline Cavalcanti,,Record: 7-1-0,2,68,135.0,70.0,Orthodox,1997-08-29,7.23,0.55,3.03,0.77,0.0,0.0,1.0,0.0,7,1,0
2468,Rafael Cavalcante,Feijao,Record: 12-7-0 (1 NC),-3,73,205.0,74.0,Orthodox,1980-04-14,2.71,0.53,3.62,0.49,0.6,0.4,0.63,0.1,12,7,0 (1 NC)
2469,Luke Caudillo,Lil' Hulk,Record: 17-17-0,-3,67,155.0,,Orthodox,1980-11-30,1.97,0.28,5.07,0.55,0.44,0.2,0.85,0.0,17,17,0
2470,Gesias Cavalcante,JZ,Record: 21-10-1 (2 NC),-1,68,155.0,71.0,Orthodox,1983-07-06,1.98,0.35,3.11,0.51,1.25,0.36,0.66,1.1,21,10,1 (2 NC)
2471,Jenna Castillo,,Record: 1-0-0,1,62,125.0,,,1982-05-05,3.24,0.56,2.01,0.57,1.68,1.0,1.0,0.0,1,0,0
2472,Tim Catalfo,Obake,Record: 4-2-0,-1,71,235.0,,Orthodox,,0.39,1.0,0.77,0.33,0.0,0.0,0.0,0.0,4,2,0
2473,Nick Catone,The Jersey Devil,Record: 10-4-0,1,72,185.0,72.0,Southpaw,1981-09-01,2.11,0.44,2.32,0.63,3.71,0.44,0.83,0.5,10,4,0
2474,Raul Castillo,,Record: 7-1-0,-1,71,185.0,,Orthodox,,1.47,0.48,3.27,0.6,0.0,0.0,0.0,0.0,7,1,0
2475,Gil Castillo,,Record: 8-5-0,-1,69,170.0,,Southpaw,1965-10-21,0.6,0.45,2.22,0.44,3.33,0.45,0.5,0.0,8,5,0
2476,Danny Castillo,Last Call,Record: 17-10-0,-4,69,155.0,71.0,Orthodox,1979-08-25,2.57,0.42,1.96,0.62,2.95,0.38,0.63,0.2,17,10,0
2477,Eric Castile,,Record: 3-2-0,-1,68,145.0,,,,0.0,0.0,0.0,0.0,0.0,0.0,0.0,0.0,3,2,0
2478,Dwayne Cason,,Record: 1-1-0,-1,70,212.0,,Orthodox,,0.0,0.0,0.0,0.0,0.0,0.0,0.0,0.0,1,1,0
2479,John Castaneda,Sexy Mexi,Record: 21-7-0,-1,66,135.0,71.0,Switch,1991-12-18,4.67,0.5,5.22,0.54,1.79,0.35,0.71,0.1,21,7,0
2480,Brandon Cash,Money,Record: 10-4-0,-2,77,255.0,,Orthodox,,5.42,0.72,0.68,0.33,10.17,0.66,0.0,0.0,10,4,0
2481,Joe Cason,,Record: 9-1-0,-1,75,205.0,,,1988-01-19,4.17,0.55,10.83,0.23,0.0,0.0,0.0,0.0,9,1,0
2482,Cortney Casey,Cast Iron,Record: 10-10-0,-1,67,125.0,67.0,Orthodox,1987-05-05,4.29,0.39,4.0,0.55,0.39,0.31,0.39,0.5,10,10,0
2483,Bendy Casimir,,Record: 20-14-2,-2,65,145.0,,Southpaw,1980-06-10,0.74,0.27,3.42,0.54,0.0,0.0,1.0,0.0,20,14,2
2484,Johnny Case,Hollywood,Record: 22-6-0,-2,70,155.0,72.0,Orthodox,1989-06-28,3.95,0.38,2.66,0.61,1.7,0.45,0.72,0.2,22,6,0
2485,Kevin Casey,King,Record: 9-5-2 (2 NC),-1,71,185.0,77.0,Southpaw,1981-06-15,2.27,0.53,3.76,0.46,0.79,0.22,0.27,0.4,9,5,2 (2 NC)
2486,Shane Carwin,The Engineer,Record: 12-2-0,-2,74,265.0,80.0,Orthodox,1975-01-04,4.38,0.47,3.53,0.53,1.42,0.33,0.42,0.0,12,2,0
2487,Antonio Carvalho,Pato,Record: 15-6-0,-1,69,145.0,70.0,Orthodox,1979-05-30,3.03,0.29,3.62,0.64,0.0,0.0,1.0,0.0,15,6,0
2488,Jack Cartwright,,Record: 10-1-0,-1,69,135.0,68.0,Orthodox,1994-05-26,0.8,0.38,3.33,0.29,6.0,0.66,0.0,2.0,10,1,0
2489,Scott Carson,,Record: 4-2-0,-1,74,215.0,,,,0.62,0.66,6.22,0.23,0.0,0.0,0.0,0.0,4,2,0
2490,Bruno Carvalho,,Record: 10-5-0,-1,68,154.0,,,1982-06-07,0.6,0.45,0.93,0.53,0.0,0.0,0.66,4.0,10,5,0
2491,Jonny Carson,,Record: 11-7-0,-1,70,155.0,,,,0.0,0.0,0.0,0.0,0.0,0.0,0.0,0.0,11,7,0
2492,Shonie Carter,Mr. International,Record: 51-31-7 (1 NC),-4,70,170.0,,Southpaw,1972-05-03,1.62,0.36,2.32,0.47,0.75,0.66,0.75,0.0,51,31,7 (1 NC)
2493,Cain Carrizosa,The Insane,Record: 10-3-0,-2,68,155.0,,Orthodox,1986-07-22,2.72,0.42,5.8,0.51,0.0,0.0,0.14,0.0,10,3,0
2494,Clayton Carpenter,,Record: 7-0-0,0,66,125.0,66.0,Orthodox,1996-06-09,4.5,0.51,2.85,0.6,2.47,0.5,0.0,2.5,7,0,0
2495,Tim Caron,The Bear,Record: 7-1-0 (1 NC),0,73,185.0,,Orthodox,1987-07-24,0.59,0.5,6.9,0.12,0.0,0.0,0.0,0.0,7,1,0 (1 NC)
2496,Roan Carneiro,Jucao,Record: 21-11-0,-1,71,170.0,76.0,Orthodox,1978-06-02,1.46,0.46,1.82,0.62,3.05,0.42,0.83,1.4,21,11,0
2497,Luana Carolina,Dread,Record: 11-4-0,3,66,125.0,69.0,Orthodox,1993-06-11,4.81,0.5,3.54,0.5,0.34,0.37,0.74,0.6,11,4,0
2498,Ariane Carnelossi,Sorriso,Record: 15-3-0,1,62,115.0,61.0,Orthodox,1992-11-17,2.87,0.39,4.74,0.45,1.37,0.55,0.14,0.3,15,3,0
2499,Liz Carmouche,Girlrilla,Record: 13-7-0,-1,66,125.0,66.0,Orthodox,1984-02-19,2.78,0.54,2.51,0.61,2.57,0.51,0.65,0.3,13,7,0
2500,Antonio Carlos Junior,Cara de Sapato,Record: 11-5-0 (1 NC),-3,74,185.0,79.0,Orthodox,1990-03-16,1.95,0.42,2.14,0.52,3.42,0.39,0.53,0.8,11,5,0 (1 NC)
2501,Francis Carmont,Limitless,Record: 25-12-0,-3,75,205.0,78.0,Orthodox,1981-10-11,2.22,0.42,1.64,0.59,1.79,0.36,0.73,0.6,25,12,0
2502,Spike Carlyle,Alpha Ginger,Record: 9-3-0,-2,68,145.0,71.0,Switch,1993-05-06,2.55,0.54,3.85,0.3,3.34,0.36,0.57,0.5,9,3,0
2503,Don Carlo-Clauss,,Record: 10-7-0,-1,0,170.0,,,,1.44,0.3,7.68,0.43,0.0,0.0,0.66,0.0,10,7,0
2504,Ronald Carillo,,Record: 4-2-0,1,0,125.0,,,,0.0,0.0,0.0,0.0,0.0,0.0,0.0,0.0,4,2,0
2505,Rafael Carino,,Record: 2-1-1,1,80,245.0,,Orthodox,,0.0,0.0,0.0,0.0,0.0,0.0,0.0,0.0,2,1,1
2506,Phil Cardella,,Record: 8-5-0,-2,71,155.0,,,1976-07-09,2.47,0.5,2.0,0.57,0.0,0.0,0.11,2.5,8,5,0
2507,Chris Cariaso,Kamikaze,Record: 17-8-0,-3,63,125.0,64.0,Southpaw,1981-05-27,3.35,0.43,2.23,0.61,1.11,0.39,0.57,0.8,17,8,0
2508,Gina Carano,Conviction,Record: 7-1-0,-1,68,145.0,,Orthodox,1982-04-16,4.5,0.47,2.66,0.64,1.24,0.66,0.85,1.6,7,1,0
2509,Edgar Cardenas,Kitty Katt,Record: 4-1-0,-1,0,145.0,,,,0.0,0.0,0.0,0.0,0.0,0.0,0.0,0.0,4,1,0
2510,Frank Caracci,,Record: 2-3-0,-1,0,,,,,0.0,0.0,0.0,0.0,0.0,0.0,0.0,0.0,2,3,0
2511,Bryan Caraway,Kid Lightning,Record: 21-9-0,-2,68,135.0,68.0,Orthodox,1984-08-04,2.53,0.34,3.61,0.54,2.57,0.25,0.8,0.8,21,9,0
2512,Phil Caracappa,The Hitman,Record: 6-1-0,-1,68,135.0,70.0,Orthodox,1992-06-05,2.93,0.5,4.07,0.29,1.0,0.08,1.0,1.0,6,1,0
2513,Bo Cantrell,Redrum,Record: 10-10-0,-1,74,235.0,,Orthodox,1969-02-08,3.16,0.16,12.63,0.0,0.0,0.0,0.0,0.0,10,10,0
2514,Steve Cantwell,The Robot,Record: 7-6-0,-5,74,185.0,75.0,Orthodox,1986-12-08,3.63,0.34,5.76,0.55,0.65,0.3,0.8,0.7,7,6,0
2515,Cody Canterbury,,Record: 1-10-0,-1,68,155.0,,,,0.0,0.0,0.0,0.0,0.0,0.0,0.0,0.0,1,10,0
2516,Jose Canseco,,Record: 0-1-0,-1,76,240.0,,Orthodox,1964-07-02,0.78,0.1,4.68,0.62,0.0,0.0,0.0,0.0,0,1,0
2517,Luiz Cane,Banha,Record: 17-7-0 (1 NC),-2,74,185.0,77.0,Southpaw,1981-04-24,4.79,0.41,5.0,0.6,0.56,0.28,1.0,0.3,17,7,0 (1 NC)
2518,Asbel Cancio,,Record: 0-1-0,-1,70,225.0,,,,0.0,0.0,0.0,0.0,0.0,0.0,0.0,0.0,0,1,0
2519,Ronaldo Candido,Pacman,Record: 6-0-0,-1,66,125.0,,Southpaw,1989-04-24,1.67,0.42,3.87,0.52,8.0,0.53,0.0,5.0,6,0,0
2520,Guido Cannetti,Ninja,Record: 10-8-0,-1,66,135.0,68.0,Southpaw,1979-12-19,3.44,0.55,2.84,0.51,2.27,0.55,0.64,0.4,10,8,0
2521,Carlos Candelario,The Cannon,Record: 8-3-0,-3,68,125.0,68.0,Southpaw,1991-06-04,3.97,0.46,5.17,0.44,2.28,0.36,0.53,0.3,8,3,0
2522,Jared Cannonier,The Killa Gorilla,Record: 17-8-0,-2,71,185.0,77.0,Switch,1984-03-16,4.49,0.5,4.39,0.56,0.42,0.46,0.62,0.0,17,8,0
2523,Chico Camus,The King,Record: 17-7-0 (1 NC),-2,66,125.0,66.0,Orthodox,1985-01-26,2.58,0.41,2.46,0.64,0.77,0.4,0.72,0.4,17,7,0 (1 NC)
2524,Charlie Campbell,The Cannibal,Record: 9-2-0,2,72,155.0,72.0,Orthodox,1995-07-03,5.55,0.54,3.73,0.55,2.95,0.4,0.71,0.0,9,2,0
2525,Thomas Campbell,,Record: 3-3-0,1,0,,,,,0.0,0.0,0.0,0.0,0.0,0.0,0.0,0.0,3,3,0
2526,Will Campuzano,,Record: 14-6-0,-5,69,125.0,70.0,Orthodox,1986-05-27,2.43,0.31,3.82,0.57,0.88,0.45,0.48,0.2,14,6,0
2527,Mike Campbell,The Beast,Record: 13-4-0,-2,69,155.0,,Southpaw,,1.4,0.26,1.4,0.63,5.26,1.0,0.0,0.0,13,4,0
2528,Shane Campbell,Shaolin,Record: 14-6-0,-3,72,155.0,71.0,Orthodox,1987-01-21,3.99,0.59,3.19,0.55,1.36,0.28,0.82,0.0,14,6,0
2529,Aleksa Camur,,Record: 6-3-0,-3,73,205.0,74.0,Orthodox,1995-09-25,4.73,0.57,4.26,0.54,0.46,0.22,0.5,0.0,6,3,0
2530,Brian Camozzi,Mantis,Record: 7-5-0,-3,74,170.0,78.0,Orthodox,1991-06-24,3.15,0.26,6.39,0.54,0.0,0.0,0.0,0.7,7,5,0
2531,Wagner Campos,Galeto,Record: 12-10-0,-1,66,145.0,,Southpaw,1981-07-31,1.54,0.41,2.53,0.51,2.71,1.0,0.0,0.0,12,10,0
2532,Chris Camozzi,,Record: 24-13-0,-3,74,185.0,75.0,Orthodox,1986-11-20,3.57,0.44,2.96,0.56,0.27,0.19,0.57,0.5,24,13,0
2533,John Campetella,,Record: 0-1-0,-1,69,235.0,,Orthodox,,0.0,0.0,0.0,0.0,0.0,0.0,0.0,0.0,0,1,0
2534,Fabricio Camoes,Morango,Record: 14-9-1,-3,70,155.0,71.0,Orthodox,1978-12-23,1.29,0.33,1.85,0.61,2.34,0.32,0.2,1.5,14,9,1
2535,Cynthia Calvillo,,Record: 9-6-1,-5,64,115.0,64.0,Orthodox,1987-07-13,4.41,0.38,4.12,0.64,1.8,0.44,0.77,0.8,9,6,1
2536,Frank Camacho,The Crank,Record: 22-10-0,-3,70,155.0,73.0,Orthodox,1989-05-18,6.56,0.46,7.44,0.51,1.11,0.31,0.73,0.0,22,10,0
2537,Nicolle Caliari,,Record: 8-2-0,1,63,125.0,62.0,Orthodox,1996-11-04,1.89,0.52,3.16,0.31,6.32,0.66,0.0,6.3,8,2,0
2538,Travis Calanoc,The Dark Knight,Record: 5-1-0,-1,68,145.0,,Orthodox,,0.0,0.0,0.0,0.0,0.0,0.0,0.0,0.0,5,1,0
2539,Joe Camacho,,Record: 13-19-3,-1,69,155.0,,Orthodox,1972-03-10,0.31,0.17,5.0,0.42,0.0,0.0,0.0,0.0,13,19,3
2540,Vince Cachero,The Anomaly,Record: 7-4-0,-2,66,145.0,68.0,Orthodox,1989-11-07,3.29,0.45,6.51,0.43,0.0,0.0,0.18,0.5,7,4,0
2541,Priscila Cachoeira,Zombie Girl,Record: 12-6-0,-2,67,125.0,65.0,Orthodox,1988-08-19,3.76,0.44,7.03,0.43,0.15,0.33,0.65,0.0,12,6,0
2542,Yan Cabral,,Record: 13-3-0,-2,71,155.0,73.0,Orthodox,1983-05-13,2.02,0.47,1.98,0.62,2.89,0.35,0.37,1.2,13,3,0
2543,Alex Caceres,Bruce Leeroy,Record: 21-15-0 (1 NC),-2,70,145.0,73.0,Southpaw,1988-06-20,4.21,0.49,3.09,0.62,0.54,0.68,0.64,0.7,21,15,0 (1 NC)
2544,Alvin Cacdac,,Record: 18-13-0,1,66,125.0,,Orthodox,,1.21,0.66,0.61,0.0,0.0,0.0,0.0,0.0,18,13,0
2545,Andre Ewell,Mr. Highlight,Record: 17-9-0,-3,68,145.0,75.0,Southpaw,1988-01-21,4.28,0.4,4.87,0.51,0.36,0.75,0.72,0.1,17,9,0
2546,Movsar Evloev,,Record: 18-0-0,0,67,145.0,72.0,Orthodox,1994-02-11,4.43,0.48,2.89,0.61,4.75,0.46,0.71,0.2,18,0,0
2547,Tonya Evinger,Triple Threat,Record: 19-8-0 (1 NC),-5,67,135.0,70.0,Orthodox,1981-06-04,1.16,0.42,4.02,0.38,0.93,0.3,0.33,0.9,19,8,0 (1 NC)
2548,Doug Evans,,Record: 13-10-0,-2,69,155.0,,Orthodox,1980-10-10,1.79,0.35,2.55,0.55,3.19,0.83,0.69,0.6,13,10,0
2549,Rashad Evans,Suga,Record: 19-8-1,-5,72,205.0,75.0,Orthodox,1979-09-25,2.14,0.37,2.42,0.63,2.98,0.44,0.73,0.0,19,8,1
2550,Dan Evensen,The Viking,Record: 11-4-0,-2,75,250.0,,Orthodox,1974-06-01,0.27,0.1,3.86,0.38,0.0,0.0,0.0,4.0,11,4,0
2551,Ashlee Evans-Smith,Rebel Girl,Record: 6-6-0,-3,68,135.0,67.0,Orthodox,1987-07-09,4.03,0.34,4.59,0.53,0.95,0.22,0.5,0.0,6,6,0
2552,Fred Ettish,,Record: 1-1-0,-1,72,180.0,,Southpaw,,0.0,0.0,0.0,0.0,0.0,0.0,0.0,0.0,1,1,0
2553,Sijara Eubanks,SarJ,Record: 8-7-0,-1,64,125.0,67.0,Orthodox,1985-04-27,4.3,0.43,3.43,0.57,1.9,0.44,0.66,0.3,8,7,0
2554,Achilles Estremadura,,Record: 7-1-0,-1,70,155.0,68.0,Orthodox,1992-03-11,3.2,0.43,3.27,0.7,0.0,0.0,0.0,0.0,7,1,0
2555,Shaun Etchell,The Buzzsaw,Record: 7-3-0,-1,67,125.0,68.0,Switch,1993-08-05,0.0,0.0,0.0,0.0,4.37,1.0,1.0,0.0,7,3,0
2556,Billy Evangelista,,Record: 13-3-0 (1 NC),-2,68,155.0,68.0,Orthodox,1980-10-07,4.51,0.4,3.96,0.61,1.6,0.19,0.61,0.2,13,3,0 (1 NC)
2557,Rafael Estevam,Macapa,Record: 12-0-0,2,68,125.0,69.0,Orthodox,1996-08-10,2.94,0.64,3.35,0.34,3.35,0.19,0.0,0.7,12,0,0
2558,Jordan Espinosa,The Gamer,Record: 15-9-0 (1 NC),-2,66,125.0,69.0,Orthodox,1989-11-08,4.22,0.52,2.94,0.57,0.75,0.28,0.7,0.2,15,9,0 (1 NC)
2559,Terry Etim,,Record: 16-5-0,-2,73,155.0,73.0,Orthodox,1986-01-11,2.16,0.35,2.53,0.67,0.43,0.3,0.39,1.4,16,5,0
2560,Evan Esguerra,,Record: 8-7-0 (1 NC),-1,0,145.0,,,,0.0,0.0,0.0,0.0,0.0,0.0,0.0,0.0,8,7,0 (1 NC)
2561,Jodie Esquibel,,Record: 6-6-0,-4,61,115.0,64.0,Orthodox,1986-05-07,4.1,0.31,7.37,0.52,0.75,0.21,0.83,0.0,6,6,0
2562,Carla Esparza,Cookie Monster,Record: 20-7-0,0,61,115.0,63.0,Orthodox,1987-10-10,2.16,0.4,2.69,0.55,3.22,0.35,0.47,0.3,20,7,0
2563,Juan Espino,El Guapo,Record: 11-2-0,-1,75,255.0,80.0,Orthodox,1980-10-09,2.38,0.7,1.95,0.4,8.93,0.78,0.5,2.4,11,2,0
2564,Pro Escobedo,,Record: 1-0-0,1,0,205.0,,,,0.0,0.0,0.0,0.0,0.0,0.0,0.0,0.0,1,0,0
2565,Cole Escovedo,Apache Kid,Record: 17-9-0,-4,67,135.0,72.0,Orthodox,1981-08-30,1.77,0.43,4.32,0.49,0.43,0.33,0.13,0.0,17,9,0
2566,Efrain Escudero,Hecho En Mexico,Record: 28-12-0,-2,69,155.0,71.0,Orthodox,1986-01-15,2.92,0.44,2.3,0.63,1.31,0.4,0.66,0.8,28,12,0
2567,Eric Esch,Butterbean,Record: 15-10-1,2,71,350.0,,Orthodox,1968-08-03,3.07,0.71,1.74,0.43,0.0,0.0,0.0,2.0,15,10,1
2568,Bobby Escalante,,Record: 5-6-0,1,0,130.0,,,,0.0,0.0,0.0,0.0,0.0,0.0,0.0,0.0,5,6,0
2569,Nick Ertl,,Record: 8-6-0,-1,69,155.0,,,,1.34,0.69,1.59,0.41,1.88,0.5,0.0,0.0,8,6,0
2570,Jarno Errens,,Record: 14-6-1,-1,71,145.0,73.0,Orthodox,1994-11-17,3.29,0.44,3.29,0.61,0.0,0.0,0.33,0.3,14,6,1
2571,Tom Erikson,The Big Cat,Record: 9-4-1,-1,75,280.0,,Orthodox,,0.94,0.47,1.87,0.25,4.68,0.6,1.0,6.2,9,4,1
2572,Julian Erosa,Juicy J,Record: 30-12-0,2,73,145.0,74.0,Southpaw,1989-07-31,6.18,0.48,6.31,0.48,1.69,0.48,0.58,0.8,30,12,0
2573,Steve Erceg,Astroboy,Record: 12-3-0,-2,68,125.0,68.0,Orthodox,1995-07-27,4.37,0.48,4.22,0.53,1.16,0.26,0.6,0.5,12,3,0
2574,Josh Epps,,Record: 6-7-0,-1,0,130.0,,,1986-08-23,0.0,0.0,0.0,0.0,0.0,0.0,0.0,0.0,6,7,0
2575,Konstantin Erokhin,,Record: 9-3-0,-2,71,230.0,,Orthodox,1983-01-31,1.07,0.36,1.83,0.47,0.0,0.0,0.7,0.0,9,3,0
2576,Won Jin Eoh,,Record: 5-5-1,-1,67,160.0,,Orthodox,,3.74,0.44,3.58,0.46,0.0,0.0,0.5,0.0,5,5,1
2577,Andy Enz,Tank Mode,Record: 10-4-0,-3,75,185.0,78.0,Orthodox,1991-08-15,3.51,0.23,5.32,0.57,0.0,0.0,0.58,0.0,10,4,0
2578,Ian Entwistle,Enty,Record: 9-3-0,-1,65,135.0,,Orthodox,1986-11-19,0.11,0.07,7.36,0.31,0.0,0.0,0.0,12.1,9,3,0
2579,Kenny Ento,Tha' Dragon,Record: 14-15-0,1,74,192.0,,,,8.41,0.79,0.0,1.0,5.49,1.0,0.0,11.0,14,15,0
2580,Oliver Enkamp,,Record: 7-2-0,-2,72,170.0,77.0,Switch,1991-08-10,2.38,0.36,3.55,0.37,0.87,0.16,0.0,0.0,7,2,0
2581,Kolton Englund,White Assassin,Record: 9-4-0,-1,70,155.0,69.0,Orthodox,1993-07-09,2.31,0.25,11.54,0.4,0.0,0.0,0.0,0.0,9,4,0
2582,Aleksander Emelianenko,,Record: 23-7-0,-1,78,255.0,,Orthodox,1981-08-02,2.75,0.41,1.7,0.65,2.32,0.72,0.66,0.9,23,7,0
2583,Josh Emmett,CC0,Record: 19-4-0,1,66,145.0,70.0,Orthodox,1985-03-04,4.04,0.36,4.61,0.61,0.91,0.37,0.46,0.1,19,4,0
2584,Jamall Emmers,Pretty Boy,Record: 20-8-0,-1,70,145.0,74.0,Orthodox,1989-07-24,5.3,0.48,4.05,0.57,1.83,0.4,0.9,0.2,20,8,0
2585,Ramazan Emeev,Gorets,Record: 20-6-0,-2,70,170.0,76.0,Southpaw,1987-05-23,2.53,0.45,2.14,0.65,2.37,0.29,0.66,0.7,20,6,0
2586,Fedor Emelianenko,The Last Emperor,Record: 36-5-0 (1 NC),3,72,230.0,74.0,Orthodox,1976-09-28,3.18,0.51,1.0,0.63,2.0,0.63,0.82,1.9,36,5,0 (1 NC)
2587,Rob Emerson,The Saint,Record: 18-12-0 (1 NC),-1,69,155.0,70.0,Orthodox,1981-07-30,2.5,0.3,2.83,0.64,2.02,0.52,0.65,0.4,18,12,0 (1 NC)
2588,Cameron Else,Camchida,Record: 10-6-0,-2,69,135.0,71.0,Switch,1987-04-27,1.99,0.4,8.09,0.51,0.0,0.0,0.0,0.0,10,6,0
2589,Oban Elliott,The Welsh Gangster,Record: 11-2-0,3,72,170.0,72.0,Orthodox,1997-12-19,3.82,0.47,2.24,0.61,2.67,0.5,0.72,0.0,11,2,0
2590,Anna Elmose,Panda,Record: 3-2-0,-2,63,115.0,,Orthodox,1984-10-06,3.68,0.49,4.64,0.56,0.0,0.0,0.33,0.0,3,2,0
2591,Tim Elliott,,Record: 21-13-1,1,67,125.0,66.0,Southpaw,1986-12-24,3.39,0.44,2.66,0.56,3.73,0.47,0.59,1.0,21,13,1
2592,Eddy Ellis,Fast,Record: 21-16-1 (1 NC),1,69,170.0,,Orthodox,,3.4,0.69,1.53,0.68,4.0,0.66,0.5,2.0,21,16,1 (1 NC)
2593,Lisa Ellis,,Record: 15-11-0,-3,64,115.0,,,1982-11-15,1.68,0.48,2.32,0.57,4.19,0.63,0.5,0.6,15,11,0
2594,Joe Ellenberger,Excalibur,Record: 15-2-0,-1,69,155.0,72.0,Orthodox,1985-03-28,1.62,0.47,3.45,0.48,3.17,0.4,0.0,1.1,15,2,0
2595,Joao Elias,Alicate,Record: 17-4-1 (1 NC),-1,63,125.0,64.0,Southpaw,1995-01-08,0.4,0.5,6.47,0.2,0.0,0.0,0.5,0.0,17,4,1 (1 NC)
2596,Jake Ellenberger,The Juggernaut,Record: 31-15-0,-4,69,170.0,71.0,Orthodox,1985-03-28,2.47,0.39,2.83,0.6,2.04,0.47,0.86,0.4,31,15,0
2597,Per Eklund,,Record: 14-5-1,-1,70,155.0,72.0,Orthodox,,2.07,0.61,2.38,0.67,2.07,0.11,0.5,3.6,14,5,1
2598,Darren Elkins,The Damage,Record: 28-11-0,0,70,145.0,71.0,Orthodox,1984-05-16,3.44,0.38,3.27,0.52,2.85,0.35,0.56,1.1,28,11,0
2599,Evan Elder,The Phenom,Record: 9-2-0,2,70,155.0,72.0,Switch,1997-04-11,5.02,0.49,4.79,0.57,0.63,0.2,0.33,0.6,9,2,0
2600,Jon Olav Einemo,The Viking,Record: 6-3-0,-3,78,253.0,,Orthodox,1975-12-10,2.15,0.52,3.05,0.52,1.73,0.55,0.43,0.0,6,3,0
2601,Stephanie Egger,,Record: 8-5-0,-2,66,135.0,68.0,Orthodox,1988-08-12,2.2,0.46,2.48,0.52,2.48,0.42,0.5,0.6,8,5,0
2602,Justin Eilers,The Hammer,Record: 19-7-1,-1,73,235.0,,Orthodox,1978-06-28,2.86,0.43,5.66,0.49,0.82,0.25,0.5,0.0,19,7,1
2603,Tom Egan,,Record: 7-5-0,-1,71,170.0,,Orthodox,,0.0,0.0,3.91,0.5,0.0,0.0,0.28,0.0,7,5,0
2604,Te Edwards,,Record: 6-3-0,-2,68,155.0,72.0,Orthodox,1990-09-11,1.5,0.41,4.15,0.44,0.72,1.0,0.44,0.0,6,3,0
2605,Joselyne Edwards,La Pantera,Record: 13-6-0,0,68,135.0,70.0,Orthodox,1995-09-29,4.35,0.51,3.29,0.49,0.88,0.33,0.6,0.4,13,6,0
2606,Leon Edwards,Rocky,Record: 22-4-0 (1 NC),-1,74,170.0,74.0,Southpaw,1991-08-25,2.68,0.53,2.37,0.53,1.25,0.36,0.65,0.4,22,4,0 (1 NC)
2607,Johnny Eduardo,,Record: 28-13-0,-3,67,135.0,71.0,Orthodox,1978-08-03,2.95,0.39,3.22,0.63,0.22,0.2,0.58,0.4,28,13,0
2608,Abdul-Kerim Edilov,,Record: 17-4-0,1,74,205.0,,Orthodox,1991-11-25,10.22,0.61,0.13,0.92,3.98,1.0,0.0,2.0,17,4,0
2609,Justin Edwards,Fast Eddy,Record: 9-5-0,-3,70,155.0,70.0,Orthodox,1983-01-26,2.68,0.42,3.32,0.51,2.14,0.26,0.27,1.0,9,5,0
2610,Mark Eddiva,,Record: 6-3-0,-3,68,145.0,68.0,Orthodox,1986-02-16,3.37,0.45,2.98,0.54,1.45,0.22,0.63,0.0,6,3,0
2611,Yves Edwards,,Record: 42-22-1 (1 NC),-2,69,155.0,73.0,Southpaw,1976-09-30,2.91,0.42,2.34,0.66,0.76,0.53,0.69,0.7,42,22,1 (1 NC)
2612,Frankie Edgar,The Answer,Record: 23-11-1,-3,66,135.0,68.0,Orthodox,1981-10-16,3.77,0.4,2.82,0.65,2.29,0.31,0.65,0.3,23,11,1
2613,Brian Ebersole,Bad Boy,Record: 51-18-1 (1 NC),-1,72,170.0,73.0,Southpaw,1980-11-27,2.32,0.49,2.14,0.56,1.7,0.23,0.61,0.1,51,18,1 (1 NC)
2614,Ross Ebanez,The Boss,Record: 20-10-0 (3 NC),-1,69,154.0,,Southpaw,1975-05-18,0.74,0.5,0.74,0.62,3.7,1.0,0.0,0.0,20,10,0 (3 NC)
2615,Maurice Eazel,,Record: 7-15-0,-1,67,135.0,,,,0.0,0.0,0.0,0.0,0.0,0.0,0.0,0.0,7,15,0
2616,Roybert Echeverria,The Unbroken,Record: 7-1-0,-1,65,125.0,67.0,Switch,1995-08-21,2.95,0.53,2.52,0.57,0.0,0.0,0.71,2.6,7,1,0
2617,Mike Easton,The Hulk,Record: 13-6-0,-4,66,135.0,70.0,Southpaw,1984-01-25,3.51,0.37,4.28,0.61,0.75,0.22,0.66,0.0,13,6,0
2618,Mike Guymon,The Joker,Record: 15-6-1,-2,72,170.0,74.0,Orthodox,1974-09-17,2.75,0.65,0.79,0.66,1.87,0.37,0.54,1.2,15,6,1
2619,Ben Earwood,,Record: 12-3-0,1,68,170.0,,Orthodox,,0.5,0.55,0.2,0.33,3.0,1.0,0.0,0.0,12,3,0
2620,Marvin Eastman,The Beastman,Record: 18-15-1,-1,69,185.0,73.0,Orthodox,1971-06-08,2.21,0.35,3.92,0.42,1.38,0.33,0.81,0.0,18,15,1
2621,Mando Gutierrez,El Toro,Record: 7-2-0,-1,66,135.0,70.0,Southpaw,1997-02-24,0.8,0.75,1.33,0.5,1.0,1.0,0.4,1.0,7,2,0
2622,Cody East,The Freight Train,Record: 12-3-0,-2,75,245.0,,Orthodox,1988-06-29,4.15,0.43,7.32,0.4,3.97,1.0,0.16,0.0,12,3,0
2623,Horacio Gutierrez,The Punisher,Record: 4-3-0,-2,70,145.0,,,1990-09-15,0.86,0.26,2.91,0.46,0.0,0.0,0.5,0.0,4,3,0
2624,Andreas Gustafsson,Bane,Record: 11-2-0,1,73,170.0,73.0,Orthodox,1991-02-20,4.56,0.77,3.12,0.43,3.6,0.66,1.0,0.0,11,2,0
2625,Andre Gusmao,,Record: 6-3-0,-2,72,205.0,,Orthodox,1977-05-19,2.79,0.43,3.28,0.6,0.0,0.0,0.6,0.0,6,3,0
2626,Alexander Gustafsson,The Mauler,Record: 18-8-0,-4,77,205.0,79.0,Orthodox,1987-01-15,4.03,0.4,3.53,0.51,1.53,0.39,0.83,0.4,18,8,0
2627,Bogdan Guskov,Czarevitch,Record: 16-3-0,2,75,205.0,76.0,Orthodox,1992-09-12,3.13,0.48,3.7,0.47,0.0,0.0,0.66,0.0,16,3,0
2628,Chris Gutierrez,El Guapo,Record: 21-6-2,1,69,135.0,67.0,Orthodox,1991-04-22,4.72,0.59,2.64,0.64,0.26,0.3,0.71,0.1,21,6,2
2629,John Gunderson,Quick Guns,Record: 35-16-2,-1,69,155.0,69.0,Orthodox,1979-01-05,1.04,0.27,1.71,0.58,1.67,0.33,0.11,2.0,35,16,2
2630,Gugun Gusman,The Tiger,Record: 8-4-0,-1,67,135.0,68.0,Orthodox,1990-03-03,0.88,0.27,6.18,0.41,0.0,0.0,0.33,0.0,8,4,0
2631,Fabio Gurgel,,Record: 3-2-0,-1,72,205.0,,Orthodox,,0.0,0.0,0.0,0.0,0.0,0.0,0.0,0.0,3,2,0
2632,John Gunther,The Machine,Record: 5-1-0,-1,69,155.0,72.0,Orthodox,1985-11-24,1.65,0.37,3.72,0.46,7.08,0.42,0.0,0.0,5,1,0
2633,Jorge Gurgel,,Record: 14-10-0,-2,67,155.0,69.0,Orthodox,1977-01-25,3.37,0.32,3.62,0.62,0.81,0.23,0.6,0.5,14,10,0
2634,Brad Gumm,,Record: 10-6-1 (1 NC),0,71,170.0,,Orthodox,,0.0,0.0,0.0,0.0,0.0,0.0,0.0,0.0,10,6,1 (1 NC)
2635,Leonardo Guimaraes,Leleco,Record: 11-5-0 (1 NC),-2,72,185.0,,Orthodox,1982-04-15,2.35,0.56,2.99,0.44,0.0,0.0,0.52,1.0,11,5,0 (1 NC)
2636,Marcelo Guimaraes,Magrao,Record: 9-2-1,-1,72,185.0,73.0,Orthodox,1983-06-25,4.67,0.51,4.41,0.62,1.99,0.13,0.0,0.0,9,2,1
2637,Melvin Guillard,The Young Assassin,Record: 32-18-2 (3 NC),-1,69,155.0,71.0,Orthodox,1983-03-30,2.96,0.4,1.85,0.66,1.3,0.63,0.61,0.2,32,18,2 (3 NC)
2638,Chris Guillen,,Record: 13-16-0,-1,72,240.0,,Orthodox,1972-12-09,0.82,0.27,1.91,0.36,0.0,0.0,0.0,0.0,13,16,0
2639,Jason Guida,,Record: 19-28-0 (2 NC),-1,70,214.0,,,1977-08-04,1.87,0.4,3.33,0.52,1.0,0.14,0.5,1.0,19,28,0 (2 NC)
2640,Rainn Guerrero,Purple Rainn,Record: 5-2-0,-1,66,125.0,65.0,Orthodox,1992-05-13,0.65,0.33,0.87,0.5,3.27,1.0,0.0,0.0,5,2,0
2641,Nandor Guelmino,The Hun,Record: 11-5-1,-2,75,230.0,,,1975-12-20,3.62,0.56,3.16,0.33,0.0,0.0,0.42,0.0,11,5,1
2642,Shannon Gugerty,,Record: 15-7-0,-2,70,155.0,71.0,Orthodox,1981-12-30,1.25,0.39,1.88,0.58,2.13,0.27,0.5,3.4,15,7,0
2643,Mike Grundy,,Record: 12-4-0,-3,67,145.0,72.0,Orthodox,1987-01-03,2.09,0.45,4.45,0.56,4.06,0.28,0.5,0.4,12,4,0
2644,Wang Guan,The Dongbei Tiger,Record: 20-1-1,1,69,145.0,71.0,Orthodox,1986-03-14,4.73,0.43,3.27,0.6,0.0,0.0,0.0,0.0,20,1,1
2645,Clay Guida,The Carpenter,Record: 38-21-0,-2,67,155.0,70.0,Orthodox,1981-12-08,2.64,0.33,3.01,0.61,3.13,0.36,0.67,0.6,38,21,0
2646,Chris Gruetzemacher,Gritz,Record: 15-5-0,-1,68,155.0,68.0,Orthodox,1986-06-16,6.18,0.57,4.96,0.52,0.21,0.5,0.65,0.0,15,5,0
2647,Neil Grove,Goliath,Record: 12-8-1,-1,78,265.0,,Orthodox,1971-01-18,0.0,0.0,0.0,0.0,0.0,0.0,1.0,14.3,12,8,1
2648,Garrett Gross,,Record: 11-7-0,-1,69,155.0,,Orthodox,1988-08-08,2.39,0.45,1.67,0.46,0.0,0.0,0.52,0.0,11,7,0
2649,Vik Grujic,The Spartan,Record: 6-6-0,-2,71,170.0,73.0,Orthodox,1977-02-06,2.24,0.48,3.39,0.41,1.18,0.33,0.26,0.4,6,6,0
2650,Kendall Grove,Da Spyder,Record: 23-17-0 (1 NC),-2,78,185.0,79.0,Orthodox,1982-11-12,2.31,0.41,2.4,0.54,0.49,0.45,0.56,1.7,23,17,0 (1 NC)
2651,Maxim Grishin,Maximus,Record: 32-10-2,-1,75,205.0,78.0,Orthodox,1984-05-02,3.26,0.52,2.27,0.58,0.21,0.16,0.66,0.0,32,10,2
2652,Josh Grispi,The Fluke,Record: 14-5-0,-4,71,145.0,74.0,Orthodox,1988-10-14,1.44,0.41,3.71,0.5,1.97,0.36,0.16,2.2,14,5,0
2653,Rodrigo Gripp de Sousa,Riscado,Record: 7-9-0,-1,71,205.0,,Orthodox,,0.48,0.23,4.81,0.52,0.0,0.0,0.0,9.6,7,9,0
2654,Charalampos Grigoriou,Ferocious,Record: 8-5-0,-2,67,135.0,67.0,Orthodox,1992-03-31,2.62,0.48,3.97,0.46,2.62,0.8,0.9,0.0,8,5,0
2655,Alex Hunter,,Record: 2-0-0,2,69,226.0,,Orthodox,,0.0,0.0,0.0,0.0,0.0,0.0,0.0,0.0,2,0,0
2656,Joe Hurley,,Record: 12-5-0,-3,68,155.0,,,1978-06-24,1.12,0.45,3.35,0.56,0.0,0.0,0.2,0.0,12,5,0
2657,Chuck Grigsby,The Reverend,Record: 23-10-0,-1,78,205.0,,Orthodox,,0.71,0.16,3.29,0.46,0.0,0.0,0.66,0.0,23,10,0
2658,Mark Hunt,Super Samoan,Record: 13-14-1 (1 NC),-3,70,265.0,72.0,Orthodox,1974-03-23,2.81,0.43,2.9,0.51,0.51,0.55,0.64,0.2,13,14,1 (1 NC)
2659,Harry Hunsucker,The Hurricane,Record: 7-6-0,-4,74,205.0,75.0,Orthodox,1989-01-03,3.54,0.52,6.53,0.42,0.0,0.0,0.0,2.0,7,6,0
2660,Abongo Humphrey,,Record: 7-3-0,-2,71,205.0,,Orthodox,,1.45,0.4,3.83,0.46,1.41,0.37,0.33,3.8,7,3,0
2661,David Hulett,Hollywood,Record: 22-10-0,-1,70,170.0,,,1980-09-07,0.0,0.0,0.0,0.0,0.0,0.0,0.0,0.0,22,10,0
2662,Victor Hugo,Striker,Record: 25-4-0,2,67,135.0,71.0,Orthodox,1992-11-22,3.46,0.51,2.25,0.61,0.67,0.5,0.87,1.4,25,4,0
2663,Solomon Hutcherson,King,Record: 11-7-0 (1 NC),-1,71,185.0,,Southpaw,1972-08-31,2.59,0.39,2.59,0.64,3.53,1.0,0.0,0.0,11,7,0 (1 NC)
2664,Mark Hughes,,Record: 6-2-0,1,69,205.0,,Southpaw,1973-10-13,0.9,0.47,0.4,0.42,3.0,0.5,0.0,4.5,6,2,0
2665,Matt Hughes,,Record: 45-9-0,-2,69,170.0,73.0,Switch,1973-10-13,2.14,0.53,1.36,0.53,2.95,0.5,0.35,1.2,45,9,0
2666,Sam Hughes,Sampage,Record: 9-6-0,1,65,115.0,64.0,Orthodox,1992-06-28,4.33,0.46,4.46,0.56,0.85,0.3,0.6,0.0,9,6,0
2667,Roger Huerta,El Matador,Record: 23-9-1 (1 NC),-2,69,155.0,70.0,Orthodox,1983-05-20,3.64,0.36,2.33,0.56,2.13,0.46,0.52,0.5,23,9,1 (1 NC)
2668,Bryan Humes,,Record: 6-2-0,1,0,265.0,,,,0.0,0.0,0.0,0.0,0.0,0.0,0.0,0.0,6,2,0
2669,Casey Huffman,Hellbent,Record: 3-1-0,-1,75,185.0,,,,0.0,0.0,0.0,0.0,0.0,0.0,0.0,0.0,3,1,0
2670,Collin Huckbody,All In,Record: 8-2-0,1,75,185.0,76.0,Orthodox,1994-09-29,2.05,0.6,2.73,0.42,10.23,1.0,0.0,20.4,8,2,0
2671,Jeff Hughes,Lights Out,Record: 10-4-0 (1 NC),-2,74,250.0,77.0,Orthodox,1988-05-17,3.95,0.51,3.67,0.6,0.71,0.5,0.45,0.0,10,4,0 (1 NC)
2672,Shane Howell,,Record: 13-10-0,-2,68,125.0,,Orthodox,1983-11-28,1.27,0.32,2.55,0.42,0.0,0.0,0.2,0.0,13,10,0
2673,Austin Hubbard,Thud,Record: 17-7-0,1,70,155.0,71.0,Orthodox,1991-12-22,4.11,0.45,3.74,0.56,1.75,0.5,0.65,0.0,17,7,0
2674,Hu Yaozong,Totoro,Record: 3-3-0,-3,75,185.0,72.0,Orthodox,1995-04-07,3.35,0.48,5.09,0.35,0.0,0.0,0.33,0.4,3,3,0
2675,Brady Huang,The Kung Fu Warrior,Record: 11-2-0,-1,69,135.0,69.0,Orthodox,1992-12-16,4.62,0.37,10.77,0.3,0.0,0.0,0.0,0.0,11,2,0
2676,Carlos Huachin,Perro Malo,Record: 10-5-1,-2,64,135.0,67.0,Southpaw,1996-06-04,2.1,0.21,4.8,0.5,0.0,0.0,0.66,0.0,10,5,1
2677,John Howard,Doomsday,Record: 24-13-0,-1,67,170.0,72.0,Orthodox,1983-03-01,2.15,0.5,3.08,0.51,2.7,0.49,0.53,0.4,24,13,0
2678,Trey Houston,,Record: 11-4-0,1,71,185.0,,,,0.0,0.0,0.0,0.0,0.0,0.0,0.0,0.0,11,4,0
2679,Jeff Hougland,Hellbound,Record: 10-6-0,-2,67,135.0,68.0,Orthodox,1978-08-02,1.86,0.48,3.46,0.47,0.86,0.18,0.0,1.1,10,6,0
2680,Luciano Azevedo,,Record: 17-9-1,-1,75,161.0,,Orthodox,1981-06-25,0.76,0.45,1.97,0.27,2.28,0.11,0.0,0.0,17,9,1
2681,Ottman Azaitar,Bulldozer,Record: 13-2-0,-2,68,155.0,71.0,Switch,1990-02-20,5.73,0.51,4.96,0.48,0.0,0.0,1.0,0.0,13,2,0
2682,Hunter Azure,,Record: 9-2-0,-1,68,145.0,69.0,Orthodox,1992-03-02,3.92,0.53,2.08,0.58,1.97,0.34,0.67,1.3,9,2,0
2683,Luiz Azeredo,,Record: 15-10-0,-3,69,154.0,,Orthodox,1976-06-10,2.16,0.39,2.76,0.57,1.07,0.5,0.45,0.3,15,10,0
2684,Abu Azaitar,Captain Morocco,Record: 14-4-1,-2,69,185.0,76.0,Orthodox,1986-03-10,4.38,0.43,4.32,0.51,1.0,0.37,0.42,0.0,14,4,1
2685,Jessin Ayari,,Record: 16-6-0,-3,72,155.0,73.0,Orthodox,1992-05-31,3.53,0.37,3.59,0.58,0.0,0.0,0.5,0.3,16,6,0
2686,Harold Howard,,Record: 1-3-0,-2,74,240.0,,Orthodox,,0.0,0.0,0.0,0.0,0.0,0.0,0.0,0.0,1,3,0
2687,Brian Houston,B-Hue,Record: 4-6-0,-2,74,185.0,,Orthodox,1981-04-26,1.9,0.35,3.67,0.53,0.95,1.0,0.87,0.0,4,6,0
2688,Julia Avila,Raging Panda,Record: 9-3-0,-1,67,135.0,68.0,Orthodox,1988-05-11,2.59,0.43,2.86,0.5,0.54,0.33,0.5,0.3,9,3,0
2689,Anthony Avila,,Record: 13-5-0,1,67,145.0,,,1988-12-29,0.0,0.0,0.0,0.0,0.0,0.0,0.0,0.0,13,5,0
2690,David Avellan,,Record: 2-1-0,-1,69,185.0,,Orthodox,,3.33,0.25,10.0,0.57,0.0,0.0,0.0,0.0,2,1,0
2691,Chris Avila,,Record: 5-4-0,-2,70,145.0,,Orthodox,1993-01-16,2.37,0.3,4.17,0.48,0.0,0.0,0.46,0.0,5,4,0
2692,Saad Awad,Assassin,Record: 20-9-0,-1,71,155.0,,,1983-06-07,2.13,0.26,1.87,0.6,0.5,0.16,1.0,0.5,20,9,0
2693,Marcus Aurelio,Maximus,Record: 22-10-0,-4,70,155.0,74.0,Orthodox,1973-08-18,1.42,0.33,2.27,0.59,1.69,0.27,0.27,1.3,22,10,0
2694,Blas Avena,The Disciple,Record: 8-7-0 (1 NC),-1,72,170.0,74.0,Orthodox,1983-06-30,2.34,0.47,3.36,0.43,2.37,0.8,0.5,1.8,8,7,0 (1 NC)
2695,Levi Avera,,Record: 18-15-0,-1,73,170.0,,,1982-05-17,0.0,0.0,0.0,0.0,0.0,0.0,0.0,0.0,18,15,0
2696,Pat Audinwood,Awesomely Awesome,Record: 11-2-1,-2,72,155.0,,Orthodox,1986-04-16,1.17,0.12,4.31,0.41,0.8,0.5,0.0,0.0,11,2,1
2697,Bazigit Atajev,Volk,Record: 17-1-0,-1,73,230.0,,Orthodox,,0.87,0.41,3.14,0.49,1.0,0.33,0.0,0.0,17,1,0
2698,Rich Attonito,The Raging Bull,Record: 10-5-0,-1,70,170.0,72.0,Orthodox,1977-06-16,2.28,0.47,2.13,0.59,0.74,0.37,0.75,0.0,10,5,0
2699,Michael Aswell,The Texas Kid,Record: 9-2-0,-1,68,145.0,69.0,Orthodox,2000-09-27,10.33,0.5,6.8,0.52,0.0,0.0,0.57,0.0,9,2,0
2700,Olivier Aubin-Mercier,The Canadian Gangster,Record: 11-5-0,-3,69,155.0,70.0,Southpaw,1989-02-23,2.48,0.51,2.97,0.55,2.36,0.33,0.7,0.5,11,5,0
2701,Raphael Assuncao,,Record: 28-10-0,-1,65,135.0,66.0,Orthodox,1982-07-19,3.22,0.42,2.5,0.66,1.65,0.39,0.78,0.2,28,10,0
2702,Bruno Assis,Brunao,Record: 8-4-0,-1,74,185.0,,Orthodox,1992-05-23,1.27,0.43,3.2,0.36,2.0,0.5,0.66,1.0,8,4,0
2703,Junior Assuncao,,Record: 16-6-0,-1,69,145.0,72.0,Orthodox,1981-06-24,3.31,0.62,2.06,0.44,2.43,0.24,0.66,0.7,16,6,0
2704,Scott Askham,,Record: 14-4-0,-2,75,185.0,75.0,Southpaw,1988-05-20,3.03,0.46,3.52,0.52,0.44,0.18,0.65,0.7,14,4,0
2705,Ibo Aslan,The Last Ottoman,Record: 13-1-0,0,75,205.0,77.0,Orthodox,1996-04-23,6.83,0.45,4.53,0.64,0.0,0.0,1.0,0.0,13,1,0
2706,Tom Aspinall,,Record: 15-3-0,3,77,256.0,78.0,Orthodox,1993-04-11,8.07,0.67,2.89,0.65,3.27,1.0,1.0,1.6,15,3,0
2707,Khusein Askhabov,Nohcho,Record: 23-1-0,-1,68,145.0,69.0,Orthodox,1995-02-13,2.0,0.26,4.13,0.56,0.0,0.0,0.66,0.0,23,1,0
2708,Askar Askarov,Bullet,Record: 14-1-1,-1,66,125.0,67.0,Orthodox,1992-10-09,3.05,0.54,2.8,0.57,2.6,0.24,0.66,0.4,14,1,1
2709,Ben Askren,Funky,Record: 19-2-0 (1 NC),-2,71,170.0,73.0,Orthodox,1984-07-18,3.64,0.49,5.66,0.36,4.33,0.55,0.0,0.9,19,2,0 (1 NC)
2710,Cyril Asker,Silverback,Record: 9-4-0,-1,72,247.0,74.0,Orthodox,1985-12-24,3.35,0.39,5.82,0.35,4.41,0.62,1.0,0.9,9,4,0
2711,Yanal Ashmouz,Red Fox,Record: 8-1-0,1,69,155.0,69.0,Orthodox,1995-03-31,2.94,0.5,4.54,0.55,4.8,0.5,0.6,0.0,8,1,0
2712,Jordan Griffin,Native Psycho,Record: 18-9-0,-2,70,145.0,73.0,Southpaw,1990-02-28,2.52,0.46,3.02,0.5,1.45,0.35,0.42,1.9,18,9,0
2713,Chad Griggs,The Grave Digger,Record: 11-3-0,-2,73,205.0,73.0,Orthodox,1978-05-15,2.67,0.5,2.22,0.46,1.51,0.66,0.41,0.0,11,3,0
2714,Matt Grice,The Real One,Record: 15-5-0,-1,68,145.0,70.0,Orthodox,1981-07-29,4.09,0.53,2.69,0.56,2.19,0.37,0.82,0.5,15,5,0
2715,Forrest Griffin,,Record: 19-7-0,1,75,205.0,77.0,Orthodox,1979-03-16,4.38,0.36,2.81,0.61,1.05,0.48,0.57,0.7,19,7,0
2716,Tyson Griffin,,Record: 16-8-0,-1,66,145.0,68.0,Orthodox,1984-04-20,3.71,0.41,2.3,0.65,1.87,0.46,0.59,0.9,16,8,0
2717,Max Griffin,Pain,Record: 20-10-0,1,71,170.0,76.0,Orthodox,1985-11-29,3.92,0.49,3.81,0.57,1.45,0.41,0.68,0.3,20,10,0
2718,Maurice Greene,The Crochet Boss,Record: 9-7-0,-2,79,258.0,80.0,Orthodox,1986-07-05,3.28,0.45,3.61,0.45,0.0,0.0,0.27,0.4,9,7,0
2719,Gabe Green,Gifted,Record: 11-5-0,-2,70,155.0,73.0,Switch,1993-05-02,6.28,0.45,6.95,0.47,0.83,0.5,0.53,0.3,11,5,0
2720,King Green,,Record: 32-16-1 (1 NC),-1,70,155.0,71.0,Orthodox,1986-09-09,6.43,0.53,3.73,0.62,1.23,0.39,0.74,0.3,32,16,1 (1 NC)
2721,Desmond Green,The Predator,Record: 23-8-0,2,70,155.0,73.0,Southpaw,1989-10-11,3.7,0.46,2.51,0.69,1.62,0.5,0.75,0.0,23,8,0
2722,Sam Greco,,Record: 3-1-1,-1,74,205.0,,Orthodox,1967-05-03,2.4,0.75,1.33,0.53,0.0,0.0,0.25,1.0,3,1,1
2723,James Gray,The Phenom,Record: 4-1-0,-1,69,135.0,,Orthodox,1987-10-25,2.61,0.5,18.26,0.44,0.0,0.0,0.0,0.0,4,1,0
2724,Shelton Graves,The Gravedigger,Record: 7-3-0,1,74,255.0,76.0,Southpaw,1985-10-23,2.19,0.69,0.81,0.33,4.86,0.57,0.0,0.0,7,3,0
2725,Kevin Gray,Pocket Herc,Record: 9-4-0,-1,64,125.0,67.0,Orthodox,1985-05-03,3.45,0.62,4.48,0.66,0.0,0.0,0.0,0.0,9,4,0
2726,Michael Graves,,Record: 6-0-1,0,70,170.0,71.0,Orthodox,1991-01-08,1.25,0.54,1.47,0.58,4.8,0.52,0.66,0.4,6,0,1
2727,Alexa Grasso,,Record: 16-4-1,-1,65,125.0,66.0,Orthodox,1993-08-09,4.19,0.41,3.69,0.58,0.44,0.4,0.54,0.7,16,4,1
2728,Tony Gravely,,Record: 23-9-0,-2,65,135.0,69.0,Orthodox,1991-09-28,3.82,0.48,4.47,0.44,5.4,0.41,0.52,0.3,23,9,0
2729,Scott Graham,,Record: 3-1-0,1,76,185.0,,Orthodox,,0.91,0.42,2.27,0.28,0.0,0.0,0.0,0.0,3,1,0
2730,Dwight Grant,The Body Snatcher,Record: 11-6-0,-3,73,185.0,76.0,Switch,1984-09-14,3.29,0.36,2.66,0.6,0.61,1.0,0.66,0.0,11,6,0
2731,Bogdan Grad,The Unleashed,Record: 14-2-0,1,68,145.0,70.0,Orthodox,1995-09-28,6.35,0.47,10.25,0.49,2.75,0.42,0.0,0.0,14,2,0
2732,TJ Grant,,Record: 21-5-0,5,70,155.0,72.0,Orthodox,1984-02-26,3.95,0.54,3.21,0.56,1.63,0.43,0.36,0.6,21,5,0
2733,Davey Grant,Dangerous,Record: 15-7-0,-1,68,135.0,69.0,Orthodox,1985-12-18,4.77,0.42,3.82,0.55,1.26,0.41,0.61,0.2,15,7,0
2734,Kron Gracie,,Record: 5-2-0,-2,69,145.0,70.0,Southpaw,1988-07-11,3.74,0.44,6.82,0.53,0.47,0.25,0.0,0.5,5,2,0
2735,Steven Graham,,Record: 2-1-0,-1,73,290.0,,Orthodox,,0.0,0.0,0.0,0.0,0.0,0.0,0.0,0.0,2,1,0
2736,Miranda Granger,Danger,Record: 7-3-0,-3,67,115.0,68.0,Orthodox,1992-04-13,2.79,0.47,2.57,0.57,0.0,0.0,0.33,0.0,7,3,0
2737,Roger Gracie,,Record: 8-2-0,-1,76,185.0,79.0,Orthodox,1981-09-26,1.78,0.35,1.79,0.61,1.87,0.53,0.6,1.9,8,2,0
2738,Rolles Gracie,,Record: 8-4-0,-1,76,242.0,,Orthodox,1978-07-14,2.3,0.32,3.38,0.55,2.3,0.1,0.0,0.0,8,4,0
2739,Igor Gracie,,Record: 5-4-0,1,71,170.0,,,1980-02-04,1.86,0.6,0.99,0.5,3.72,0.5,0.0,3.7,5,4,0
2740,Ralek Gracie,,Record: 3-1-0,2,74,210.0,,Orthodox,1985-10-04,1.61,0.46,1.05,0.55,2.5,0.75,0.0,1.7,3,1,0
2741,Rodrigo Gracie,,Record: 6-2-1,-1,72,183.0,,Orthodox,1975-04-11,1.34,0.51,0.86,0.46,1.49,0.5,0.75,0.4,6,2,1
2742,Royler Gracie,,Record: 5-5-1,-1,68,150.0,,Southpaw,1965-12-06,0.0,0.0,0.0,0.0,0.0,0.0,0.0,0.0,5,5,1
2743,Cesar Gracie,,Record: 0-1-0,-1,70,181.0,,Orthodox,,0.0,0.0,17.14,0.5,0.0,0.0,0.0,0.0,0,1,0
2744,Ryan Gracie,,Record: 5-2-0,4,69,200.0,,Orthodox,1974-08-14,0.82,0.61,0.5,0.4,2.83,0.75,0.25,0.9,5,2,0
2745,Rickson Gracie,,Record: 11-0-0,2,70,185.0,,Switch,1958-11-20,0.0,0.0,0.0,0.0,0.0,0.0,0.0,0.0,11,0,0
2746,Crosley Gracie,,Record: 2-2-0,-1,69,190.0,,Orthodox,1979-07-18,1.69,0.37,1.54,0.6,3.46,0.85,0.5,0.6,2,2,0
2747,Ralph Gracie,,Record: 6-1-0,-1,69,183.0,,Orthodox,,0.86,0.37,1.72,0.31,0.0,0.0,0.25,4.0,6,1,0
2748,Renzo Gracie,,Record: 13-7-1 (1 NC),-1,70,185.0,,Orthodox,1967-03-11,1.71,0.41,1.67,0.55,1.13,0.2,0.4,0.8,13,7,1 (1 NC)
2749,Daniel Gracie,,Record: 5-4-1,1,74,225.0,,Orthodox,,1.9,0.38,1.33,0.59,0.36,1.0,0.8,2.1,5,4,1
2750,Royce Gracie,,Record: 15-2-3,1,73,175.0,,Southpaw,1966-12-12,0.88,0.41,1.13,0.37,0.0,0.0,0.66,0.8,15,2,3
2751,Wilson Gouveia,,Record: 14-8-0,-2,73,185.0,76.0,Orthodox,1978-10-03,3.02,0.39,4.06,0.56,0.9,0.66,0.57,2.2,14,8,0
2752,Damian Grabowski,The Polish Pitbull,Record: 20-5-0,-3,73,241.0,75.0,Orthodox,1980-05-12,4.0,0.36,7.65,0.51,0.0,0.0,0.0,0.0,20,5,0
2753,Thibault Gouti,GT,Record: 12-5-0,-2,70,155.0,72.0,Orthodox,1987-02-27,3.68,0.34,5.64,0.5,1.23,0.8,0.83,0.3,12,5,0
2754,John Hosman,,Record: 18-8-1,-2,70,135.0,,Southpaw,1980-11-13,1.11,0.38,1.52,0.45,0.0,0.0,0.46,0.0,18,8,1
2755,Todd Gouwenberg,,Record: 9-5-0,-1,73,205.0,,Orthodox,1974-09-25,0.52,0.23,2.93,0.42,1.57,0.33,0.5,0.0,9,5,0
2756,Matt Horwich,Suave,Record: 30-25-1,-3,73,185.0,,Orthodox,1978-10-02,1.11,0.62,2.16,0.38,0.33,0.09,0.28,2.7,30,25,1
2757,Saeed Hosseini,,Record: 0-1-0,-1,0,,,,,0.0,0.0,0.0,0.0,0.0,0.0,0.0,0.0,0,1,0
2758,Jamey-Lyn Horth,,Record: 6-1-0,0,67,125.0,66.0,Orthodox,1990-03-30,3.97,0.62,3.53,0.57,0.5,0.25,0.7,0.0,6,1,0
2759,Matt Horning,Horndog,Record: 20-25-0 (1 NC),-1,64,125.0,,,,0.0,0.0,0.0,0.0,0.0,0.0,0.0,0.0,20,25,0 (1 NC)
2760,Yuma Horiuchi,Ichiban,Record: 9-5-0,-1,66,125.0,67.0,Switch,1997-09-22,3.73,0.3,5.0,0.35,2.0,0.16,0.0,2.0,9,5,0
2761,Kyoji Horiguchi,,Record: 19-2-0,3,65,125.0,66.0,Orthodox,1990-10-12,3.6,0.45,2.45,0.62,2.0,0.44,0.55,0.0,19,2,0
2762,Yoshinori Horie,,Record: 8-2-0,-1,68,145.0,70.0,Orthodox,1995-05-10,2.76,0.49,5.65,0.48,0.0,0.0,0.0,0.0,8,2,0
2763,Moti Horenstein,,Record: 1-6-0,-2,76,230.0,,Orthodox,,0.0,0.0,0.0,0.0,0.0,0.0,0.0,0.0,1,6,0
2764,Hugo Govea,,Record: 0-1-0,-1,0,,,,,0.0,0.0,0.0,0.0,0.0,0.0,0.0,0.0,0,1,0
2765,Darrell Horcher,The Saint,Record: 13-4-0,-2,70,155.0,70.0,Southpaw,1987-07-28,2.05,0.44,4.21,0.39,0.35,0.5,0.47,0.7,13,4,0
2766,Jeremy Horn,Gumby,Record: 91-22-5 (1 NC),-3,73,185.0,74.0,Orthodox,1975-08-25,1.19,0.39,1.99,0.55,1.83,0.38,0.29,1.1,91,22,5 (1 NC)
2767,Jonathan Goulet,The Road Warrior,Record: 23-12-0 (1 NC),-2,72,170.0,73.0,Orthodox,1979-07-13,1.61,0.41,2.01,0.46,4.17,0.7,0.45,0.6,23,12,0 (1 NC)
2768,David Hood,,Record: 1-3-0,-1,72,200.0,,,,0.0,0.0,0.0,0.0,0.0,0.0,0.0,0.0,1,3,0
2769,Lorenzo Hood,Dream Killer,Record: 14-5-0 (1 NC),-1,75,265.0,80.0,Southpaw,1989-03-02,2.64,0.61,4.66,0.11,0.0,0.0,1.0,0.0,14,5,0 (1 NC)
2770,Chris Horodecki,The Polish Hammer,Record: 21-7-1 (1 NC),-1,69,155.0,69.0,Orthodox,1987-09-24,4.59,0.41,3.16,0.65,1.52,0.55,0.37,0.9,21,7,1 (1 NC)
2771,Dan Hooker,The Hangman,Record: 24-12-0,3,72,155.0,75.0,Switch,1990-02-13,5.03,0.48,4.72,0.51,0.73,0.34,0.78,0.3,24,12,0
2772,Satoshi Honma,,Record: 4-6-3,-2,73,205.0,,Orthodox,1968-05-19,0.0,0.0,0.0,0.0,0.0,0.0,0.0,0.0,4,6,3
2773,Chase Hooper,The Dream,Record: 14-3-1,3,73,155.0,74.0,Southpaw,1999-09-13,5.08,0.52,3.33,0.36,1.45,0.24,0.55,2.3,14,3,1
2774,SeongChan Hong,Honey Badger,Record: 9-2-0 (2 NC),-1,67,155.0,69.0,Orthodox,1989-11-28,6.57,0.55,8.76,0.47,0.0,0.0,0.0,0.0,9,2,0 (2 NC)
2775,JunYoung Hong,Drunken Red,Record: 13-8-1,-2,69,145.0,69.0,Orthodox,1990-12-18,2.1,0.39,2.3,0.48,0.0,0.0,0.35,0.0,13,8,1
2776,Barb Honchak,Little Warrior,Record: 10-4-0,-2,64,125.0,65.0,Orthodox,1979-08-30,4.04,0.3,4.67,0.66,0.0,0.0,0.0,1.3,10,4,0
2777,Scott Holtzman,Hot Sauce,Record: 14-6-0,-3,69,155.0,69.0,Orthodox,1983-09-30,4.32,0.47,3.66,0.55,1.88,0.56,0.67,0.2,14,6,0
2778,Ben Holscher,The Teacher,Record: 4-0-0,2,71,155.0,,,,0.0,0.0,0.0,0.0,0.0,0.0,0.0,0.0,4,0,0
2779,Sabah Homasi,,Record: 11-8-0,-4,72,170.0,72.0,Orthodox,1988-10-19,4.98,0.48,6.91,0.47,2.8,0.5,0.66,0.0,11,8,0
2780,Mark Hominick,The Machine,Record: 20-12-0,-4,68,145.0,68.0,Orthodox,1982-07-22,4.08,0.42,4.18,0.69,0.25,0.66,0.71,0.9,20,12,0
2781,Paddy Holohan,The Hooligan,Record: 12-2-1,-1,70,125.0,69.0,Orthodox,1988-05-03,2.13,0.46,2.81,0.46,2.88,0.47,0.71,1.3,12,2,1
2782,Joseph Holmes,Uglyman Joe,Record: 8-4-0,-2,76,185.0,80.0,Orthodox,1995-07-04,2.88,0.53,3.08,0.54,1.49,0.4,0.5,0.8,8,4,0
2783,Mark Holst,Boots,Record: 12-6-0,-2,72,155.0,,Orthodox,1985-08-14,0.25,0.19,1.67,0.47,0.76,1.0,0.6,2.3,12,6,0
2784,Rex Holman,Big Dog,Record: 4-2-0,-1,75,205.0,,Southpaw,,2.75,0.34,7.25,0.4,0.0,0.0,1.0,0.0,4,2,0
2785,Kurt Holobaugh,,Record: 22-8-0 (1 NC),1,71,155.0,70.0,Orthodox,1986-09-08,4.63,0.45,4.35,0.47,0.76,0.33,0.42,0.8,22,8,0 (1 NC)
2786,Kevin Holland,Trailblazer,Record: 26-11-0 (1 NC),0,75,185.0,81.0,Orthodox,1992-11-05,4.25,0.49,3.2,0.5,0.84,0.38,0.54,0.6,26,11,0 (1 NC)
2787,Chris Holdsworth,,Record: 6-0-0,2,71,135.0,,,1987-10-24,1.85,0.29,1.94,0.58,3.38,0.62,1.0,2.0,6,0,0
2788,Roger Hollett,The Hulk,Record: 13-5-0,-2,71,205.0,,Orthodox,1978-10-08,1.83,0.47,6.47,0.34,1.0,0.28,0.3,0.0,13,5,0
2789,Max Holloway,Blessed,Record: 26-7-0,0,71,145.0,69.0,Orthodox,1991-12-04,7.17,0.48,4.72,0.59,0.25,0.53,0.84,0.3,26,7,0
2790,Chris Hofmann,,Record: 9-2-0,-1,72,170.0,72.0,Orthodox,1989-11-18,4.78,0.45,4.63,0.35,3.42,0.42,0.0,0.0,9,2,0
2791,Sam Hoger,The Alaskan Assassin,Record: 10-4-0,-2,74,205.0,,Orthodox,1980-06-28,1.07,0.25,2.25,0.57,1.12,0.38,0.29,1.3,10,4,0
2792,Andrew Holbrook,,Record: 12-3-0,-2,71,155.0,70.0,Southpaw,1986-02-06,2.2,0.49,3.0,0.54,0.85,0.18,0.1,2.1,12,3,0
2793,Bobby Hoffman,The Truth,Record: 36-10-1 (2 NC),-1,74,245.0,,Orthodox,1968-10-28,2.02,0.7,1.32,0.19,1.17,0.5,0.0,1.2,36,10,1 (2 NC)
2794,Holly Holm,The Preacher's Daughter,Record: 15-7-0 (1 NC),-1,68,135.0,69.0,Southpaw,1981-10-17,3.13,0.4,2.92,0.55,0.87,0.3,0.76,0.1,15,7,0 (1 NC)
2795,Kwan Ho Kwak,,Record: 9-2-0,-2,65,135.0,,Switch,1989-06-18,3.29,0.41,3.45,0.47,0.78,1.0,0.26,0.0,9,2,0
2796,Matt Hobar,The Crowbar,Record: 9-3-0,-1,70,135.0,70.0,Southpaw,1987-01-07,3.23,0.42,4.27,0.52,3.66,0.44,0.5,0.0,9,3,0
2797,An Tuan Ho,Highlight,Record: 6-1-0,-1,66,125.0,66.0,Switch,2000-09-27,4.14,0.37,4.97,0.33,0.0,0.0,0.0,0.0,6,1,0
2798,Teddy Ash,Bear,Record: 14-5-0,-1,73,185.0,73.0,Switch,1989-12-27,7.27,0.61,6.8,0.28,0.0,0.0,1.0,0.0,14,5,0
2799,Mizuto Hirota,Pugnus,Record: 18-10-2,-3,67,155.0,67.0,Orthodox,1981-05-05,3.36,0.4,3.5,0.54,1.36,0.5,0.58,0.1,18,10,2
2800,Cesar Arzamendia,Goku,Record: 8-3-0,-2,71,155.0,,Orthodox,1991-01-31,5.37,0.45,5.2,0.56,7.32,0.75,0.0,2.4,8,3,0
2801,Gilles Arsene,,Record: 1-1-0,-1,69,190.0,,Southpaw,,0.06,0.1,2.45,0.32,0.0,0.0,0.0,0.0,1,1,0
2802,Antonio Arroyo,,Record: 9-5-0,-3,75,185.0,73.0,Orthodox,1989-07-01,2.82,0.66,2.02,0.5,1.14,0.41,0.41,0.2,9,5,0
2803,Matt Arroyo,No Regard,Record: 3-3-0,-2,70,170.0,72.0,Orthodox,1982-09-01,1.62,0.47,2.01,0.58,2.12,0.36,1.0,5.3,3,3,0
2804,Akbarh Arreola,El Caballero,Record: 23-11-1,-2,70,155.0,71.0,Southpaw,1983-01-14,2.32,0.45,4.01,0.56,1.07,1.0,0.33,0.4,23,11,1
2805,Chalid Arrab,Die Faust,Record: 7-3-0,-1,71,205.0,,Orthodox,1975-05-28,1.56,0.34,1.63,0.56,3.05,0.75,0.37,1.0,7,3,0
2806,Eli Aronov,The Israeli Tank,Record: 6-1-0,-1,70,185.0,72.0,Orthodox,1996-06-06,8.92,0.68,6.49,0.38,12.16,1.0,0.0,0.0,6,1,0
2807,Austin Arnett,,Record: 16-6-0,-1,72,145.0,72.0,Orthodox,1991-10-22,4.52,0.41,6.38,0.62,0.44,0.18,0.57,0.2,16,6,0
2808,Andrei Arlovski,The Pitbull,Record: 34-24-0 (2 NC),-4,75,240.0,77.0,Orthodox,1979-02-04,3.82,0.45,3.22,0.57,0.37,0.35,0.76,0.2,34,24,0 (2 NC)
2809,Ricardo Arona,The Brazilian Tiger,Record: 14-5-0,-1,71,205.0,,Orthodox,1978-07-17,1.66,0.48,1.15,0.57,2.41,0.48,0.58,1.2,14,5,0
2810,Hashem Arkhagha,,Record: 6-1-0,-1,74,185.0,75.0,Orthodox,1989-09-11,1.84,0.44,8.97,0.43,0.0,0.0,0.5,0.0,6,1,0
2811,Garrett Armfield,,Record: 10-4-0,0,66,135.0,70.0,Orthodox,1996-10-09,5.59,0.55,3.3,0.57,0.0,0.0,0.6,0.4,10,4,0
2812,Joey Armstrong,,Record: 5-2-0,1,0,,,,,0.0,0.0,0.0,0.0,0.0,0.0,0.0,0.0,5,2,0
2813,Dan Argueta,The Determined,Record: 9-2-0 (2 NC),-1,67,135.0,68.0,Southpaw,1993-08-13,2.18,0.45,1.9,0.51,4.45,0.48,0.57,1.6,9,2,0 (2 NC)
2814,Tristan Arenal,,Record: 7-4-0,1,0,155.0,,,,0.0,0.0,0.0,0.0,0.0,0.0,0.0,0.0,7,4,0
2815,Viviane Araujo,Vivi,Record: 12-6-0,0,64,125.0,68.0,Orthodox,1986-11-21,4.11,0.47,4.96,0.56,1.76,0.4,0.78,0.6,12,6,0
2816,Alice Ardelean,,Record: 9-6-0,0,63,115.0,62.0,Orthodox,1992-04-19,3.8,0.54,5.13,0.54,2.0,0.5,1.0,0.0,9,6,0
2817,Julio Arce,,Record: 19-6-0,1,67,145.0,70.0,Southpaw,1989-10-27,4.36,0.36,3.05,0.68,0.46,0.28,0.96,0.3,19,6,0
2818,Igor Araujo,,Record: 25-9-0 (1 NC),-2,73,170.0,77.0,Orthodox,1980-12-06,1.52,0.42,2.86,0.49,0.86,0.15,0.22,0.6,25,9,0 (1 NC)
2819,Kenji Arai,,Record: 15-15-5,-1,70,145.0,,Southpaw,1979-10-05,8.79,0.27,10.29,0.39,0.0,0.0,0.0,0.0,15,15,5
2820,Felipe Arantes,Sertanejo,Record: 18-10-1 (2 NC),-3,68,135.0,73.0,Orthodox,1988-02-09,2.37,0.45,2.66,0.64,0.93,0.47,0.41,0.7,18,10,1 (2 NC)
2821,Romie Aram,,Record: 7-1-0,-1,70,170.0,,Orthodox,1977-12-02,1.8,0.35,2.83,0.5,2.5,0.62,0.83,0.0,7,1,0
2822,Erik Apple,,Record: 10-3-0,-3,72,170.0,,Orthodox,1977-08-26,0.0,0.0,0.54,0.81,0.0,0.0,0.0,8.1,10,3,0
2823,Josh Appelt,,Record: 15-7-0,-1,70,255.0,,Southpaw,1983-06-19,1.35,0.4,11.5,0.32,0.0,0.0,0.33,0.0,15,7,0
2824,Aoriqileng,The Mongolian Murderer,Record: 25-12-0 (1 NC),-1,67,135.0,69.0,Orthodox,1993-06-25,4.65,0.49,5.46,0.48,1.2,0.46,0.58,0.0,25,12,0 (1 NC)
2825,Azunna Anyanwu,Zulu,Record: 14-5-0,-1,73,251.0,,Orthodox,1981-08-05,2.47,0.42,2.47,0.69,0.65,1.0,0.0,0.0,14,5,0
2826,Shinya Aoki,Tobikan Judan,Record: 39-7-0 (1 NC),8,71,154.0,,Southpaw,1983-05-09,0.97,0.58,1.25,0.58,2.54,0.41,0.6,4.0,39,7,0 (1 NC)
2827,Shinsho Anzai,Animal,Record: 10-3-0,-1,67,170.0,70.0,Orthodox,1985-12-01,3.23,0.58,3.75,0.45,1.83,0.16,0.75,0.0,10,3,0
2828,Angelo Antonio,,Record: 1-4-0,-1,0,205.0,,Orthodox,,1.09,0.5,7.64,0.5,0.0,0.0,0.0,0.0,1,4,0
2829,Adam Antolin,Captain Chaos,Record: 12-3-0,1,65,125.0,63.0,Orthodox,1982-02-28,5.73,0.52,5.0,0.69,0.0,0.0,1.0,0.0,12,3,0
2830,Yoji Anjo,Mr. 200%,Record: 0-5-1,-4,71,205.0,,Orthodox,1967-03-28,0.0,0.0,3.13,0.25,0.0,0.0,0.0,0.0,0,5,1
2831,Chad Anheliger,The Monster,Record: 13-7-0,0,66,135.0,64.0,Orthodox,1986-12-01,3.6,0.45,3.11,0.53,0.82,0.3,0.42,0.6,13,7,0
2832,Magomed Ankalaev,,Record: 19-1-1 (1 NC),0,75,205.0,75.0,Orthodox,1992-06-02,3.64,0.53,2.25,0.59,1.02,0.31,0.86,0.0,19,1,1 (1 NC)
2833,Gadzhimurad Antigulov,,Record: 20-8-0,-4,71,205.0,70.0,Orthodox,1987-02-09,2.08,0.55,4.21,0.4,5.08,0.36,0.0,1.4,20,8,0
2834,Collin Anglin,,Record: 8-3-0,-2,69,145.0,71.0,Orthodox,1993-02-20,4.59,0.48,5.54,0.51,2.28,0.66,1.0,0.0,8,3,0
2835,Reese Andy,Riptide,Record: 7-3-0,-2,72,205.0,,Orthodox,1973-03-31,2.87,0.5,3.5,0.58,0.67,0.2,0.4,0.0,7,3,0
2836,Julius Anglickas,,Record: 5-1-0,1,75,205.0,,Orthodox,1991-07-23,4.62,0.78,1.86,0.5,4.47,0.5,0.6,1.1,5,1,0
2837,Angga,The Hitman,Record: 13-3-0,-1,67,145.0,68.0,Orthodox,1989-01-13,3.56,0.38,3.77,0.53,0.0,0.0,0.33,0.0,13,3,0
2838,Rolando Dy,Dy Incredible,Record: 9-7-1 (1 NC),-1,68,145.0,69.0,Orthodox,1990-08-11,3.04,0.37,4.47,0.52,0.3,0.2,0.68,0.0,9,7,1 (1 NC)
2839,Dylan Andrews,The Villain,Record: 18-7-0 (1 NC),-3,73,185.0,74.0,Switch,1979-11-15,2.21,0.5,2.72,0.46,2.83,0.5,0.57,0.4,18,7,0 (1 NC)
2840,David Dvorak,Undertaker,Record: 20-6-0,-3,65,125.0,68.0,Orthodox,1992-06-05,3.48,0.43,3.29,0.59,0.58,0.3,0.7,0.2,20,6,0
2841,Bill Duvall,,Record: 1-2-0,-1,74,185.0,,Southpaw,,0.0,0.0,2.4,0.4,0.0,0.0,0.0,0.0,1,2,0
2842,Matt Dwyer,,Record: 9-4-0,-2,76,170.0,76.0,Orthodox,1989-12-17,2.57,0.34,3.24,0.54,0.44,0.1,0.6,0.0,9,4,0
2843,Rilley Dutro,,Record: 11-4-0,-1,68,125.0,,Orthodox,1987-09-03,4.74,0.54,5.95,0.33,0.0,0.0,0.83,0.0,11,4,0
2844,Luiz Dutra,Besouro,Record: 13-6-1,-2,71,170.0,,Orthodox,1982-05-06,3.92,0.5,4.8,0.41,0.0,0.0,1.0,0.0,13,6,1
2845,Merab Dvalishvili,The Machine,Record: 18-4-0,11,66,135.0,68.0,Orthodox,1991-01-10,4.35,0.42,2.31,0.56,6.09,0.36,0.8,0.3,18,4,0
2846,Reuben Duran,,Record: 11-7-1,-2,67,135.0,71.0,Orthodox,1983-07-02,3.19,0.49,2.61,0.5,0.98,0.23,0.25,0.7,11,7,1
2847,Chase Gormley,,Record: 14-6-0 (1 NC),-2,75,265.0,,Orthodox,,3.6,0.42,6.03,0.44,3.12,0.42,0.0,1.0,14,6,0 (1 NC)
2848,Cody Durden,Custom Made,Record: 17-6-1,1,67,125.0,67.0,Southpaw,1991-03-29,3.35,0.5,3.31,0.5,4.36,0.5,0.73,0.9,17,6,1
2849,Tim Gorman,The Psycho,Record: 9-4-0,-2,65,135.0,,Southpaw,1983-04-29,2.73,0.31,5.57,0.46,1.0,0.09,0.33,0.0,9,4,0
2850,Themba Gorimbo,The Answer,Record: 13-4-0,0,73,170.0,77.0,Orthodox,1991-01-23,2.53,0.69,1.08,0.46,4.04,0.58,0.78,0.0,13,4,0
2851,Alex Gorgees,Hitman,Record: 6-1-0,-1,74,155.0,74.0,Switch,1995-08-11,0.67,0.32,2.27,0.38,0.0,0.0,0.54,0.0,6,1,0
2852,Tresean Gore,Mr. Vicious,Record: 5-2-0,1,72,185.0,75.0,Switch,1994-06-21,3.04,0.53,6.13,0.47,3.04,0.71,0.81,1.2,5,2,0
2853,Malcolm Gordon,X,Record: 14-8-0,-3,67,125.0,71.0,Switch,1990-05-19,2.5,0.45,2.0,0.43,1.72,0.35,0.26,1.0,14,8,0
2854,Tebaris Gordon,Boom,Record: 3-1-0,-1,73,265.0,,Orthodox,1988-07-19,3.53,0.16,49.41,0.22,0.0,0.0,0.0,0.0,3,1,0
2855,Eddie Gordon,Truck,Record: 8-4-0,-3,72,185.0,76.0,Orthodox,1983-07-22,2.03,0.32,2.57,0.6,1.93,0.83,0.63,0.0,8,4,0
2856,Gerard Gordeau,,Record: 2-2-0,-1,77,216.0,,Orthodox,1959-03-30,0.0,0.0,0.0,0.0,0.0,0.0,0.0,0.0,2,2,0
2857,Jared Gordon,Flash,Record: 20-7-0 (1 NC),-1,69,155.0,68.0,Orthodox,1988-09-06,5.75,0.55,3.97,0.56,1.78,0.31,0.62,0.0,20,7,0 (1 NC)
2858,Jordan Goodwin,,Record: 0-0-0,-1,0,155.0,,,,0.0,0.0,0.0,0.0,0.0,0.0,0.0,0.0,0,0,0
2859,Jared Gooden,NiteTrain,Record: 23-9-0,0,72,170.0,77.0,Orthodox,1993-12-05,5.08,0.49,6.68,0.48,0.67,1.0,0.65,0.2,23,9,0
2860,Lyman Good,Cyborg,Record: 21-6-0 (1 NC),-1,72,170.0,74.0,Orthodox,1985-05-26,5.34,0.48,4.01,0.63,0.27,1.0,0.75,0.0,21,6,0 (1 NC)
2861,Kier Gooch,,Record: 2-7-0,-1,0,155.0,,,1986-04-21,0.0,0.0,0.0,0.0,0.0,0.0,0.0,0.0,2,7,0
2862,Gary Goodridge,Big Daddy,Record: 23-22-1,-3,75,249.0,,Orthodox,1966-01-17,1.84,0.56,2.14,0.48,0.4,1.0,0.53,0.8,23,22,1
2863,Erick Gonzalez,The Ghost Pepper,Record: 14-8-0,-3,71,155.0,75.0,Orthodox,1992-01-20,2.4,0.36,8.08,0.4,6.0,0.55,0.5,0.0,14,8,0
2864,Mikey Gonzalez,Rolls,Record: 7-2-0,-1,71,155.0,74.0,Orthodox,1985-08-13,0.91,0.16,14.55,0.11,0.0,0.0,0.0,0.0,7,2,0
2865,Pearl Gonzalez,,Record: 6-3-0,-2,64,115.0,,Orthodox,1986-08-12,2.23,0.37,4.07,0.57,1.04,0.11,0.0,0.5,6,3,0
2866,Nick Gonzalez,The Ghost,Record: 17-12-0 (1 NC),-2,66,155.0,,Orthodox,1981-03-03,0.59,0.2,2.35,0.33,0.0,0.0,0.5,0.0,17,12,0 (1 NC)
2867,Justin Gonzales,J-Train,Record: 6-0-0,1,69,145.0,72.0,Orthodox,1991-04-28,6.67,0.8,0.87,0.43,14.0,0.73,1.0,0.0,6,0,0
2868,Akihiro Gono,,Record: 35-21-8,1,67,170.0,68.0,Switch,1974-10-07,2.18,0.48,2.67,0.63,1.01,0.84,0.46,0.5,35,21,8
2869,Jason Gonzalez,Nicoya,Record: 11-5-0,-2,74,155.0,74.0,Southpaw,1990-02-28,3.06,0.39,3.13,0.58,0.0,0.0,0.3,1.0,11,5,0
2870,Lewis Gonzalez,Lethal,Record: 11-3-0,-1,70,170.0,,Orthodox,1987-09-19,1.4,0.37,1.87,0.41,2.0,0.33,0.62,0.0,11,3,0
2871,Fernando Gonzalez,The Menifee Maniac,Record: 26-14-0,-3,69,170.0,68.0,Southpaw,1983-09-15,4.47,0.47,4.03,0.65,0.86,0.33,0.43,1.4,26,14,0
2872,William Gomis,Jaguar,Record: 13-2-0,0,72,145.0,73.0,Southpaw,1997-06-13,2.62,0.46,1.49,0.75,1.06,0.6,0.81,0.7,13,2,0
2873,Gabriel Gonzaga,Napao,Record: 17-11-0,-1,74,242.0,76.0,Orthodox,1979-05-18,2.12,0.45,2.94,0.57,2.8,0.39,0.66,1.1,17,11,0
2874,Edson Gomez,,Record: 6-2-0,-1,68,170.0,69.0,Switch,1991-02-23,2.66,0.32,8.78,0.45,0.0,0.0,0.0,0.0,6,2,0
2875,Takanori Gomi,The Fireball Kid,Record: 35-14-0 (1 NC),-5,67,155.0,70.0,Southpaw,1978-09-22,3.81,0.41,3.52,0.6,1.23,0.65,0.63,0.8,35,14,0 (1 NC)
2876,Silvana Gomez Juarez,La Malvada,Record: 11-5-0,-1,63,115.0,65.0,Orthodox,1984-12-06,4.26,0.32,4.04,0.61,0.0,0.0,0.3,0.0,11,5,0
2877,Joey Gomez,KO King,Record: 6-2-0,-2,70,135.0,73.0,Orthodox,1986-07-21,2.44,0.28,4.46,0.55,0.62,1.0,0.5,0.0,6,2,0
2878,Luis Gomez,Tiger Junior,Record: 4-1-0,-1,67,145.0,68.0,Orthodox,1995-01-28,1.57,0.33,4.03,0.55,4.48,0.5,0.33,0.0,4,1,0
2879,Ulysses Gomez,Useless,Record: 9-5-0,-2,66,125.0,,Orthodox,1983-05-25,2.72,0.25,3.57,0.68,0.0,0.0,0.0,0.0,9,5,0
2880,Joey Gomez,,Record: 7-1-0,-1,70,155.0,71.0,Orthodox,1989-08-29,3.73,0.49,3.33,0.5,2.0,0.28,0.0,0.0,7,1,0
2881,Denise Gomes,Dee,Record: 9-3-0,1,62,115.0,63.0,Orthodox,1999-12-30,4.48,0.49,3.12,0.5,0.88,0.3,0.66,0.9,9,3,0
2882,Jonny Goh,,Record: 3-4-0,-1,71,155.0,,,,0.0,0.0,0.0,0.0,0.0,0.0,0.0,0.0,3,4,0
2883,Hannah Goldy,24K,Record: 6-4-0,-2,64,115.0,61.0,Orthodox,1992-05-18,5.19,0.47,4.67,0.5,0.66,0.12,0.54,0.2,6,4,0
2884,Amiran Gogoladze,,Record: 14-3-0,-1,73,170.0,74.0,Switch,1997-12-09,1.64,0.66,0.82,0.0,0.0,0.0,0.0,0.0,14,3,0
2885,Frank Gomez,,Record: 10-6-0,-1,70,135.0,67.0,Orthodox,1986-03-31,1.52,0.48,0.79,0.66,1.14,0.6,0.7,0.8,10,6,0
2886,Alan Gomez,,Record: 2-0-0,1,0,155.0,,,,0.0,0.0,0.0,0.0,0.0,0.0,0.0,0.0,2,0,0
2887,David Gomez,,Record: 1-2-0,1,0,155.0,,,1983-08-08,0.0,0.0,0.0,0.0,0.0,0.0,0.0,0.0,1,2,0
2888,Billy Ray Goff,,Record: 9-3-0,-1,70,170.0,72.0,Switch,1998-06-18,8.56,0.46,5.71,0.59,2.01,0.17,1.0,0.0,9,3,0
2889,Marcelo Golm,,Record: 6-3-0,-3,75,249.0,75.0,Orthodox,1992-09-15,4.27,0.58,4.3,0.45,0.45,0.5,0.87,0.5,6,3,0
2890,Kuniyoshi Hironaka,,Record: 23-9-0,-1,70,168.0,70.0,Orthodox,1976-06-17,1.98,0.4,3.01,0.54,1.91,0.3,0.25,0.6,23,9,0
2891,Sergio Gomez,,Record: 10-3-0,-2,66,155.0,,Orthodox,1982-04-29,1.5,0.42,1.16,0.56,2.57,0.66,0.31,0.0,10,3,0
2892,Hatsu Hioki,,Record: 29-10-2,-2,71,145.0,73.0,Orthodox,1983-07-18,2.42,0.42,2.12,0.65,2.55,0.56,0.54,0.6,29,10,2
2893,Branden Lee Hinkle,The Iron Lion,Record: 17-11-0 (1 NC),-2,75,235.0,,Orthodox,1973-07-29,2.61,0.69,3.91,0.26,4.34,0.57,0.66,4.3,17,11,0 (1 NC)
2894,Kailan Hill,,Record: 4-1-0 (1 NC),-1,73,185.0,77.0,Southpaw,1994-12-01,2.6,0.53,4.8,0.37,3.0,0.42,0.0,0.0,4,1,0 (1 NC)
2895,Corey Hill,,Record: 6-9-0,-2,76,155.0,80.0,Orthodox,1978-10-03,3.57,0.46,1.61,0.7,3.02,0.8,1.0,0.0,6,9,0
2896,Jamahal Hill,Sweet Dreams,Record: 12-2-0 (1 NC),-1,76,205.0,79.0,Southpaw,1991-05-19,7.18,0.54,3.51,0.46,0.0,0.0,0.73,0.0,12,2,0 (1 NC)
2897,Tyler Hill,,Record: 8-2-0,-1,75,170.0,,Switch,1991-08-10,3.64,0.39,5.33,0.47,0.0,0.0,0.0,0.0,8,2,0
2898,Isaiah Hill,,Record: 5-7-1 (1 NC),1,70,155.0,,,,4.84,0.5,0.97,0.8,0.0,0.0,0.66,14.5,5,7,1 (1 NC)
2899,Jason High,The Kansas City Bandit,Record: 21-6-0,-1,68,155.0,73.0,Southpaw,1981-10-12,1.28,0.42,1.56,0.48,2.36,0.63,0.37,2.8,21,6,0
2900,Angela Hill,Overkill,Record: 17-14-0,-1,63,115.0,64.0,Orthodox,1985-01-12,5.46,0.49,4.93,0.61,0.76,0.32,0.74,0.1,17,14,0
2901,Lee Higgins,,Record: 2-1-0,-1,0,155.0,,,1980-07-14,1.02,0.26,3.68,0.4,0.0,0.0,0.0,0.0,2,1,0
2902,Marcus Hicks,The Wrecking Ball,Record: 10-4-0 (1 NC),-3,66,155.0,64.0,Southpaw,1975-11-25,1.42,0.43,3.06,0.61,2.7,0.53,0.25,4.0,10,4,0 (1 NC)
2903,Richie Hightower,The Dirty Samurai,Record: 8-4-0 (1 NC),-1,68,170.0,,Orthodox,1974-11-26,4.62,0.35,6.92,0.21,3.46,1.0,1.0,0.0,8,4,0 (1 NC)
2904,Conor Heun,Hurricane,Record: 9-5-0,-1,70,155.0,,Orthodox,1979-02-11,2.92,0.36,3.66,0.54,2.45,0.31,0.33,0.3,9,5,0
2905,Brady Hiestand,Bam Bam,Record: 9-2-0,0,68,135.0,71.0,Orthodox,1999-04-30,2.7,0.5,3.75,0.51,4.8,0.46,0.42,1.1,9,2,0
2906,Jay Hieron,The Thoroughbred,Record: 23-7-0,-2,72,170.0,75.0,Orthodox,1976-07-29,1.66,0.32,1.89,0.61,4.05,0.6,0.66,1.0,23,7,0
2907,Clint Hester,Headbussa,Record: 11-6-0,-3,74,205.0,77.0,Orthodox,1986-11-21,3.36,0.42,3.44,0.56,1.02,0.35,0.6,0.0,11,6,0
2908,Jon Hess,,Record: 1-1-0,1,79,295.0,,,,0.0,0.0,0.0,0.0,0.0,0.0,0.0,0.0,1,1,0
2909,Jimy Hettes,The Kid,Record: 11-3-0,-2,69,145.0,71.0,Southpaw,1987-06-09,3.47,0.57,3.5,0.57,5.2,0.44,0.61,1.4,11,3,0
2910,Paul Herrera,The Bone Crusher,Record: 1-1-0,-1,70,185.0,,Orthodox,,0.0,0.0,0.0,0.0,0.0,0.0,0.0,0.0,1,1,0
2911,Felice Herrig,Lil Bulldog,Record: 14-10-0,-4,64,115.0,65.0,Orthodox,1984-09-18,3.84,0.37,5.19,0.48,1.08,0.28,0.75,0.8,14,10,0
2912,Geane Herrera,La Pulga,Record: 9-3-0,-2,65,125.0,66.0,Orthodox,1990-05-27,1.51,0.31,5.07,0.52,0.83,0.37,0.38,0.6,9,3,0
2913,Heath Herring,The Texas Crazy Horse,Record: 28-16-0 (1 NC),-1,76,250.0,78.0,Orthodox,1978-03-02,2.37,0.5,1.77,0.54,1.22,0.5,0.32,0.7,28,16,0 (1 NC)
2914,Carlos Hernandez,,Record: 9-4-0,-2,68,125.0,67.0,Orthodox,1993-10-25,4.11,0.46,3.8,0.46,1.08,0.17,0.64,0.2,9,4,0
2915,Alvaro Herrera Mendoza,Chango,Record: 9-6-0,-3,72,155.0,74.0,Orthodox,1990-05-14,1.89,0.38,3.4,0.55,0.0,0.0,0.33,1.1,9,6,0
2916,Anthony Hernandez,Fluffy,Record: 12-2-0 (1 NC),0,72,185.0,75.0,Orthodox,1993-10-18,4.3,0.59,3.46,0.45,6.62,0.49,0.63,3.0,12,2,0 (1 NC)
2917,Nohelin Hernandez,Suave,Record: 9-4-0,-2,70,135.0,71.0,Orthodox,1994-03-01,1.32,0.34,2.63,0.52,0.71,0.5,0.37,0.0,9,4,0
2918,Ramiro Hernandez,Junior,Record: 19-9-0,-2,69,135.0,,Orthodox,1986-07-22,2.72,0.28,5.51,0.64,0.0,0.0,0.0,0.0,19,9,0
2919,Alexander Hernandez,The Great Ape,Record: 14-8-0,-2,69,145.0,72.0,Orthodox,1992-10-01,4.33,0.41,4.66,0.55,1.06,0.31,0.59,0.1,14,8,0
2920,Dave Herman,,Record: 22-6-0,-4,76,242.0,77.0,Orthodox,1984-10-03,4.98,0.6,3.78,0.48,1.49,1.0,0.58,0.0,22,6,0
2921,Noe Hernandez,,Record: 5-5-0,-1,0,,,Orthodox,,0.0,0.0,0.0,0.0,0.0,0.0,0.0,0.0,5,5,0
2922,Jack Hermansson,The Joker,Record: 24-8-0,1,73,185.0,77.0,Orthodox,1988-06-10,5.09,0.44,3.69,0.56,1.53,0.3,0.8,0.4,24,8,0
2923,Ed Herman,Short Fuse,Record: 27-16-0 (1 NC),-2,73,205.0,77.0,Orthodox,1980-10-02,3.31,0.48,3.71,0.42,1.96,0.47,0.59,1.0,27,16,0 (1 NC)
2924,Danny Henry,The Hatchet,Record: 12-4-0,-2,72,145.0,73.0,Orthodox,1988-07-17,5.2,0.51,4.16,0.45,0.74,0.33,0.5,2.2,12,4,0
2925,Jai Herbert,Black Country Banger,Record: 13-5-1,1,73,155.0,77.0,Orthodox,1988-05-13,3.16,0.42,3.37,0.52,0.5,0.23,0.59,0.0,13,5,1
2926,Victor Henry,La Mangosta,Record: 24-6-0 (1 NC),0,67,135.0,68.0,Switch,1987-05-04,8.34,0.54,5.62,0.47,0.0,0.0,0.83,0.5,24,6,0 (1 NC)
2927,Luis Henrique,KLB,Record: 10-5-0 (1 NC),-3,74,243.0,74.0,Orthodox,1993-08-21,1.81,0.43,2.22,0.47,3.09,0.36,0.5,1.0,10,5,0 (1 NC)
2928,Jose Henrique,Canela,Record: 5-1-0,-1,75,170.0,79.0,Orthodox,2002-05-23,3.45,0.43,5.79,0.38,0.0,0.0,0.0,0.0,5,1,0
2929,Diego Henrique da Silva,Gaucho,Record: 8-4-0 (1 NC),-1,74,185.0,,Orthodox,1986-08-22,2.53,0.57,3.27,0.3,0.0,0.0,0.63,0.0,8,4,0 (1 NC)
2930,Jermaine Andre,,Record: 14-4-0,2,67,200.0,,Orthodox,,0.0,0.0,0.0,0.0,0.0,0.0,0.0,0.0,14,4,0
2931,Juan Andres Luna,,Record: 12-1-0,-1,67,125.0,72.0,Orthodox,1995-08-20,3.27,0.31,3.0,0.65,0.0,0.0,0.0,0.0,12,1,0
2932,Viscardi Andrade,,Record: 19-6-0,2,71,170.0,75.0,Orthodox,1984-03-08,3.26,0.42,2.77,0.63,1.93,0.5,0.66,0.3,19,6,0
2933,Alex Andrade,El Toro,Record: 10-5-0,-2,71,200.0,,Orthodox,1974-05-14,0.2,0.36,2.6,0.53,0.0,0.0,0.25,0.8,10,5,0
2934,Tatsuya Ando,Kirinji,Record: 14-4-1,-1,64,145.0,68.0,Southpaw,1990-04-26,0.93,0.19,4.93,0.5,0.0,0.0,0.0,0.0,14,4,1
2935,Megan Anderson,,Record: 11-5-0,-1,72,145.0,72.0,Orthodox,1990-02-11,1.76,0.46,3.35,0.37,0.52,0.25,0.53,0.5,11,5,0
2936,Jessica Andrade,Bate Estaca,Record: 26-13-0,-1,61,125.0,62.0,Orthodox,1991-09-25,6.44,0.5,5.51,0.54,2.23,0.54,0.72,0.3,26,13,0
2937,Liam Anderson,,Record: 6-3-0,-1,75,185.0,75.0,Orthodox,1995-01-13,3.0,0.52,6.53,0.31,1.0,0.2,0.5,0.0,6,3,0
2938,Lowell Anderson,,Record: 0-1-0,-1,66,160.0,,Orthodox,,0.0,0.0,0.0,0.0,0.0,0.0,0.0,0.0,0,1,0
2939,Corey Anderson,Overtime,Record: 14-5-0,-1,75,205.0,79.0,Orthodox,1989-09-22,4.43,0.46,2.22,0.59,4.89,0.5,0.83,0.0,14,5,0
2940,Andy Anderson,The Hammer,Record: 0-1-0,-1,66,240.0,,,1974-07-16,0.0,0.0,0.0,0.0,0.0,0.0,0.0,0.0,0,1,0
2941,Bertrand Amoussou,,Record: 1-1-0,1,68,190.0,,Orthodox,,6.75,0.39,2.01,0.83,0.0,0.0,0.0,0.0,1,1,0
2942,Karl Amoussou,The Psycho,Record: 27-7-2,-1,71,185.0,,Orthodox,1985-11-21,1.47,0.34,2.67,0.54,0.0,0.0,0.25,1.0,27,7,2
2943,Matt Andersen,,Record: 14-8-1,-1,74,230.0,,Southpaw,1971-05-29,0.0,0.0,0.0,0.0,0.0,0.0,0.0,0.0,14,8,1
2944,Eryk Anders,Ya Boi,Record: 16-8-0 (1 NC),0,73,185.0,75.0,Southpaw,1987-04-21,3.41,0.47,4.17,0.5,1.79,0.26,0.79,0.1,16,8,0 (1 NC)
2945,Makwan Amirkhani,Mr. Finland,Record: 17-9-0,-2,70,145.0,72.0,Southpaw,1988-11-08,1.33,0.44,2.98,0.46,3.96,0.43,0.35,1.1,17,9,0
2946,Jaqueline Amorim,,Record: 9-1-0,3,63,115.0,68.0,Orthodox,1995-06-24,3.05,0.52,1.72,0.63,1.78,0.28,0.0,5.3,9,1,0
2947,Hyder Amil,The Hurricane,Record: 10-0-0,3,69,145.0,70.0,Switch,1990-05-28,6.31,0.57,2.23,0.61,0.64,0.33,0.78,1.9,10,0,0
2948,Chris Amarante,,Record: 2-0-0,1,0,185.0,,,,0.0,0.0,0.0,0.0,0.0,0.0,0.0,0.0,2,0,0
2949,Alen Amedovski,,Record: 8-4-0,-4,70,185.0,74.0,Orthodox,1988-04-06,0.99,0.3,3.85,0.46,0.0,0.0,0.0,0.0,8,4,0
2950,JJ Ambrose,,Record: 28-7-0 (2 NC),-1,70,170.0,,Orthodox,,3.16,0.69,6.32,0.33,0.0,0.0,0.5,0.0,28,7,0 (2 NC)
2951,Jimmy Ambriz,The Titan,Record: 17-21-1,-3,74,315.0,,Southpaw,1970-01-26,0.83,0.29,3.76,0.4,3.13,0.57,1.0,0.8,17,21,1
2952,Maiara Amanajas dos Santos,,Record: 7-3-0,-1,65,115.0,,Southpaw,1987-07-11,5.53,0.35,24.47,0.33,0.0,0.0,1.0,0.0,7,3,0
2953,Andre Amado,Dida,Record: 6-4-1,-3,72,154.0,,Orthodox,,2.27,0.24,5.91,0.63,0.0,0.0,0.2,0.0,6,4,1
2954,Rafael Alves,The Turn,Record: 20-12-0,-2,68,155.0,68.0,Orthodox,1990-11-14,1.85,0.48,3.3,0.58,0.29,0.25,0.44,1.5,20,12,0
2955,Sam Alvey,Smile'N,Record: 33-18-1 (1 NC),-4,74,185.0,75.0,Southpaw,1986-05-06,3.28,0.44,3.63,0.52,0.06,0.14,0.82,0.1,33,18,1 (1 NC)
2956,Adlan Amagov,Borz,Record: 14-2-1,3,74,170.0,76.0,Orthodox,1986-10-30,3.29,0.47,0.82,0.78,5.84,0.56,1.0,0.0,14,2,1
2957,Amilcar Alves,,Record: 15-12-0,-2,72,170.0,,Southpaw,1988-08-08,0.5,0.46,2.02,0.3,0.0,0.0,0.53,0.0,15,12,0
2958,Warlley Alves,,Record: 15-8-0,-4,71,185.0,72.0,Orthodox,1991-01-04,3.04,0.48,3.95,0.5,1.22,0.5,0.62,0.8,15,8,0
2959,Jaime Alvarez,,Record: 6-1-0,1,68,125.0,69.0,Orthodox,1988-03-08,2.73,0.4,4.53,0.56,1.0,0.33,0.5,0.0,6,1,0
2960,Anthony Alves,,Record: 1-4-0,-1,0,,,,,0.0,0.0,0.0,0.0,0.0,0.0,0.0,0.0,1,4,0
2961,Sean Alvarez,,Record: 4-3-0,-1,72,235.0,,Orthodox,1971-07-14,0.89,0.37,3.25,0.47,0.0,0.0,0.0,0.0,4,3,0
2962,Thiago Alves,Pitbull,Record: 23-15-0,-2,69,170.0,70.0,Orthodox,1983-10-03,3.73,0.41,3.42,0.62,0.71,0.6,0.63,0.3,23,15,0
2963,Patricia Alujas,The Angel,Record: 9-3-0,-1,64,115.0,64.0,Orthodox,1996-05-08,5.83,0.31,9.25,0.44,0.0,0.0,0.0,0.0,9,3,0
2964,Mike Altman,,Record: 1-4-0,-1,70,185.0,,Orthodox,,1.56,0.2,2.08,0.75,0.0,0.0,0.0,0.0,1,4,0
2965,Joel Alvarez,El Fenomeno,Record: 21-3-0,2,75,155.0,77.0,Orthodox,1993-03-02,4.39,0.52,3.36,0.51,0.0,0.0,0.42,1.2,21,3,0
2966,Eddie Alvarez,,Record: 29-6-0 (1 NC),-1,69,155.0,69.0,Orthodox,1984-01-11,4.32,0.41,4.39,0.55,2.92,0.36,0.92,0.5,29,6,0 (1 NC)
2967,Victor Altamirano,El Magnifico,Record: 12-4-0,0,68,125.0,70.0,Switch,1991-01-23,4.55,0.57,3.7,0.54,3.43,0.39,0.63,0.0,12,4,0
2968,Rico Altamirano,,Record: 4-3-0,1,70,170.0,,,,0.0,0.0,0.0,0.0,0.0,0.0,0.0,0.0,4,3,0
2969,Sarah Alpar,Too Sweet,Record: 9-6-0,-2,64,135.0,63.0,Southpaw,1991-06-01,2.36,0.44,6.06,0.38,1.61,0.26,0.2,0.4,9,6,0
2970,Cesar Almeida,Cesinha,Record: 5-1-0,0,73,185.0,74.0,Orthodox,1988-03-28,4.25,0.61,1.88,0.46,0.0,0.0,0.56,0.0,5,1,0
2971,Tom Duquesnoy,Fire Kid,Record: 16-2-0 (1 NC),1,67,135.0,68.0,Orthodox,1993-06-21,3.83,0.45,5.3,0.62,0.42,0.25,0.46,0.0,16,2,0 (1 NC)
2972,Ali AlQaisi,The Royal Fighter,Record: 8-5-0,-2,66,135.0,68.0,Orthodox,1990-09-23,2.43,0.42,1.97,0.56,3.5,0.29,0.6,1.0,8,5,0
2973,Lucas Almeida,,Record: 15-3-0,1,71,145.0,71.0,Orthodox,1991-01-31,4.94,0.43,4.92,0.46,0.0,0.0,0.5,0.0,15,3,0
2974,Albert Duraev,,Record: 16-5-0,-1,71,185.0,75.0,Orthodox,1989-01-05,2.99,0.4,3.01,0.59,1.97,0.29,0.66,0.6,16,5,0
2975,Evan Dunham,,Record: 18-9-1,-3,70,155.0,70.0,Southpaw,1981-12-18,5.33,0.39,3.54,0.61,1.82,0.33,0.79,1.0,18,9,1
2976,Christian Leroy Duncan,CLD,Record: 10-2-0,-1,74,185.0,79.0,Switch,1995-07-24,4.71,0.62,3.57,0.49,0.31,0.14,0.64,0.0,10,2,0
2977,Chris Duncan,The Problem,Record: 11-2-0,0,70,155.0,71.0,Orthodox,1993-05-10,4.88,0.46,3.65,0.49,3.85,0.38,0.33,0.0,11,2,0
2978,Norma Dumont,The Immortal,Record: 12-2-0,5,67,135.0,67.0,Orthodox,1990-10-01,3.86,0.5,2.16,0.65,1.72,0.56,0.72,0.0,12,2,0
2979,Sedriques Dumas,The Reaper,Record: 10-2-0,1,74,185.0,79.0,Orthodox,1995-08-06,2.15,0.48,2.03,0.58,1.31,0.35,0.4,0.3,10,2,0
2980,Kelly Dullanty,Psycho,Record: 4-2-0,-1,68,155.0,,Orthodox,1977-11-04,0.0,0.0,0.67,0.75,0.0,0.0,0.66,0.0,4,2,0
2981,Alexis Dufresne,Sneaky Zebra,Record: 6-3-0,-2,69,135.0,,Orthodox,1990-08-31,1.33,0.27,3.33,0.6,1.5,0.5,0.5,0.0,6,3,0
2982,Jessamyn Duke,The Gun,Record: 3-5-0 (1 NC),-3,71,135.0,73.0,Orthodox,1986-06-24,4.83,0.53,4.43,0.57,1.27,0.36,0.5,1.9,3,5,0 (1 NC)
2983,Isaac Dulgarian,The Midwest Choppa,Record: 7-1-0,1,67,145.0,71.0,Orthodox,1996-07-04,3.37,0.64,1.82,0.41,5.15,0.52,0.0,2.1,7,1,0
2984,Joe Duffy,Irish,Record: 16-5-0,-3,70,155.0,73.0,Orthodox,1988-02-18,2.68,0.34,3.78,0.54,0.96,0.66,0.64,0.7,16,5,0
2985,Todd Duffee,,Record: 9-3-0 (1 NC),0,75,260.0,78.0,Orthodox,1985-12-06,5.93,0.37,2.87,0.56,0.72,0.25,0.9,0.0,9,3,0 (1 NC)
2986,Jack Duffy,The Fury,Record: 7-1-0,0,67,125.0,69.0,Switch,1995-10-02,5.07,0.69,2.13,0.52,0.0,0.0,0.62,0.0,7,1,0
2987,Milana Dudieva,,Record: 11-6-0,-2,63,135.0,,Orthodox,1989-08-04,0.87,0.31,3.43,0.58,2.34,0.45,0.0,0.0,11,6,0
2988,Emily Ducote,Gordinha,Record: 13-9-0,-1,62,115.0,63.0,Orthodox,1994-01-01,7.45,0.52,7.84,0.57,0.2,0.14,0.94,0.0,13,9,0
2989,Matthieu Duclos,,Record: 6-3-0,-1,75,185.0,77.0,Orthodox,1995-04-04,3.93,0.37,6.81,0.46,0.0,0.0,1.0,0.0,6,3,0
2990,Yuneisy Duben,,Record: 6-0-0 (1 NC),1,64,125.0,65.0,Orthodox,1996-07-08,20.55,0.64,11.51,0.41,0.0,0.0,0.0,0.0,6,0,0 (1 NC)
2991,Viktoriia Dudakova,,Record: 8-1-0,-1,65,115.0,67.0,Orthodox,1999-01-26,3.45,0.48,3.77,0.49,2.63,0.36,0.5,0.0,8,1,0
2992,Joe Duarte,,Record: 10-4-0,-1,0,155.0,,,1977-01-25,2.27,0.38,4.0,0.53,3.0,0.5,0.69,1.0,10,4,0
2993,Antonio Duarte,Tigre,Record: 19-7-0,-1,67,135.0,,,,4.55,0.4,4.18,0.57,0.0,0.0,0.6,0.0,19,7,0
2994,Hugo Duarte,,Record: 6-3-0,-2,72,240.0,,Orthodox,1968-08-09,0.0,0.0,0.0,0.0,0.0,0.0,0.0,0.0,6,3,0
2995,Robert Drysdale,,Record: 7-0-0 (1 NC),0,75,205.0,,Orthodox,1981-10-05,0.0,0.0,0.0,0.0,7.32,1.0,0.0,21.9,7,0,0 (1 NC)
2996,Dricus Du Plessis,Stillknocks,Record: 22-2-0,8,73,185.0,76.0,Switch,1994-01-14,6.18,0.49,4.85,0.54,3.04,0.5,0.5,0.9,22,2,0
2997,Tomasz Drwal,Gorilla,Record: 21-5-1,-2,73,205.0,76.0,Orthodox,1982-01-22,3.29,0.38,2.26,0.57,3.55,0.6,0.82,0.4,21,5,1
2998,Chris Drumm,,Record: 0-1-0 (1 NC),0,68,145.0,,,,0.0,0.0,0.0,0.0,0.0,0.0,0.0,0.0,0,1,0 (1 NC)
2999,Kyle Driscoll,KD,Record: 12-3-0,1,71,145.0,74.0,Orthodox,1994-09-23,2.73,0.32,2.6,0.58,2.0,0.18,0.0,0.0,12,3,0
3000,Edson Drago,,Record: 11-7-0,-2,76,220.0,,Orthodox,1977-08-29,1.16,0.4,2.39,0.36,0.0,0.0,0.55,0.0,11,7,0
3001,Derek Downey,,Record: 11-4-0,-1,73,185.0,,Orthodox,1980-04-27,0.32,1.0,3.36,0.12,2.4,0.16,0.0,0.0,11,4,0
3002,Danny Downes,,Record: 8-3-0,-2,72,155.0,72.0,Orthodox,1986-04-08,1.66,0.34,3.53,0.37,0.0,0.0,0.37,0.5,8,3,0
3003,John Dowdy,,Record: 0-1-0,-1,0,,,,,0.0,0.0,0.0,0.0,0.0,0.0,0.0,0.0,0,1,0
3004,John Doyle,The Iron Bull,Record: 11-22-0 (1 NC),-1,71,205.0,,Orthodox,1976-11-21,3.5,0.44,10.51,0.27,0.0,0.0,0.0,0.0,11,22,0 (1 NC)
3005,Felipe dos Santos,Lipe Detona,Record: 8-2-0 (1 NC),-1,67,125.0,70.0,Orthodox,2000-09-11,3.87,0.37,3.78,0.41,0.0,0.0,0.14,0.3,8,2,0 (1 NC)
3006,David Douglas,Tarzan,Record: 9-7-0,-1,71,155.0,,,1981-08-16,0.0,0.0,0.0,0.0,0.0,0.0,0.0,0.0,9,7,0
3007,Rayanne dos Santos,,Record: 14-8-0,0,62,115.0,62.0,Orthodox,1995-06-08,4.36,0.43,5.2,0.61,0.33,0.12,0.88,0.0,14,8,0
3008,Allan Goes,,Record: 10-5-2,-2,72,205.0,,Orthodox,1971-04-20,0.64,0.52,1.35,0.41,1.75,0.4,0.0,2.6,10,5,2
3009,Jason Godsey,,Record: 16-16-0,-2,74,230.0,,Orthodox,,0.0,0.0,0.0,0.0,0.0,0.0,0.0,0.0,16,16,0
3010,Damion Douglas,,Record: 4-1-0,1,0,170.0,,,,0.0,0.0,0.0,0.0,0.0,0.0,0.0,0.0,4,1,0
3011,Loopy Godinez,,Record: 12-5-0,-2,62,115.0,61.0,Orthodox,1993-09-06,4.16,0.48,3.69,0.63,2.95,0.47,0.81,1.0,12,5,0
3012,Clint Godfrey,,Record: 13-3-0,-2,66,135.0,,Southpaw,1982-10-21,0.57,0.31,0.96,0.65,0.85,0.25,0.5,0.0,13,3,0
3013,Mark Godbeer,The Hand Of,Record: 13-4-0,-1,76,240.0,77.0,Orthodox,1983-11-22,3.97,0.53,3.3,0.54,0.0,0.0,0.28,0.0,13,4,0
3014,Acacio Dos Santos,Pequeno,Record: 14-5-0,-1,76,205.0,79.0,Orthodox,1991-09-29,1.27,0.41,1.4,0.43,0.0,0.0,0.31,0.0,14,5,0
3015,Ricky Glenn,The Gladiator,Record: 22-9-2,-3,72,170.0,70.0,Southpaw,1989-04-12,3.79,0.42,4.3,0.51,0.72,0.13,0.69,0.4,22,9,2
3016,Anderson Dos Santos,Berinja,Record: 21-9-0,-1,65,135.0,70.0,Orthodox,1985-07-24,2.7,0.25,5.37,0.49,0.98,0.14,0.66,0.7,21,9,0
3017,Mike Glenn,,Record: 5-6-0,1,0,205.0,,,1977-10-09,0.0,0.0,0.0,0.0,0.0,0.0,0.0,0.0,5,6,0
3018,Tiago dos Santos e Silva,Trator,Record: 20-7-2 (1 NC),-1,69,145.0,70.0,Orthodox,1987-04-12,3.69,0.35,4.23,0.59,0.63,0.11,0.33,0.3,20,7,2 (1 NC)
3019,He-Man Gipson,,Record: 1-2-0,-1,0,,,,,0.0,0.0,0.0,0.0,0.0,0.0,0.0,0.0,1,2,0
3020,Alex Gilpin,,Record: 11-1-0,1,67,145.0,,Orthodox,1992-03-26,6.8,0.54,12.29,0.42,2.17,0.25,0.0,2.2,11,1,0
3021,Eperaim Ginting,The Wolfman,Record: 6-1-0,-1,64,135.0,64.0,Orthodox,1995-11-30,0.0,0.0,0.0,1.0,15.52,1.0,0.0,0.0,6,1,0
3022,Bob Gilstrap,,Record: 5-7-0,-1,75,200.0,,Orthodox,,0.0,0.0,0.0,0.0,0.0,0.0,0.0,0.0,5,7,0
3023,Antonio Dos Santos,Junior Alpha,Record: 6-4-0,-2,70,185.0,,Orthodox,1988-07-21,5.4,0.51,3.94,0.43,0.0,0.0,1.0,0.0,6,4,0
3024,Krishaun Gilmore,,Record: 0-1-0,-1,0,,,,,0.0,0.0,0.0,0.0,0.0,0.0,0.0,0.0,0,1,0
3025,Micheal Gillmore,The Gentleman,Record: 6-5-0,-2,71,170.0,72.0,Orthodox,1987-03-28,2.04,0.57,3.02,0.43,0.0,0.0,0.5,0.0,6,5,0
3026,Jason Gilliam,,Record: 14-9-0,-2,72,170.0,,Orthodox,,0.79,0.33,3.14,0.42,0.0,0.0,0.0,0.0,14,9,0
3027,Joey Gilbert,,Record: 2-3-0,-1,71,155.0,,Orthodox,1976-06-05,0.61,0.42,4.44,0.31,0.0,0.0,0.0,0.0,2,3,0
3028,Kultar Gill,Black Mamba,Record: 12-8-0,-2,72,154.0,,Orthodox,1979-03-24,1.14,0.5,0.4,0.41,1.71,0.66,0.38,0.0,12,8,0
3029,Jesse Gillespie,,Record: 3-2-0,1,0,185.0,,,,0.0,0.0,0.0,0.0,0.0,0.0,0.0,0.0,3,2,0
3030,Gregor Gillespie,The Gift,Record: 14-1-0,1,67,155.0,71.0,Orthodox,1986-11-13,3.74,0.52,2.3,0.57,6.86,0.48,1.0,0.8,14,1,0
3031,Joseph Gigliotti,Capo,Record: 7-2-0,-2,71,185.0,,Orthodox,1993-08-13,1.04,0.39,2.92,0.45,1.56,1.0,0.5,0.8,7,2,0
3032,Trevin Giles,,Record: 16-6-0,0,72,170.0,74.0,Orthodox,1992-08-06,3.27,0.55,2.22,0.58,1.19,0.5,0.71,0.3,16,6,0
3033,Thomas Gifford,The Young Lion,Record: 14-9-0 (2 NC),-2,73,155.0,75.0,Orthodox,1992-07-26,3.97,0.37,6.45,0.37,0.5,0.33,0.33,0.0,14,9,0 (2 NC)
3034,Kenny Giddens,,Record: 12-7-0,1,71,155.0,,,,0.0,0.0,0.0,0.0,0.0,0.0,0.0,0.0,12,7,0
3035,Chase Gibson,El Guero,Record: 9-5-0,-1,70,155.0,72.0,Orthodox,1990-02-07,3.13,0.54,6.4,0.52,0.0,0.0,0.0,0.0,9,5,0
3036,Lee Gibson,Lethal,Record: 12-4-0,1,67,155.0,,,,0.0,0.0,0.0,0.0,0.0,0.0,0.0,0.0,12,4,0
3037,Lance Gibson,Fearless,Record: 4-5-0,-1,69,185.0,,Orthodox,1970-11-20,1.21,0.75,6.44,0.2,0.0,0.0,0.0,0.0,4,5,0
3038,Nick Gibbons,,Record: 2-1-0,-1,70,155.0,,,,0.0,0.0,0.0,0.0,0.0,0.0,0.0,0.0,2,1,0
3039,Cody Gibson,The Renegade,Record: 21-10-0,0,70,135.0,71.0,Orthodox,1987-09-11,3.96,0.44,3.89,0.57,1.61,0.3,0.68,0.4,21,10,0
3040,Joe Giannetti,,Record: 6-1-0,-1,72,155.0,74.0,Southpaw,1995-07-05,1.93,0.38,2.8,0.4,1.0,0.16,0.0,0.0,6,1,0
3041,James Giboo,,Record: 13-5-0,-1,71,170.0,,Orthodox,1978-01-06,1.2,0.27,7.08,0.39,0.0,0.0,0.0,0.0,13,5,0
3042,Karine Gevorgyan,The Princess,Record: 3-3-0,-1,64,125.0,63.0,,1989-03-09,1.2,0.2,1.8,0.76,0.0,0.0,0.0,0.0,3,3,0
3043,Yanis Ghemmouri,The Desert Warrior,Record: 12-3-0,-2,69,135.0,69.0,Orthodox,1995-01-24,2.29,0.38,5.14,0.35,0.0,0.0,0.0,0.0,12,3,0
3044,Christos Giagos,The Spartan,Record: 20-12-0,-2,70,155.0,71.0,Orthodox,1990-01-23,3.03,0.41,3.21,0.5,2.84,0.36,0.52,0.4,20,12,0
3045,Darrel Gholar,,Record: 5-6-0,-1,68,194.0,,Orthodox,,0.0,0.0,0.0,0.0,0.0,0.0,0.0,0.0,5,6,0
3046,Brian Geraghty,Duke,Record: 26-18-1,-1,67,155.0,,Orthodox,1980-11-04,0.47,0.25,9.77,0.36,0.0,0.0,0.5,0.0,26,18,1
3047,Tiki Ghosn,,Record: 10-7-1,1,70,170.0,,Orthodox,1977-02-09,2.78,0.46,2.94,0.58,0.41,0.5,0.61,0.0,10,7,1
3048,Chad George,Savage,Record: 16-8-0,-2,66,135.0,68.0,Southpaw,1982-04-30,1.26,0.5,1.11,0.65,3.08,0.46,0.0,1.3,16,8,0
3049,Derek Getzel,The Pretzel,Record: 8-5-0,-1,72,155.0,,,,0.0,0.0,0.0,0.0,0.0,0.0,0.0,0.0,8,5,0
3050,Charlene Gellner,Princess,Record: 0-4-0,-1,62,125.0,,,,2.01,0.42,3.24,0.43,0.0,0.0,0.0,1.7,0,4,0
3051,Shamil Gaziev,,Record: 13-1-0,1,76,265.0,78.0,Orthodox,1990-02-10,2.43,0.49,3.72,0.44,1.03,0.3,1.0,0.3,13,1,0
3052,Dan Henderson,Hendo,Record: 32-15-0,-1,71,185.0,74.0,Orthodox,1970-08-24,2.44,0.47,2.7,0.51,1.52,0.52,0.57,0.3,32,15,0
3053,Josh Hendricks,,Record: 19-11-0 (1 NC),-1,74,235.0,,Southpaw,1976-08-28,0.98,0.2,11.8,0.29,0.0,0.0,0.0,0.0,19,11,0 (1 NC)
3054,Benson Henderson,Smooth,Record: 24-7-0,2,69,170.0,70.0,Southpaw,1983-11-16,2.93,0.45,1.79,0.63,2.4,0.45,0.63,0.8,24,7,0
3055,Louis Gaudinot,Goodnight,Record: 8-4-0 (1 NC),-1,63,125.0,63.0,Orthodox,1984-08-28,2.34,0.37,6.42,0.48,0.57,0.4,0.31,1.1,8,4,0 (1 NC)
3056,Elisha Helsper,Knuckles,Record: 0-4-0,-1,66,135.0,,Orthodox,1983-02-06,0.0,0.0,0.0,0.0,0.0,0.0,0.0,0.0,0,4,0
3057,Paul Georgieff,,Record: 6-2-0,-1,74,170.0,,Orthodox,1982-09-22,2.55,0.4,2.34,0.35,0.0,0.0,0.0,0.0,6,2,0
3058,Cory Hendricks,,Record: 3-1-0,-1,75,205.0,,Switch,1988-05-10,3.13,0.39,4.07,0.42,0.0,0.0,1.0,0.0,3,1,0
3059,Marcin Held,,Record: 23-7-0,1,69,155.0,71.0,Orthodox,1992-01-18,1.41,0.34,2.02,0.47,2.46,0.46,0.37,1.3,23,7,0
3060,Johny Hendricks,Bigg Rigg,Record: 18-8-0,-2,69,185.0,69.0,Southpaw,1983-09-12,3.49,0.45,3.99,0.53,3.83,0.46,0.63,0.3,18,8,0
3061,Delson Heleno,Pe De Chumbo,Record: 29-10-0,-1,71,185.0,,Orthodox,1977-11-16,0.69,0.75,4.83,0.19,0.0,0.0,0.0,0.0,29,10,0
3062,Ian Heinisch,The Hurricane,Record: 14-5-0,-2,71,185.0,72.0,Orthodox,1988-08-05,3.25,0.5,2.98,0.59,1.02,0.17,0.59,0.7,14,5,0
3063,Jake Hecht,Hitman,Record: 11-4-0,-2,72,170.0,73.0,Orthodox,1984-02-09,3.26,0.47,2.76,0.56,2.04,0.37,0.4,0.0,11,4,0
3064,Chris Heatherly,Stump,Record: 9-4-0 (1 NC),-2,69,155.0,,Orthodox,1987-11-24,1.08,0.45,2.67,0.52,3.39,0.5,1.0,0.7,9,4,0 (1 NC)
3065,Nick Hein,Sergeant,Record: 14-5-0 (1 NC),-3,66,155.0,66.0,Southpaw,1984-04-24,2.65,0.35,3.61,0.59,0.86,0.33,0.83,0.0,14,5,0 (1 NC)
3066,Spencer Hearns,,Record: 1-0-0,1,71,185.0,,,,0.0,0.0,0.0,0.0,0.0,0.0,0.0,0.0,1,0,0
3067,Ryan Healy,The Irish Assassin,Record: 25-14-1,-1,73,155.0,,Orthodox,1983-07-20,1.67,0.35,3.0,0.38,3.0,0.5,0.4,1.0,25,14,1
3068,Dustin Hazelett,McLovin,Record: 12-7-0,-3,73,170.0,76.0,Orthodox,1986-04-29,2.24,0.4,3.51,0.46,0.55,0.5,0.25,4.1,12,7,0
3069,David Heath,,Record: 18-7-0,-3,71,205.0,72.0,Orthodox,1976-02-10,1.48,0.3,5.16,0.49,0.33,0.5,0.57,1.0,18,7,0
3070,Pat Healy,Bam Bam,Record: 34-23-0 (1 NC),-4,72,155.0,72.0,Orthodox,1983-07-20,2.57,0.36,2.57,0.5,3.08,0.37,0.55,1.1,34,23,0 (1 NC)
3071,Josh Haynes,Bring the Pain,Record: 14-11-0,-3,69,170.0,,Orthodox,1977-07-30,1.25,0.22,4.03,0.52,0.94,0.18,0.42,0.0,14,11,0
3072,Gerric Hayes,,Record: 8-11-0,-1,70,,,,,0.0,0.0,0.0,0.0,0.0,0.0,0.0,0.0,8,11,0
3073,James Head,,Record: 9-4-0,-2,73,170.0,73.0,Orthodox,1984-02-09,2.75,0.48,3.11,0.49,0.41,1.0,0.66,0.8,9,4,0
3074,Mike Hayes,,Record: 20-12-2,1,76,230.0,,Orthodox,,4.87,0.55,1.47,0.77,0.0,0.0,0.75,4.0,20,12,2
3075,Tommy Hayden,Wild Card,Record: 11-3-0,-2,69,145.0,,Southpaw,1986-03-11,1.48,0.27,2.05,0.55,3.42,0.33,0.66,0.0,11,3,0
3076,Justin Hawes,The Hawk,Record: 6-9-0,-1,71,205.0,,,1979-01-13,0.0,0.0,3.41,0.37,0.0,0.0,0.0,0.0,6,9,0
3077,Chris Hawk,,Record: 5-10-0,-1,73,205.0,,,,0.0,0.0,0.0,0.0,0.0,0.0,0.0,0.0,5,10,0
3078,Del Hawkins,The Filipino Delight,Record: 22-17-0,-1,65,135.0,,Orthodox,,1.15,0.27,2.01,0.46,0.0,0.0,0.0,0.0,22,17,0
3079,Phil Hawes,No Hype,Record: 12-6-0,-3,72,185.0,77.0,Orthodox,1989-01-08,5.33,0.59,3.72,0.55,2.11,0.34,0.9,0.2,12,6,0
3080,Daiki Hata,DJ Taiki,Record: 17-11-7,-2,66,139.0,,Orthodox,1982-08-24,1.44,0.39,1.42,0.55,0.67,1.0,0.35,0.7,17,11,7
3081,Ahmad Hassanzada,Lion of the Ring,Record: 11-3-0,0,73,155.0,75.0,Orthodox,1996-11-20,2.59,0.34,4.42,0.4,2.5,0.22,0.0,0.0,11,3,0
3082,Hayder Hassan,Hulk,Record: 6-3-0,-2,70,170.0,,,1982-10-20,2.11,0.46,3.16,0.48,0.0,0.0,0.25,0.0,6,3,0
3083,John Hathaway,The Hitman,Record: 17-2-0,-1,73,170.0,75.0,Orthodox,1987-07-23,3.4,0.4,1.8,0.62,2.61,0.43,0.6,0.9,17,2,0
3084,Justin Haskins,,Record: 7-6-0,-2,70,170.0,,Orthodox,1979-08-30,1.51,0.33,2.65,0.54,1.62,0.4,0.52,0.8,7,6,0
3085,Chris Haseman,The Hammer,Record: 20-17-0,-2,71,205.0,,Orthodox,1969-06-02,0.93,0.7,4.67,0.28,0.0,0.0,0.4,2.0,20,17,0
3086,Tomohiko Hashimoto,,Record: 1-4-0,-1,72,250.0,,Orthodox,,0.0,0.0,11.67,0.3,0.0,0.0,0.0,0.0,1,4,0
3087,Takayo Hashi,,Record: 15-6-1,-1,64,135.0,,Orthodox,1977-10-02,2.84,0.26,6.56,0.61,0.0,0.0,0.0,0.0,15,6,1
3088,Hidehiko Hasegawa,,Record: 19-20-6,-1,69,170.0,,,1978-07-13,0.0,0.0,0.0,0.0,0.0,0.0,0.0,0.0,19,20,6
3089,Clay Harvison,Bushwacker,Record: 13-6-0,-2,73,170.0,74.0,Orthodox,1980-09-25,3.29,0.48,3.91,0.58,0.66,1.0,0.68,1.3,13,6,0
3090,Luke Hartwig,,Record: 0-1-0,-1,0,,,,,0.0,0.0,0.0,0.0,0.0,0.0,0.0,0.0,0,1,0
3091,Dale Hartt,,Record: 6-3-0,-1,70,155.0,69.0,Orthodox,1979-04-04,1.14,0.35,1.55,0.66,1.22,1.0,0.25,2.5,6,3,0
3092,Collin Hart,,Record: 6-3-1,-1,73,185.0,,Orthodox,1989-10-12,6.33,0.44,7.53,0.51,2.0,0.16,0.5,0.0,6,3,1
3093,Trevor Harris,,Record: 2-2-0,1,66,145.0,,,,1.73,0.5,0.43,0.75,0.0,0.0,0.5,6.5,2,2,0
3094,Kayla Harrison,,Record: 17-1-0,0,68,135.0,66.0,Southpaw,1990-07-02,7.52,0.71,0.29,0.83,4.42,0.4,1.0,2.2,17,1,0
3095,Carlston Harris,Mocambique,Record: 19-6-0,-1,72,170.0,76.0,Orthodox,1987-07-09,3.18,0.49,2.66,0.52,1.97,0.29,0.55,0.8,19,6,0
3096,Jailton Almeida,Malhadinho,Record: 21-3-0,1,75,205.0,79.0,Orthodox,1991-06-26,2.46,0.64,0.72,0.4,6.85,0.59,0.75,2.6,21,3,0
3097,Estefani Almeida,,Record: 7-3-0,-1,64,125.0,,Orthodox,1988-10-17,3.13,0.37,6.07,0.42,0.0,0.0,0.0,0.0,7,3,0
3098,Ericka Almeida,,Record: 7-3-0,-2,66,115.0,,Orthodox,1989-03-05,1.07,0.39,3.33,0.43,0.5,0.33,0.37,0.0,7,3,0
3099,Magno Almeida,,Record: 10-3-0 (1 NC),-2,72,155.0,,,1985-06-06,1.67,0.36,2.6,0.41,0.0,0.0,0.4,5.0,10,3,0 (1 NC)
3100,John Dave Almanza,The Striker,Record: 6-1-0,-1,67,125.0,67.0,Southpaw,2004-03-22,1.92,0.41,5.75,0.27,0.0,0.0,0.0,0.0,6,1,0
3101,Thomas Almeida,Thominhas,Record: 22-5-0,-4,67,145.0,70.0,Southpaw,1991-07-31,4.84,0.43,4.93,0.61,0.17,0.14,0.75,0.0,22,5,0
3102,Bekzat Almakhan,The Turan Warrior,Record: 11-2-0,-1,67,135.0,68.0,Orthodox,1997-10-08,0.2,0.18,4.53,0.3,0.0,0.0,0.0,0.0,11,2,0
3103,Ricardo Almeida,Big Dog,Record: 13-5-0,-1,72,170.0,74.0,Orthodox,1976-11-29,2.02,0.49,1.2,0.61,3.74,0.38,0.31,1.2,13,5,0
3104,Ben Alloway,Blanco,Record: 18-8-0,-2,71,170.0,76.0,Orthodox,1981-02-19,1.28,0.49,1.9,0.59,0.62,0.5,0.26,0.0,18,8,0
3105,Asu Almabayev,Zulfikar,Record: 20-2-0,0,64,125.0,65.0,Orthodox,1994-01-25,2.36,0.61,1.0,0.58,6.68,0.56,0.0,2.4,20,2,0
3106,Daniel Allen,,Record: 5-0-0,1,72,155.0,75.0,Southpaw,1992-08-10,7.6,0.51,5.87,0.53,2.0,0.66,1.0,0.0,5,0,0
3107,Arnold Allen,Almighty,Record: 20-3-0,1,68,145.0,70.0,Southpaw,1994-01-22,3.45,0.41,2.88,0.61,0.93,0.47,0.75,0.3,20,3,0
3108,Brendan Allen,All In,Record: 24-5-0,0,74,185.0,75.0,Orthodox,1995-12-28,3.98,0.53,3.83,0.47,1.74,0.47,0.58,1.4,24,5,0
3109,George Allen,,Record: 13-19-2,-1,74,205.0,,Open Stance,1967-01-13,0.8,0.38,3.1,0.43,0.0,0.0,0.5,0.0,13,19,2
3110,Leon Aliu,The Albanian Lion,Record: 10-2-0,-1,72,185.0,74.0,Orthodox,1989-07-14,6.32,0.5,10.11,0.38,0.0,0.0,0.0,0.0,10,2,0
3111,John Allan,,Record: 13-7-0 (1 NC),-2,73,205.0,75.0,Orthodox,1993-02-22,3.56,0.42,5.74,0.52,1.4,0.71,0.5,0.8,13,7,0 (1 NC)
3112,Nurullo Aliev,Tajik Eagle,Record: 9-0-0,2,70,155.0,72.0,Orthodox,2000-12-08,2.5,0.51,0.46,0.59,3.06,0.44,0.0,0.0,9,0,0
3113,Royce Alger,,Record: 3-2-0,-2,70,199.0,,Orthodox,,0.0,0.0,0.0,0.0,0.0,0.0,0.0,0.0,3,2,0
3114,Sultan Aliev,,Record: 15-3-0,1,71,170.0,74.0,Orthodox,1984-09-17,1.41,0.45,2.2,0.56,1.76,0.38,1.0,0.0,15,3,0
3115,Ikram Aliskerov,,Record: 15-2-0,-1,72,185.0,76.0,Southpaw,1992-12-07,7.03,0.6,7.27,0.36,1.82,0.33,0.0,1.8,15,2,0
3116,Bill Algeo,Senor Perfecto,Record: 18-9-0,-2,72,145.0,73.0,Switch,1989-06-09,5.88,0.51,4.38,0.47,1.03,0.5,0.55,0.1,18,9,0
3117,Marcio Alexandre Junior,Lyoto,Record: 17-4-0,1,72,185.0,75.0,Southpaw,1989-05-05,1.61,0.45,2.89,0.42,0.35,0.2,0.66,0.7,17,4,0
3118,Olaf Alfonso,,Record: 8-12-0,-4,74,170.0,,Orthodox,1974-08-06,1.65,0.38,4.77,0.53,0.37,0.07,0.22,0.7,8,12,0
3119,Pablo Alfonso,The Hurricane,Record: 9-7-0,1,68,145.0,,,1983-05-09,0.0,0.0,0.0,0.0,0.0,0.0,0.0,0.0,9,7,0
3120,Kenneth Alexander,The Machine,Record: 7-6-0 (1 NC),-1,69,155.0,,Orthodox,1977-09-25,0.88,0.19,2.2,0.66,4.71,0.26,0.0,0.0,7,6,0 (1 NC)
3121,Lucas Alexander,The Lion,Record: 8-4-0,-1,71,145.0,73.0,Orthodox,1995-07-28,5.23,0.55,1.83,0.71,0.0,0.0,0.57,0.0,8,4,0
3122,Jim Alers,The Beast,Record: 13-3-0 (1 NC),-1,69,145.0,71.0,Orthodox,1986-10-14,2.9,0.4,4.38,0.56,2.26,0.41,0.8,0.3,13,3,0 (1 NC)
3123,Houston Alexander,The Assassin,Record: 17-15-1 (2 NC),-4,72,205.0,72.0,Orthodox,1972-03-22,3.06,0.54,3.2,0.52,1.19,0.57,0.33,0.0,17,15,1 (2 NC)
3124,John Alessio,The Natural,Record: 35-17-0 (2 NC),-4,70,155.0,72.0,Orthodox,1979-07-05,2.1,0.39,2.91,0.54,1.85,0.38,0.7,1.2,35,17,0 (2 NC)
3125,Talita Alencar,Problem Child,Record: 5-1-1,-1,61,115.0,58.0,Orthodox,1990-10-17,2.49,0.28,4.8,0.52,2.0,0.13,0.5,0.0,5,1,1
3126,Irina Alekseeva,Russian Ronda,Record: 5-2-0,-1,68,135.0,67.0,Orthodox,1990-06-27,3.84,0.43,3.55,0.48,0.87,0.2,1.0,0.9,5,2,0
3127,JJ Aldrich,,Record: 13-7-0,-1,65,125.0,67.0,Southpaw,1992-09-29,3.88,0.46,4.38,0.6,0.66,0.23,0.66,0.0,13,7,0
3128,Hector Aldana,,Record: 4-3-0,-3,71,170.0,72.0,Orthodox,1988-08-17,3.59,0.38,5.08,0.59,0.93,1.0,0.0,0.0,4,3,0
3129,Jose Alday,Pochito,Record: 14-6-1,-1,67,135.0,68.0,Orthodox,1991-09-14,3.13,0.44,3.13,0.58,0.0,0.0,0.57,0.0,14,6,1
3130,Gilbert Aldana,El Peligro,Record: 6-2-0,-2,73,250.0,,Orthodox,1977-08-25,2.91,0.54,6.26,0.26,2.57,0.4,0.33,0.0,6,2,0
3131,Irene Aldana,,Record: 15-8-0,-1,69,135.0,68.0,Orthodox,1988-03-26,5.19,0.39,6.64,0.56,0.15,0.5,0.77,0.2,15,8,0
3132,Ildemar Alcantara,Marajo,Record: 21-11-0,-1,74,185.0,78.0,Orthodox,1982-11-18,1.93,0.38,2.63,0.5,2.0,0.68,0.81,0.9,21,11,0
3133,Alfonso Alcarez,,Record: 1-3-1,0,63,145.0,,,1970-06-10,0.0,0.0,0.0,0.0,0.0,0.0,0.0,0.0,1,3,1
3134,Jose Aldo,,Record: 32-8-0,0,67,135.0,70.0,Orthodox,1986-09-09,3.63,0.46,3.73,0.6,0.51,0.53,0.91,0.1,32,8,0
3135,Israel Albuquerque,,Record: 0-3-0,-1,0,185.0,,Orthodox,,0.32,0.13,3.34,0.25,0.0,0.0,0.0,0.0,0,3,0
3136,Juan Alcain,,Record: 1-2-0,1,0,,,,,0.0,0.0,0.0,0.0,0.0,0.0,0.0,0.0,1,2,0
3137,Aleksandra Albu,Stitch,Record: 3-2-0,-2,62,115.0,63.0,Orthodox,1990-07-14,4.83,0.47,5.56,0.38,2.27,0.5,0.77,0.4,3,2,0
3138,Iuri Alcantara,Marajo,Record: 35-10-0 (1 NC),-1,69,135.0,71.0,Southpaw,1980-08-04,2.72,0.45,2.79,0.49,1.44,0.62,0.6,0.8,35,10,0 (1 NC)
3139,Wes Albritton,,Record: 0-1-0,-1,70,188.0,,Orthodox,,0.0,0.0,0.0,0.0,0.0,0.0,0.0,0.0,0,1,0
3140,Junior Albini,Baby,Record: 14-6-0,-4,75,264.0,74.0,Orthodox,1991-03-15,3.98,0.51,6.08,0.52,1.54,0.37,1.0,0.0,14,6,0
3141,Brett Albee,,Record: 3-2-0,-1,0,225.0,,,,0.0,0.0,0.0,0.0,0.0,0.0,0.0,0.0,3,2,0
3142,John Albert,Prince,Record: 6-5-0,-4,68,135.0,68.0,Orthodox,1986-10-13,3.05,0.49,2.82,0.35,0.0,0.0,0.5,6.1,6,5,0
3143,Junior Dos Santos,Cigano,Record: 21-9-0,-4,76,238.0,77.0,Orthodox,1984-01-30,4.49,0.47,3.33,0.56,0.3,0.5,0.81,0.1,21,9,0
3144,Geronimo dos Santos,Mondragon,Record: 39-19-0,-1,75,264.0,,Orthodox,1980-08-17,1.09,0.33,8.73,0.41,0.0,0.0,0.33,0.0,39,19,0
3145,Houston Dorr,,Record: 1-2-0,-1,73,210.0,,Orthodox,,0.0,0.0,0.0,0.0,0.0,0.0,0.0,0.0,1,2,0
3146,Dong Huaxiang,,Record: 12-3-0,-1,63,115.0,61.0,Switch,1998-08-21,3.5,0.59,3.13,0.65,4.0,0.44,1.0,0.0,12,3,0
3147,Rafael Dos Anjos,,Record: 32-16-0,0,68,170.0,70.0,Southpaw,1984-10-26,3.48,0.47,3.21,0.6,1.95,0.35,0.55,0.6,32,16,0
3148,OJ Dominguez,,Record: 0-1-0,-1,0,,,,,0.0,0.0,0.0,0.0,0.0,0.0,0.0,0.0,0,1,0
3149,Dennis Dombrow,,Record: 7-5-0 (1 NC),-1,0,145.0,,,1986-03-17,0.0,0.0,0.0,0.0,0.0,0.0,0.0,0.0,7,5,0 (1 NC)
3150,CB Dollaway,The Doberman,Record: 17-9-0,-1,74,185.0,76.0,Orthodox,1983-08-10,2.65,0.47,2.58,0.54,3.55,0.54,0.62,1.2,17,9,0
3151,Cameron Dollar,,Record: 11-5-0,-1,71,155.0,,Orthodox,1987-05-12,5.04,0.38,2.94,0.61,0.0,0.0,0.0,0.0,11,5,0
3152,Cody Donovan,Donnybrook,Record: 8-5-0,-3,75,205.0,74.0,Orthodox,1981-02-20,5.61,0.59,5.44,0.45,1.67,0.28,0.0,1.7,8,5,0
3153,Joe Doerksen,El Dirte,Record: 51-16-0,-2,72,185.0,75.0,Orthodox,1977-10-09,1.43,0.42,2.79,0.5,2.02,0.33,0.33,2.3,51,16,0
3154,Roman Dolidze,,Record: 13-3-0,0,74,185.0,76.0,Orthodox,1988-07-15,3.13,0.42,3.37,0.5,1.26,0.4,0.33,1.1,13,3,0
3155,AJ Dobson,,Record: 7-3-0 (1 NC),-1,73,185.0,76.0,Orthodox,1992-01-18,4.29,0.46,5.31,0.46,1.67,0.75,0.65,0.3,7,3,0 (1 NC)
3156,Shana Dobson,Danger,Record: 4-5-0,-1,66,125.0,69.0,Orthodox,1989-03-30,3.34,0.37,5.2,0.5,0.84,0.5,0.14,0.0,4,5,0
3157,John Dodson,The Magician,Record: 22-12-0,-1,63,135.0,66.0,Orthodox,1984-09-26,3.2,0.4,3.58,0.61,0.71,0.28,0.82,0.0,22,12,0
3158,David Dodd,,Record: 4-7-0,-2,74,200.0,,Orthodox,1973-09-22,0.0,0.0,0.0,0.0,0.0,0.0,0.0,0.0,4,7,0
3159,Drew Dober,,Record: 27-14-0 (1 NC),-2,68,155.0,70.0,Southpaw,1988-10-19,4.39,0.4,4.25,0.51,0.67,0.17,0.56,0.1,27,14,0 (1 NC)
3160,Russell Doane,,Record: 15-8-0,-1,67,135.0,70.0,Orthodox,1986-08-13,1.75,0.4,1.68,0.53,2.11,0.45,0.52,0.8,15,8,0
3161,Helio Dipp,,Record: 6-3-0,-1,77,185.0,,Orthodox,,0.6,0.25,1.8,0.62,0.0,0.0,0.5,0.0,6,3,0
3162,John Dixson,Big John,Record: 15-22-0,-1,72,275.0,,Orthodox,,0.0,0.0,0.0,0.0,0.0,0.0,0.0,0.0,15,22,0
3163,Rico DiSciullo,,Record: 9-2-0 (1 NC),-1,68,135.0,,Orthodox,1986-10-12,1.71,0.33,4.41,0.56,0.0,0.0,0.0,0.0,9,2,0 (1 NC)
3164,Jhonata Diniz,,Record: 8-0-0,0,76,254.0,79.0,Orthodox,1991-06-23,4.09,0.53,2.75,0.55,0.0,0.0,0.7,0.0,8,0,0
3165,Matt Dixon,Magic,Record: 9-1-0,-1,70,170.0,75.0,Switch,1995-10-09,1.97,0.43,4.56,0.37,3.06,0.3,0.0,0.0,9,1,0
3166,Ralph Dillon,Rage,Record: 0-2-1,-1,74,205.0,,Orthodox,,0.34,0.14,0.69,0.6,0.0,0.0,0.0,0.0,0,2,1
3167,Drew Dimanlig,,Record: 3-4-0,-2,0,185.0,,,,3.7,0.73,3.17,0.2,0.0,0.0,0.0,0.0,3,4,0
3168,Rodolfo Marques Diniz,,Record: 23-9-1,-1,66,135.0,,,1984-01-23,1.08,0.32,2.36,0.33,0.0,0.0,0.5,1.8,23,9,1
3169,Ding Meng,The Assassin,Record: 34-9-0,-1,74,170.0,73.0,Orthodox,1994-09-27,3.4,0.5,3.87,0.48,1.0,0.5,0.0,0.0,34,9,0
3170,Kyle Dietz,,Record: 5-2-0,-2,68,135.0,,Orthodox,1986-04-29,1.82,0.45,2.08,0.62,0.0,0.0,0.0,0.0,5,2,0
3171,Seth Dikun,,Record: 9-8-0,-1,70,135.0,69.0,Orthodox,1980-08-05,1.45,0.26,2.18,0.55,0.0,0.0,0.45,0.9,9,8,0
3172,TJ Dillashaw,,Record: 18-5-0,-1,66,135.0,67.0,Orthodox,1986-02-07,5.09,0.41,3.47,0.62,1.56,0.3,0.77,0.8,18,5,0
3173,Josh Diekmann,The Freight Train,Record: 15-8-0 (1 NC),-1,64,246.0,,,1976-10-09,0.28,0.05,8.17,0.25,0.0,0.0,0.0,0.0,15,8,0 (1 NC)
3174,Adrian Diaz,,Record: 11-4-1,-1,70,145.0,,Southpaw,1988-04-26,0.48,0.42,3.84,0.51,2.4,0.5,0.0,0.0,11,4,1
3175,Ozzy Diaz,,Record: 7-2-0,-1,76,185.0,79.0,Orthodox,1990-11-22,1.65,0.32,3.91,0.44,0.0,0.0,0.0,0.0,7,2,0
3176,Michael Diaz,,Record: 1-2-0,-1,0,260.0,,,,0.0,0.0,0.0,0.0,0.0,0.0,0.0,0.0,1,2,0
3177,Victor Dias,Crazy Horse,Record: 11-3-0,-1,66,125.0,69.0,Orthodox,1990-12-26,2.87,0.44,5.8,0.55,5.0,0.41,0.0,0.0,11,3,0
3178,Ryan Diaz,,Record: 13-14-0,-1,0,145.0,,,,0.0,0.0,0.0,0.0,0.0,0.0,0.0,0.0,13,14,0
3179,Hacran Dias,Barnabe,Record: 23-6-1,-3,68,155.0,69.0,Orthodox,1984-06-16,2.08,0.41,3.31,0.55,2.5,0.39,0.76,0.5,23,6,1
3180,Nate Diaz,,Record: 22-13-0,1,72,170.0,76.0,Southpaw,1985-04-16,4.57,0.45,3.77,0.52,1.05,0.3,0.41,1.3,22,13,0
3181,Rafael Dias,,Record: 17-12-2,-1,69,145.0,,Orthodox,1979-10-20,1.13,0.27,2.19,0.6,3.17,0.47,1.0,1.2,17,12,2
3182,Tyler Diamond,,Record: 9-1-0,-1,67,145.0,69.0,Orthodox,1991-03-18,3.4,0.47,2.53,0.44,3.0,0.75,0.7,0.0,9,1,0
3183,Eldo Xavier Dias,,Record: 0-1-0,-1,71,180.0,,,1964-07-16,0.0,0.0,0.0,0.0,0.0,0.0,0.0,0.0,0,1,0
3184,Nick Diaz,,Record: 26-10-0 (2 NC),-1,73,170.0,76.0,Southpaw,1983-08-02,5.71,0.42,3.84,0.59,1.28,0.32,0.6,1.0,26,10,0 (2 NC)
3185,Blood Diamond,,Record: 3-3-0,-3,71,170.0,76.0,Switch,1988-07-10,3.12,0.55,2.17,0.48,0.0,0.0,0.73,0.0,3,3,0
3186,Melissa Gatto,,Record: 9-2-2,1,65,135.0,69.0,Orthodox,1996-05-02,3.78,0.49,2.84,0.54,1.47,0.28,0.63,0.5,9,2,2
3187,Willie Gates,,Record: 12-7-0,-2,68,125.0,72.0,Orthodox,1987-01-21,1.8,0.38,4.28,0.38,0.0,0.0,0.67,0.4,12,7,0
3188,Kelvin Gastelum,,Record: 19-9-0 (1 NC),1,69,170.0,71.0,Southpaw,1991-10-24,3.74,0.42,3.48,0.57,1.1,0.34,0.59,0.1,19,9,0 (1 NC)
3189,Azamat Gashimov,,Record: 8-3-0,-2,66,125.0,,Orthodox,1990-04-07,1.24,0.21,4.75,0.53,1.69,0.25,0.0,0.0,8,3,0
3190,Brian Gassaway,,Record: 29-20-2 (1 NC),-2,73,170.0,,Orthodox,1972-08-07,0.34,0.26,3.65,0.44,0.0,0.0,0.42,0.0,29,20,2 (1 NC)
3191,Marc Diakiese,Bonecrusher,Record: 17-7-0,1,70,155.0,73.0,Orthodox,1993-03-16,2.54,0.4,2.64,0.52,3.29,0.43,0.66,0.0,17,7,0
3192,David Gardner,,Record: 18-21-0,-1,71,155.0,,Orthodox,1977-05-17,0.17,1.0,0.34,0.0,0.0,0.0,0.66,0.0,18,21,0
3193,Rulon Gardner,,Record: 1-0-0,1,75,265.0,,Orthodox,1971-08-16,2.05,0.25,1.45,0.6,0.75,1.0,1.0,0.0,1,0,0
3194,Pablo Garza,The Scarecrow,Record: 12-4-0,-1,73,145.0,73.0,Orthodox,1983-09-16,3.37,0.44,2.7,0.5,0.94,0.25,0.15,1.3,12,4,0
3195,Fernie Garcia,,Record: 10-5-0,-4,67,135.0,67.0,Orthodox,1992-04-12,2.04,0.34,3.79,0.48,0.28,0.5,0.5,0.6,10,5,0
3196,Rafa Garcia,Gifted,Record: 16-3-0,0,67,155.0,70.0,Orthodox,1994-08-05,4.19,0.42,4.21,0.61,3.61,0.44,0.79,0.3,16,3,0
3197,Elias Garcia,,Record: 6-2-0,-2,65,125.0,67.0,Southpaw,1992-09-13,1.59,0.27,5.05,0.5,0.68,0.14,0.33,1.4,6,2,0
3198,Steve Garcia,Mean Machine,Record: 17-5-0,5,72,145.0,75.0,Southpaw,1992-05-22,5.04,0.56,2.34,0.46,1.17,0.4,0.88,0.6,17,5,0
3199,Alejandro Garcia,Alex,Record: 14-10-0 (1 NC),-1,67,145.0,,,,1.22,0.62,1.14,0.65,8.55,0.87,0.66,0.0,14,10,0 (1 NC)
3200,Edgar Garcia,,Record: 14-5-0,-4,70,170.0,71.0,Orthodox,1984-02-22,3.16,0.29,4.23,0.6,2.21,0.57,0.5,0.6,14,5,0
3201,Eduardo Garagorri,,Record: 13-2-0,-2,69,145.0,70.0,Orthodox,1989-05-28,3.42,0.51,2.36,0.58,0.48,1.0,0.61,0.0,13,2,0
3202,Alex Garcia,The Dominican Nightmare,Record: 15-6-0,-2,69,170.0,72.0,Orthodox,1987-07-14,1.81,0.31,3.03,0.59,3.72,0.52,0.66,0.1,15,6,0
3203,Leonard Garcia,Bad Boy,Record: 18-13-1,-5,70,145.0,68.0,Orthodox,1979-07-14,2.77,0.24,4.79,0.52,0.3,0.26,0.42,0.5,18,13,1
3204,Sean Gannon,The Cannon,Record: 2-1-0,-1,75,265.0,,Southpaw,,0.0,0.0,6.38,0.28,0.0,0.0,0.5,0.0,2,1,0
3205,Cody Garbrandt,No Love,Record: 14-6-0,-1,68,135.0,65.0,Orthodox,1991-07-07,2.98,0.4,3.76,0.6,1.03,0.34,0.8,0.0,14,6,0
3206,Ciryl Gane,Bon Gamin,Record: 12-2-0,0,76,245.0,81.0,Orthodox,1990-04-12,5.49,0.6,2.19,0.63,0.58,0.21,0.5,0.5,12,2,0
3207,Shamil Gamzatov,,Record: 14-1-0,-1,74,205.0,76.0,Orthodox,1990-08-09,5.35,0.48,3.46,0.51,0.0,0.0,0.5,0.0,14,1,0
3208,Ariel Gandulla,,Record: 7-9-0 (1 NC),-1,71,205.0,,Orthodox,1968-05-07,1.95,0.23,2.07,0.72,1.88,0.66,0.0,0.0,7,9,0 (1 NC)
3209,Mateusz Gamrot,Gamer,Record: 24-3-0 (1 NC),-1,70,155.0,70.0,Southpaw,1990-12-11,3.23,0.5,3.22,0.58,5.25,0.35,0.9,0.1,24,3,0 (1 NC)
3210,Marcos Galvao,Loro,Record: 18-8-1,-2,67,135.0,,Orthodox,1981-06-23,1.97,0.32,3.86,0.61,2.27,0.28,0.88,1.1,18,8,1
3211,Joey Gambino,The Raging Warrior,Record: 9-2-0,-2,67,145.0,,Orthodox,1988-10-26,2.47,0.35,2.53,0.51,0.0,0.0,0.42,0.8,9,2,0
3212,Lucas Gamaza,,Record: 8-4-0,-1,0,170.0,,,,7.57,0.31,6.99,0.45,0.0,0.0,0.0,0.0,8,4,0
3213,Manvel Gamburyan,The Anvil,Record: 15-10-0 (1 NC),-2,65,135.0,67.0,Orthodox,1981-05-08,2.13,0.41,2.83,0.55,3.26,0.34,0.69,0.7,15,10,0 (1 NC)
3214,Turrell Galloway,,Record: 8-6-0,1,63,145.0,,,,0.0,0.0,0.0,0.0,0.0,0.0,0.0,0.0,8,6,0
3215,Andre Galvao,,Record: 5-2-0,-1,67,168.0,,Orthodox,1982-09-29,2.34,0.52,1.56,0.58,2.02,0.27,0.0,2.8,5,2,0
3216,Eric Galvan,,Record: 0-0-0,1,0,155.0,,,,0.0,0.0,0.0,0.0,0.0,0.0,0.0,0.0,0,0,0
3217,Tom Gallicchio,Da Tank,Record: 19-10-0,-1,70,170.0,,Southpaw,1986-09-23,3.53,0.26,7.07,0.43,1.0,0.11,0.0,0.0,19,10,0
3218,Zelg Galesic,Benkei,Record: 11-9-0,-2,74,185.0,,Orthodox,1979-02-16,4.86,0.62,0.61,0.66,1.3,1.0,0.2,1.3,11,9,0
3219,Mickey Gall,,Record: 7-6-0,-3,74,170.0,74.0,Switch,1992-01-22,3.33,0.48,4.55,0.49,1.18,0.32,0.37,1.6,7,6,0
3220,Travis Galbraith,The Gladiator,Record: 18-7-0,-3,72,170.0,,Orthodox,1981-05-18,2.21,0.4,3.45,0.48,1.33,0.25,0.0,1.3,18,7,0
3221,Dave Galera,Scarecrow,Record: 5-1-0,-1,71,135.0,,Orthodox,1978-01-12,1.67,0.69,0.53,0.33,0.0,0.0,0.14,2.0,5,1,0
3222,Justin Gaethje,The Highlight,Record: 25-5-0,-1,71,155.0,70.0,Orthodox,1988-11-14,6.78,0.59,7.46,0.52,0.11,0.25,0.75,0.0,25,5,0
3223,Brandon Gaines,,Record: 5-21-0,-1,75,185.0,,,,0.0,0.0,0.0,0.0,0.0,0.0,0.0,0.0,5,21,0
3224,Mitch Gagnon,,Record: 12-5-0,-3,65,135.0,65.0,Southpaw,1984-10-10,2.76,0.46,2.21,0.61,1.16,0.25,0.65,1.9,12,5,0
3225,Sheila Gaff,The German Tank,Record: 9-7-0,-2,65,135.0,,Orthodox,1989-12-29,1.6,0.5,2.89,0.28,0.0,0.0,0.2,0.0,9,7,0
3226,Muin Gafurov,Tajik,Record: 19-6-0,1,67,135.0,68.0,Southpaw,1996-05-17,3.03,0.47,2.25,0.5,1.95,0.27,0.68,0.0,19,6,0
3227,Gerald Harris,,Record: 23-5-0,1,71,185.0,77.0,Southpaw,1979-11-19,1.41,0.29,1.58,0.62,2.96,0.54,0.72,0.0,23,5,0
3228,Alavutdin Gadjiev,,Record: 18-13-1,-1,74,185.0,,Orthodox,1982-06-23,0.99,0.27,0.99,0.57,0.0,0.0,0.5,0.0,18,13,1
3229,Magomed Gadzhiyasulov,,Record: 9-0-0,2,74,205.0,75.0,Orthodox,1993-11-04,3.3,0.5,1.37,0.67,5.5,0.91,0.57,0.0,9,0,0
3230,Claudia Gadelha,Claudinha,Record: 18-5-0,-1,64,115.0,63.0,Orthodox,1988-12-07,3.31,0.41,4.57,0.57,3.03,0.42,0.58,0.7,18,5,0
3231,Gustavo Gabriel,,Record: 13-1-0,-1,66,125.0,,Orthodox,1994-04-01,4.06,0.65,4.26,0.46,0.0,0.0,0.5,0.0,13,1,0
3232,Walt Harris,The Big Ticket,Record: 13-10-0 (1 NC),-3,77,250.0,77.0,Southpaw,1983-06-10,3.05,0.39,3.33,0.54,0.29,0.28,0.7,0.1,13,10,0 (1 NC)
3233,Phil Harris,Billy,Record: 22-12-0 (2 NC),-1,64,125.0,65.0,Orthodox,1983-09-04,2.34,0.26,3.16,0.68,1.76,0.21,0.6,0.0,22,12,0 (2 NC)
3234,Scott Harper,,Record: 12-7-0,-1,72,185.0,,Orthodox,1972-04-14,1.3,0.54,4.98,0.47,3.25,1.0,0.0,0.0,12,7,0
3235,Gerry Harris,,Record: 1-4-0,-1,80,270.0,,Orthodox,,0.0,0.0,0.0,0.0,0.0,0.0,0.0,0.0,1,4,0
3236,Baru Harn,Seiryu,Record: 1-2-0,-1,0,265.0,,,,0.0,0.0,0.0,0.0,0.0,0.0,0.0,0.0,1,2,0
3237,Greg Hardy,Prince of War,Record: 7-5-0 (1 NC),-3,77,265.0,80.0,Orthodox,1988-07-28,4.79,0.5,3.31,0.55,0.2,0.33,0.64,0.0,7,5,0 (1 NC)
3238,Dan Hardy,The Outlaw,Record: 25-10-0 (1 NC),2,72,170.0,74.0,Orthodox,1982-05-17,2.46,0.35,3.44,0.51,0.73,0.35,0.35,0.4,25,10,0 (1 NC)
3239,Veronica Hardy,,Record: 9-4-1,3,64,125.0,64.0,Southpaw,1995-10-30,3.13,0.45,3.75,0.47,1.08,0.41,0.6,0.3,9,4,1
3240,George Hardwick,King,Record: 12-2-0,-1,70,155.0,72.0,Orthodox,1996-12-06,3.6,0.38,4.6,0.71,0.0,0.0,0.83,0.0,12,2,0
3241,Shin Haraguchi,,Record: 8-2-0 (1 NC),-1,65,145.0,68.0,Switch,1998-11-27,2.02,0.63,1.84,0.43,12.32,0.51,0.0,0.0,8,2,0 (1 NC)
3242,Kay Hansen,,Record: 7-6-0,-3,62,115.0,63.0,Orthodox,1999-08-14,3.01,0.5,3.19,0.51,1.83,0.22,0.37,0.8,7,6,0
3243,Antoni Hardonk,,Record: 8-6-0,-2,76,245.0,78.0,Orthodox,1976-02-05,3.4,0.61,3.07,0.46,0.0,0.0,0.4,0.9,8,6,0
3244,Nasrat Haqparast,,Record: 17-5-0,4,70,155.0,72.0,Southpaw,1995-08-22,6.15,0.44,5.65,0.62,0.28,0.2,0.84,0.0,17,5,0
3245,Chad Hanekom,Superman,Record: 9-3-0,-1,76,185.0,74.0,Orthodox,1990-04-20,0.73,0.47,1.47,0.33,0.0,0.0,0.71,1.0,9,3,0
3246,James Hammortree,The Sledge,Record: 6-3-0,-1,75,185.0,,Orthodox,1983-11-29,1.93,0.3,4.13,0.44,2.0,0.5,1.0,1.0,6,3,0
3247,Joachim Hansen,Hellboy,Record: 23-14-1,-1,67,150.0,,Southpaw,1979-05-26,2.01,0.43,2.04,0.58,2.21,0.58,0.34,1.9,23,14,1
3248,CJ Hamilton,The Autobot,Record: 11-4-0,-1,67,125.0,68.0,Switch,1986-10-07,2.47,0.31,3.93,0.58,0.0,0.0,0.62,0.0,11,4,0
3249,Anthony Hamilton,Freight Train,Record: 15-9-0,-4,77,260.0,76.0,Orthodox,1980-04-14,3.91,0.65,3.02,0.45,2.62,0.42,0.78,0.0,15,9,0
3250,Jeremy Hamilton,Hawk,Record: 9-2-0,-1,0,185.0,,,1984-11-14,0.0,0.0,0.0,0.0,0.0,0.0,0.0,0.0,9,2,0
3251,Jared Hamman,The Messenger,Record: 14-6-0,-3,75,185.0,75.0,Orthodox,1982-03-07,5.15,0.42,3.93,0.55,1.57,0.46,0.3,0.0,14,6,0
3252,Rami Hamed,,Record: 13-3-0,1,73,170.0,71.0,Orthodox,1991-04-25,3.87,0.51,3.4,0.5,0.0,0.0,0.5,0.0,13,3,0
3253,Frank Hamaker,,Record: 1-0-0,1,0,,,,,0.0,0.0,0.0,0.0,0.0,0.0,0.0,0.0,1,0,0
3254,Kazuhiro Hamanaka,,Record: 5-7-1,-1,72,185.0,,Southpaw,1978-10-24,1.7,0.37,0.91,0.6,0.0,0.0,0.5,0.0,5,7,1
3255,John Halverson,The Hurricane,Record: 16-8-0 (1 NC),-2,69,155.0,,Southpaw,1972-09-08,2.94,0.43,5.29,0.47,0.0,0.0,0.66,2.0,16,8,0 (1 NC)
3256,Seo Hee Ham,,Record: 17-8-0,-2,62,115.0,62.0,Southpaw,1987-03-08,4.2,0.39,5.15,0.61,0.0,0.0,0.66,0.2,17,8,0
3257,Matt Hamill,The Hammer,Record: 12-8-0,-1,73,205.0,76.0,Orthodox,1976-10-05,3.69,0.42,3.8,0.61,3.0,0.34,0.91,0.0,12,8,0
3258,Tony Halme,,Record: 0-4-0,-1,75,300.0,,Orthodox,1963-01-06,0.0,0.0,0.0,0.0,0.0,0.0,0.0,0.0,0,4,0
3259,Piotr Hallmann,Pletwal,Record: 18-6-0,-3,69,155.0,71.0,Orthodox,1987-08-25,3.98,0.45,3.17,0.58,2.55,0.44,0.7,0.4,18,6,0
3260,Ryan Hall,The Wizard,Record: 9-2-0,1,70,145.0,70.0,Southpaw,1985-02-22,2.38,0.5,1.33,0.65,0.22,0.09,0.0,2.2,9,2,0
3261,Dennis Hallman,Superman,Record: 53-20-2 (1 NC),1,69,155.0,72.0,Orthodox,1975-12-02,1.12,0.44,1.96,0.43,1.79,0.3,0.25,2.1,53,20,2 (1 NC)
3262,Tim Hague,The Trashing Machine,Record: 21-13-0,-4,76,260.0,76.0,Orthodox,1983-05-09,2.79,0.47,4.14,0.46,1.72,0.33,0.85,0.9,21,13,0
3263,Uriah Hall,Prime Time,Record: 18-11-0,-2,72,185.0,79.0,Orthodox,1984-07-31,3.23,0.48,3.85,0.54,0.54,0.38,0.64,0.1,18,11,0
3264,Mark Hall,,Record: 5-6-0,-1,72,190.0,,Orthodox,,0.0,0.0,0.0,0.0,0.0,0.0,0.0,0.0,5,6,0
3265,Yazan Hajeh,Yazzle Dazzle,Record: 6-1-0,-1,69,145.0,,Orthodox,1992-09-04,1.54,0.25,17.44,0.44,0.0,0.0,1.0,0.0,6,1,0
3266,Bassil Hafez,The Habibi,Record: 9-3-1,1,71,170.0,72.0,Orthodox,1992-01-31,4.23,0.39,5.53,0.4,3.0,0.24,0.5,0.0,9,3,1
3267,Damir Hadzovic,The Bosnian Bomber,Record: 14-7-0,-1,69,155.0,70.0,Orthodox,1986-08-08,3.36,0.48,3.26,0.62,0.78,0.55,0.34,0.2,14,7,0
3268,Stoney Hale,The Skuller,Record: 5-3-0,1,72,,,,1979-10-18,0.0,0.0,0.0,0.0,0.0,0.0,0.0,0.0,5,3,0
3269,Keith Hackney,The Giant Killer,Record: 2-2-0,-2,71,200.0,,Sideways,,0.0,0.0,0.0,0.0,0.0,0.0,0.0,0.0,2,2,0
3270,Steve Hadsel,,Record: 3-0-0,1,68,170.0,,,,0.0,0.0,0.0,0.0,0.0,0.0,0.0,0.0,3,0,0
3271,Amir Albazi,The Prince,Record: 17-1-0,0,65,125.0,68.0,Orthodox,1993-10-27,2.8,0.39,3.07,0.63,1.71,0.33,0.4,0.7,17,1,0
3272,Cody Haddon,,Record: 7-1-0,1,67,135.0,69.0,Orthodox,1998-09-08,8.57,0.6,2.86,0.74,4.76,0.25,0.0,4.8,7,1,0
3273,Alatengheili,The Mongolian Knight,Record: 17-9-2,1,65,135.0,66.0,Orthodox,1991-12-14,2.64,0.32,4.67,0.57,1.99,0.45,0.75,0.0,17,9,2
3274,Jake Hadley,White Kong,Record: 11-3-0,0,67,135.0,70.0,Southpaw,1996-08-03,3.76,0.44,3.72,0.6,0.2,0.06,0.54,1.4,11,3,0
3275,Herdem Alacabek,,Record: 5-1-0,-1,74,205.0,75.0,Orthodox,1991-06-07,3.84,0.65,6.66,0.23,2.06,0.5,0.42,0.0,5,1,0
3276,Mostapha Al-Turk,,Record: 6-6-0,-3,74,245.0,77.0,Orthodox,1973-07-14,1.36,0.19,3.61,0.53,0.0,0.0,0.0,0.0,6,6,0
3277,Javi Alanis,,Record: 0-4-0,-1,66,135.0,,,,0.0,0.0,0.0,0.0,0.0,0.0,0.0,0.0,0,4,0
3278,Rostem Akman,,Record: 6-2-0,-2,70,170.0,72.0,Switch,1991-12-19,1.8,0.25,3.97,0.57,1.0,0.4,0.87,0.0,6,2,0
3279,Abdul-Kareem Al-Selwady,Pride of Palestine,Record: 15-4-0,-1,68,155.0,69.0,Orthodox,1995-04-10,4.14,0.34,3.6,0.59,2.32,0.3,0.2,0.0,15,4,0
3280,Yoshihiro Akiyama,,Record: 14-6-0 (2 NC),-1,70,170.0,75.0,Orthodox,1975-07-29,3.1,0.41,3.62,0.57,2.29,0.67,0.92,1.0,14,6,0 (2 NC)
3281,Ashiek Ajim,Peak Physique,Record: 6-2-0,-1,68,135.0,71.0,Switch,1994-06-19,5.0,0.4,11.25,0.25,0.0,0.0,0.0,0.0,6,2,0
3282,Hitomi Akano,Girlfight Monster,Record: 18-10-0,-2,64,135.0,,Southpaw,1974-07-27,0.59,0.45,2.58,0.55,0.0,0.0,0.08,0.5,18,10,0
3283,Razak Al-Hassan,,Record: 13-5-0,-2,74,205.0,,Orthodox,1982-05-14,3.27,0.39,3.14,0.6,0.65,0.14,0.57,0.0,13,5,0
3284,Omari Akhmedov,Wolverine,Record: 21-6-1,-1,72,185.0,73.0,Orthodox,1987-10-12,2.97,0.34,2.84,0.55,2.58,0.45,0.65,0.2,21,6,1
3285,Christian Aguilera,The Beast,Record: 14-8-0,-2,69,170.0,72.0,Switch,1991-11-25,2.54,0.37,4.04,0.48,0.0,0.0,0.6,0.0,14,8,0
3286,Mike Aina,Iron,Record: 14-6-1 (1 NC),0,69,155.0,,Orthodox,,2.87,0.33,6.33,0.59,0.0,0.0,0.71,0.0,14,6,1 (1 NC)
3287,Kevin Aguilar,Angel of Death,Record: 17-5-0,-4,67,155.0,73.0,Orthodox,1988-09-07,3.96,0.4,4.81,0.52,0.16,0.16,0.78,0.0,17,5,0
3288,Nick Aguirre,Slick,Record: 7-2-0,-2,69,135.0,74.0,Southpaw,1996-01-15,0.73,0.33,2.89,0.45,1.16,0.2,0.33,0.6,7,2,0
3289,Jesus Aguilar,,Record: 11-2-0,3,64,125.0,62.0,Orthodox,1996-03-13,1.46,0.51,1.26,0.58,1.75,0.33,0.36,1.8,11,2,0
3290,Edwin Aguilar,Tigre,Record: 26-19-0 (1 NC),-1,70,185.0,,,,0.0,0.0,0.0,0.0,0.0,0.0,0.0,0.0,26,19,0 (1 NC)
3291,Jessica Aguilar,Jag,Record: 20-8-0,-2,63,115.0,63.0,Orthodox,1982-05-08,4.93,0.5,7.19,0.53,0.94,0.25,0.5,0.2,20,8,0
3292,Marcelo Aguiar,,Record: 2-3-1,-1,70,170.0,,Orthodox,,0.0,0.0,0.0,0.0,0.0,0.0,0.0,0.0,2,3,1
3293,Mariya Agapova,Money Mashka,Record: 10-5-0,-3,66,125.0,68.0,Southpaw,1997-04-07,4.43,0.54,3.62,0.52,0.55,0.66,0.45,0.8,10,5,0
3294,Nick Agallar,,Record: 24-6-0,-1,68,155.0,,Orthodox,1979-01-13,0.69,0.11,4.56,0.42,0.0,0.0,0.0,0.0,24,6,0
3295,Sam Adkins,The Experience,Record: 7-20-2,-1,75,225.0,,Orthodox,1965-04-26,0.0,0.0,0.0,0.0,0.0,0.0,0.0,0.0,7,20,2
3296,Israel Adesanya,The Last Stylebender,Record: 24-4-0,-2,76,185.0,80.0,Switch,1989-07-22,4.0,0.48,3.21,0.56,0.05,0.12,0.75,0.1,24,4,0
3297,Zarrukh Adashev,The Lion,Record: 4-4-0,-1,65,125.0,65.0,Southpaw,1992-07-29,3.65,0.4,3.04,0.64,0.0,0.0,1.0,0.5,4,4,0
3298,Anthony Adams,Sugafoot,Record: 8-2-0,-2,73,185.0,76.0,Orthodox,1988-01-13,3.17,0.41,5.93,0.44,0.0,0.0,0.0,0.0,8,2,0
3299,Scott Adams,,Record: 8-1-0,1,72,225.0,,Southpaw,,0.0,0.0,0.0,0.0,0.0,0.0,0.0,0.0,8,1,0
3300,John Adajar,The Outlaw,Record: 6-2-0,-1,69,170.0,75.0,Orthodox,1991-06-22,3.9,0.52,6.28,0.44,0.0,0.0,0.0,0.0,6,2,0
3301,Juan Adams,The Kraken,Record: 5-3-0,-3,77,265.0,80.0,Orthodox,1992-01-16,7.09,0.55,4.06,0.34,0.91,0.66,0.57,0.0,5,3,0
3302,Ricardo Abreu,Demente,Record: 5-1-0,-1,71,185.0,,Orthodox,1984-04-27,3.79,0.31,3.98,0.68,2.13,0.42,1.0,0.7,5,1,0
3303,Daniel Acacio,,Record: 30-18-0,-2,68,180.0,,Orthodox,1977-12-27,3.52,0.36,2.85,0.62,0.33,0.2,0.81,0.0,30,18,0
3304,Klidson Abreu,White Bear,Record: 15-4-0 (1 NC),0,72,205.0,74.0,Orthodox,1992-12-24,2.05,0.4,2.9,0.55,0.64,0.2,0.8,0.0,15,4,0 (1 NC)
3305,Papy Abedi,Makambo,Record: 10-4-0,-1,71,185.0,,Southpaw,1978-06-30,2.8,0.55,3.15,0.48,3.47,0.57,0.5,1.3,10,4,0
3306,Daichi Abe,,Record: 6-2-0,-2,71,170.0,71.0,Orthodox,1991-11-27,3.8,0.33,4.49,0.56,0.33,0.5,0.0,0.0,6,2,0
3307,Mansur Abdul-Malik,,Record: 6-0-0,0,74,185.0,79.0,Orthodox,1997-10-07,5.38,0.53,5.16,0.54,0.0,0.0,0.75,0.0,6,0,0
3308,Hiroyuki Abe,Abe Ani,Record: 8-15-3 (1 NC),0,66,145.0,,Orthodox,,1.71,0.36,3.11,0.63,0.0,0.0,0.33,0.0,8,15,3 (1 NC)
3309,Shamil Abdurakhimov,Abrek,Record: 20-8-0,-4,75,235.0,76.0,Orthodox,1981-09-02,2.41,0.44,3.02,0.55,1.01,0.23,0.45,0.1,20,8,0
3310,Nariman Abbasov,Bayraktar,Record: 28-4-0,-1,68,155.0,66.0,Orthodox,1994-02-01,3.0,0.2,5.67,0.46,0.0,0.0,0.66,0.0,28,4,0
3311,Danny Abbadi,The Assassin,Record: 4-6-0,-2,71,155.0,,Orthodox,1983-07-03,3.29,0.38,4.41,0.57,0.0,0.0,0.77,0.0,4,6,0
3312,Hamdy Abdelwahab,The Hammer,Record: 5-0-0 (1 NC),0,74,264.0,72.0,Southpaw,1993-01-22,3.87,0.52,3.13,0.59,3.0,0.75,0.0,0.0,5,0,0 (1 NC)
3313,David Abbott,Tank,Record: 10-15-0,-7,72,265.0,,Switch,,1.35,0.3,3.55,0.38,1.07,0.33,0.66,0.0,10,15,0
3314,Cyrille Diabate,The Snake,Record: 19-10-1,-2,78,205.0,81.0,Southpaw,1973-10-06,4.06,0.71,1.78,0.6,1.17,0.83,0.53,0.2,19,10,1
3315,Micol Di Segni,,Record: 7-3-0,-1,63,115.0,60.0,Orthodox,1987-12-29,7.47,0.4,5.87,0.33,0.0,0.0,0.37,0.0,7,3,0
3316,Alessio Di Chirico,Manzo,Record: 13-7-0,-2,72,185.0,74.0,Orthodox,1989-12-12,3.32,0.39,3.44,0.61,1.46,0.39,0.83,0.0,13,7,0
3317,Thomas Diagne,,Record: 6-6-1,-3,73,154.0,,,1983-09-03,4.53,0.48,4.53,0.63,2.0,1.0,0.66,0.0,6,6,1
3318,Edwin DeWees,Babyface,Record: 38-17-0 (1 NC),-4,73,185.0,,Orthodox,1982-08-07,1.53,0.33,6.19,0.39,2.18,0.66,0.0,3.3,38,17,0 (1 NC)
3319,Robelis Despaigne,The Big Boy,Record: 5-1-0,0,79,265.0,84.0,Orthodox,1988-09-09,2.16,0.54,3.53,0.49,0.0,0.0,0.25,0.0,5,1,0
3320,John Devine,,Record: 6-4-0,1,0,,,,,1.52,0.18,2.28,0.57,0.0,0.0,0.0,0.0,6,4,0
3321,Tony DeSouza,,Record: 11-4-0,-2,72,170.0,70.0,Southpaw,1974-07-26,1.12,0.52,1.57,0.41,2.25,0.42,0.4,1.5,11,4,0
3322,Booker DeRousse,,Record: 6-5-0,1,74,205.0,,,1981-03-23,0.0,0.0,0.0,0.0,0.0,0.0,0.0,0.0,6,5,0
3323,Cory Devela,The One,Record: 16-7-0,-3,60,185.0,,Orthodox,,4.07,0.41,4.0,0.47,1.07,0.12,0.62,0.0,16,7,0
3324,Robert Densley,The Wrecker,Record: 9-10-0,-1,69,155.0,,,,1.81,0.47,0.4,0.6,0.0,0.0,0.5,0.0,9,10,0
3325,Jason Dent,Dynamite,Record: 22-13-0,-1,70,155.0,71.0,Orthodox,1980-06-12,2.01,0.39,3.7,0.62,0.0,0.0,0.26,1.4,22,13,0
3326,Mackenzie Dern,,Record: 14-5-0,1,64,115.0,63.0,Orthodox,1993-03-24,3.43,0.39,4.12,0.51,0.88,0.16,0.3,1.2,14,5,0
3327,Nick Denis,The Ninja of Love,Record: 11-3-0,-1,67,135.0,,Orthodox,1983-10-11,6.54,0.53,5.42,0.36,2.8,1.0,0.8,0.0,11,3,0
3328,Vanessa Demopoulos,Lil Monster,Record: 11-6-0,-1,62,115.0,59.0,Orthodox,1988-09-22,3.87,0.41,5.53,0.41,0.41,0.11,0.27,0.5,11,6,0
3329,Chris Dempsey,,Record: 11-5-0,-2,70,185.0,72.0,Orthodox,1987-09-08,2.25,0.32,2.82,0.65,2.64,0.23,0.16,0.0,11,5,0
3330,Thomas Denny,The Wildman,Record: 27-21-1,-4,70,170.0,,Orthodox,1971-04-19,2.36,0.45,4.69,0.4,1.48,0.17,0.42,1.5,27,21,1
3331,Justin DeMoney,,Record: 15-7-1,-1,0,170.0,,,1985-07-01,0.0,0.0,0.0,0.0,0.0,0.0,0.0,0.0,15,7,1
3332,Jason DeLucia,,Record: 33-21-1,-2,71,190.0,,Southpaw,1969-07-24,0.0,0.0,0.0,0.0,0.0,0.0,0.0,0.0,33,21,1
3333,Jon Delos Reyes,The Heat,Record: 8-5-0,-1,66,125.0,67.0,Orthodox,1987-08-19,2.99,0.38,4.14,0.51,3.2,0.83,0.55,1.9,8,5,0
3334,Roland Delorme,,Record: 9-5-0 (1 NC),-3,69,135.0,71.0,Orthodox,1983-12-18,2.28,0.44,4.32,0.4,2.51,0.34,0.42,1.6,9,5,0 (1 NC)
3335,Jack Della Maddalena,,Record: 17-2-0,8,71,170.0,73.0,Switch,1996-09-10,6.74,0.53,4.27,0.66,0.21,0.16,0.7,0.2,17,2,0
3336,Rolando Delgado,Roli,Record: 11-6-1,-2,75,155.0,77.0,Orthodox,1981-11-22,1.56,0.4,1.83,0.62,1.17,0.22,0.0,3.5,11,6,1
3337,Jose Delgado,,Record: 8-1-0,1,71,145.0,73.0,Switch,1998-04-21,6.23,0.44,4.21,0.48,7.01,0.75,1.0,0.0,8,1,0
3338,Wallen Del Rosario,,Record: 8-2-0,-1,64,125.0,67.0,Orthodox,1993-03-18,1.4,0.32,4.73,0.4,1.0,0.16,1.0,0.0,8,2,0
3339,Humberto DeLeon,,Record: 7-7-0,-1,0,135.0,,,1989-11-12,0.0,0.0,0.0,0.0,0.0,0.0,0.0,0.0,7,7,0
3340,Issac DeJesus,,Record: 12-7-1 (1 NC),1,0,145.0,,,,0.0,0.0,0.0,0.0,0.0,0.0,0.0,0.0,12,7,1 (1 NC)
3341,Rafael  Del Real,,Record: 6-20-0,-1,71,225.0,,,,5.58,0.4,0.0,0.0,20.93,1.0,1.0,0.0,6,20,0
3342,Carl Deaton,The Anishinaabe Kid,Record: 17-7-0 (2 NC),-2,67,155.0,69.0,Orthodox,1989-11-24,1.53,0.31,1.85,0.61,0.0,0.0,0.5,0.0,17,7,0 (2 NC)
3343,Shane del Rosario,,Record: 11-2-0,-2,76,250.0,,Southpaw,1983-09-23,3.93,0.6,2.97,0.54,1.2,0.4,0.16,2.4,11,2,0
3344,Tom DeBlass,,Record: 9-2-0,-2,72,185.0,,Orthodox,1982-05-14,1.5,0.35,4.43,0.37,1.0,0.5,0.28,0.5,9,2,0
3345,Crezio de Souza,,Record: 1-2-0,-1,0,170.0,,Orthodox,,0.0,0.0,0.0,0.0,0.0,0.0,0.0,0.0,1,2,0
3346,Germaine de Randamie,The Iron Lady,Record: 10-5-0,-1,69,135.0,71.0,Orthodox,1984-04-24,2.57,0.46,2.0,0.65,0.0,0.0,0.65,0.4,10,5,0
3347,Isabela de Padua,Belinha,Record: 5-2-0,-1,63,125.0,64.0,Orthodox,1991-09-04,1.0,0.35,2.07,0.5,2.0,0.66,0.0,1.0,5,2,0
3348,Jorge de Oliveira,Blade,Record: 9-2-0,-2,68,155.0,,Orthodox,1980-01-22,1.26,0.31,4.84,0.48,0.0,0.0,0.22,0.0,9,2,0
3349,Rodrigo de Lima,Monstro,Record: 8-3-1,-2,67,155.0,,Orthodox,1991-03-12,1.29,0.33,5.5,0.32,2.66,0.36,0.0,1.3,8,3,1
3350,Gloria de Paula,Glorinha,Record: 6-5-0,-1,65,115.0,67.0,Orthodox,1995-06-10,4.89,0.53,3.77,0.66,0.74,0.37,0.65,0.5,6,5,0
3351,Edilberto de Oliveira,Crocota,Record: 29-15-2,-2,72,170.0,,Orthodox,1982-11-22,4.12,0.32,6.79,0.61,0.0,0.0,0.0,0.0,29,15,2
3352,Johil de Oliveira,,Record: 17-15-1 (1 NC),-2,66,170.0,,Orthodox,,0.51,0.34,0.73,0.58,1.1,0.5,0.44,0.6,17,15,1 (1 NC)
3353,Chris de la Rocha,,Record: 5-3-0,-1,75,250.0,80.0,Orthodox,1979-05-15,4.08,0.45,6.37,0.43,2.02,0.3,0.33,1.0,5,3,0
3354,Mike de la Torre,El Cucuy,Record: 14-7-0 (1 NC),-2,71,145.0,71.0,Orthodox,1986-09-22,3.21,0.39,4.75,0.51,0.36,0.16,0.83,0.0,14,7,0 (1 NC)
3355,Montana De La Rosa,,Record: 13-9-1,1,67,125.0,68.0,Orthodox,1995-02-14,2.9,0.37,3.39,0.45,1.85,0.33,0.68,0.8,13,9,1
3356,Mark De La Rosa,Bumblebee,Record: 11-5-0,-4,66,135.0,65.0,Orthodox,1994-08-31,3.13,0.35,5.0,0.48,0.54,0.13,0.4,0.2,11,5,0
3357,Philip De Fries,,Record: 12-6-0 (1 NC),-2,77,250.0,79.0,Orthodox,1986-04-21,2.3,0.47,3.0,0.37,3.29,0.42,1.0,0.6,12,6,0 (1 NC)
3358,Chelsea Hackett,Hammer,Record: 3-1-1,-1,64,125.0,66.0,Switch,1998-08-16,2.58,0.51,4.85,0.46,0.0,0.0,0.57,0.0,3,1,1
3359,James Gabert,,Record: 6-4-0,-1,0,178.0,,,,0.0,0.0,0.0,0.0,0.0,0.0,0.0,0.0,6,4,0
3360,Yorgan De Castro,The Mad Titan,Record: 6-3-0,-3,72,250.0,74.0,Orthodox,1986-12-19,2.46,0.43,3.85,0.53,0.0,0.0,0.77,0.0,6,3,0
3361,Geraldo de Freitas,Spartan,Record: 12-6-0,-2,67,135.0,72.0,Orthodox,1991-09-30,3.67,0.52,2.62,0.5,3.0,0.45,0.59,0.0,12,6,0
3362,Angel De Anda,The Dream,Record: 18-6-0,-1,69,225.0,,Orthodox,1985-05-28,5.68,0.46,6.32,0.47,0.0,0.0,0.0,0.0,18,6,0
3363,Tom Aaron,,Record: 5-3-0,-1,0,155.0,,,1978-07-13,0.0,0.0,0.0,0.0,0.0,0.0,0.0,0.0,5,3,0
3364,Jason Day,Dooms,Record: 19-12-0,-2,72,185.0,72.0,Orthodox,1981-05-19,3.61,0.54,3.46,0.47,1.13,1.0,0.0,0.0,19,12,0
3365,Martin Day,The Spartan,Record: 8-6-0,-5,70,145.0,73.0,Orthodox,1988-11-10,3.97,0.45,3.79,0.53,0.72,0.6,0.65,0.5,8,6,0
3366,Grant Dawson,KGD,Record: 21-2-1,0,70,155.0,72.0,Switch,1994-02-20,2.98,0.52,2.11,0.45,3.61,0.38,0.57,1.3,21,2,1
3367,Mike Davis,Beast Boy,Record: 11-2-0,4,72,155.0,72.0,Orthodox,1992-10-07,5.35,0.52,5.76,0.55,2.77,0.53,0.64,0.4,11,2,0
3368,Hakeem Dawodu,Mean,Record: 13-4-1,-2,68,145.0,73.0,Orthodox,1991-07-02,5.45,0.5,3.37,0.56,0.0,0.0,0.65,0.0,13,4,1
3369,Justin Davis,Dangerous,Record: 13-16-0,-1,71,205.0,,,1983-04-01,0.0,0.0,0.0,0.0,0.0,0.0,0.0,0.0,13,16,0
3370,Brandon Davis,Killer B,Record: 14-10-0,-4,70,135.0,72.0,Orthodox,1990-05-08,4.68,0.35,4.62,0.58,0.74,0.42,0.57,0.1,14,10,0
3371,Danny Davis,,Record: 13-11-1,-1,74,170.0,,,1982-07-28,0.0,0.0,0.0,0.0,0.0,0.0,0.0,0.0,13,11,1
3372,Alexis Davis,,Record: 21-11-0,1,66,135.0,68.0,Orthodox,1984-10-04,4.63,0.49,4.45,0.54,0.95,0.44,0.34,0.7,21,11,0
3373,Mike Davis,,Record: 2-0-0,1,0,,,,,0.0,0.0,0.0,0.0,0.0,0.0,0.0,0.0,2,0,0
3374,Lemont Davis,,Record: 2-6-0,-2,68,170.0,,Orthodox,,0.87,0.54,1.27,0.55,1.0,0.5,0.0,1.0,2,6,0
3375,Phil Davis,Mr. Wonderful,Record: 17-4-0 (1 NC),-1,74,205.0,79.0,Orthodox,1984-09-25,2.85,0.34,1.33,0.72,2.99,0.38,0.72,0.6,17,4,0 (1 NC)
3376,Brian Davidson,,Record: 13-4-0,1,66,145.0,,,,0.0,0.0,0.0,0.0,0.0,0.0,0.0,0.0,13,4,0
3377,LC Davis,,Record: 23-8-0,-2,68,135.0,69.0,Southpaw,1980-10-28,2.04,0.3,2.1,0.59,2.27,0.46,0.66,0.2,23,8,0
3378,Rick Davis,The Flying Squirrel,Record: 3-1-1,-1,69,155.0,,Orthodox,,3.09,0.5,6.19,0.64,0.0,0.0,0.0,0.0,3,1,1
3379,Marcus Davis,The Irish Hand Grenade,Record: 22-11-0 (1 NC),-2,70,170.0,70.0,Southpaw,1973-08-24,2.72,0.39,2.79,0.65,1.6,0.48,0.47,1.4,22,11,0 (1 NC)
3380,Chris Daukaus,,Record: 12-7-0,-4,75,205.0,76.0,Orthodox,1989-09-25,6.05,0.5,4.64,0.55,0.0,0.0,1.0,0.0,12,7,0
3381,Sean Daugherty,,Record: 0-2-0,-1,72,175.0,,,1975-12-04,0.0,0.0,0.0,0.0,0.0,0.0,0.0,0.0,0,2,0
3382,Kyle Daukaus,,Record: 11-4-0 (1 NC),-2,75,185.0,76.0,Southpaw,1993-02-27,3.22,0.52,2.94,0.42,2.12,0.25,0.82,1.9,11,4,0 (1 NC)
3383,Karen Darabedyan,,Record: 13-6-0,-2,67,155.0,68.0,Orthodox,1986-12-18,3.43,0.51,2.62,0.67,2.14,0.75,0.0,0.0,13,6,0
3384,Beneil Dariush,,Record: 22-6-1,-2,70,155.0,72.0,Southpaw,1989-05-06,3.78,0.48,2.65,0.57,1.9,0.34,0.8,0.9,22,6,1
3385,Mac Danzig,,Record: 21-12-1,-3,68,155.0,70.0,Orthodox,1980-01-02,3.39,0.48,3.44,0.57,1.2,0.37,0.46,0.6,21,12,1
3386,Alexandre Dantas,Cafe,Record: 0-3-0,-2,74,238.0,,Orthodox,1979-03-01,0.21,0.25,1.87,0.6,0.0,0.0,0.0,3.1,0,3,0
3387,Marques Daniels,,Record: 5-5-0,-1,0,155.0,,,,0.0,0.0,0.0,0.0,0.0,0.0,0.0,0.0,5,5,0
3388,Peter Danesoe,The Asian Viking,Record: 6-3-0,-1,69,125.0,68.0,Orthodox,2000-09-01,4.98,0.54,7.02,0.37,0.0,0.0,0.62,0.0,6,3,0
3389,Raymond Daniels,,Record: 0-1-0,-1,74,185.0,,Southpaw,,0.0,0.0,2.61,0.38,0.0,0.0,0.33,3.0,0,1,0
3390,Jarjis Danho,Man Mountain,Record: 7-1-1 (1 NC),1,75,265.0,74.0,Orthodox,1983-10-15,3.38,0.5,5.25,0.49,0.51,0.16,1.0,0.0,7,1,1 (1 NC)
3391,Cindy Dandois,Battlecat,Record: 8-3-0,-1,67,135.0,,Orthodox,1984-10-26,3.13,0.32,3.4,0.58,5.0,0.55,0.0,0.0,8,3,0
3392,Carina Damm,Beauty But the Beast,Record: 2-13-0,-1,64,135.0,,,,0.0,0.0,0.0,0.0,0.0,0.0,0.0,0.0,2,13,0
3393,Batgerel Danaa,Storm,Record: 12-5-0,-3,67,135.0,70.0,Orthodox,1989-07-04,5.38,0.36,4.21,0.47,0.52,0.5,0.62,0.0,12,5,0
3394,Leonardo Damiani,Puppy,Record: 10-3-1,-1,70,170.0,69.0,Orthodox,1990-08-30,1.67,0.23,4.17,0.37,0.0,0.0,0.5,0.0,10,3,1
3395,Paul Daley,Semtex,Record: 39-15-2,-3,69,170.0,76.0,Orthodox,1983-02-21,3.14,0.47,2.37,0.6,0.91,0.4,0.64,0.0,39,15,2
3396,Richard Dalton,,Record: 4-3-1,-1,73,205.0,,Orthodox,,1.2,0.69,3.27,0.25,1.0,0.11,0.0,0.0,4,3,1
3397,Aisling Daly,Ais the Bash,Record: 16-6-0,1,62,115.0,64.0,Orthodox,1987-12-24,2.92,0.52,1.4,0.55,2.15,0.41,0.33,0.9,16,6,0
3398,Rodrigo Damm,,Record: 13-9-0,-3,67,155.0,71.0,Orthodox,1980-02-03,3.5,0.36,5.61,0.57,0.44,0.16,0.8,0.3,13,9,0
3399,Nicolas Dalby,Danish Dynamite,Record: 23-5-1 (2 NC),-1,71,170.0,74.0,Orthodox,1984-11-16,4.06,0.43,3.52,0.52,1.01,0.27,0.58,0.1,23,5,1 (2 NC)
3400,Alex Da Silva,Leko,Record: 21-4-0,-2,68,155.0,73.0,Orthodox,1996-02-04,2.14,0.46,2.52,0.56,1.97,0.43,0.76,0.3,21,4,0
3401,Dave Dalgliesh,,Record: 30-19-2,-1,74,205.0,,Orthodox,1978-04-05,0.0,0.0,1.85,0.5,0.0,0.0,0.0,0.0,30,19,2
3402,Marcos da Matta,Parrumpinha,Record: 11-3-0,-1,64,145.0,,,1973-03-18,0.0,0.0,0.0,0.0,0.0,0.0,0.0,0.0,11,3,0
3403,Ariane da Silva,Queen of Violence,Record: 17-9-0,0,66,125.0,67.0,Orthodox,1994-01-26,4.1,0.41,3.96,0.53,0.56,0.55,0.71,0.3,17,9,0
3404,Henrique da Silva,Frankenstein,Record: 14-5-0,-5,75,205.0,76.0,Orthodox,1989-09-01,3.89,0.6,5.28,0.4,0.25,0.14,0.22,0.2,14,5,0
3405,Ricardo Funch,Golden Boy,Record: 9-6-0,-4,70,170.0,74.0,Southpaw,1980-08-14,2.61,0.65,3.57,0.4,1.24,0.18,0.6,0.0,9,6,0
3406,Katsuaki Furuki,,Record: 1-1-0,-1,72,168.0,,,1980-11-10,0.27,0.1,2.67,0.39,0.0,0.0,0.0,3.0,1,1,0
3407,Masakatsu Funaki,,Record: 39-13-2,1,72,185.0,,Southpaw,1969-03-13,1.82,0.68,2.92,0.35,0.0,0.0,0.0,5.5,39,13,2
3408,Sam Fulton,,Record: 0-2-0,-2,0,,,,,0.0,0.0,0.0,0.0,0.0,0.0,0.0,0.0,0,2,0
3409,Masio Fullen,Lobo,Record: 11-7-0,-2,70,145.0,70.0,Orthodox,1986-10-06,2.46,0.32,3.5,0.54,0.47,0.33,0.69,0.0,11,7,0
3410,Kazuyuki Fujita,Ironhead,Record: 15-12-0,-2,72,235.0,,Orthodox,1970-10-16,1.05,0.49,1.99,0.52,2.78,0.36,0.85,0.6,15,12,0
3411,Riki Fukuda,,Record: 24-9-0 (1 NC),-1,72,185.0,73.0,Southpaw,1981-01-06,4.24,0.43,3.71,0.64,2.17,0.43,0.7,0.0,24,9,0 (1 NC)
3412,Travis Fulton,The Ironman,Record: 253-53-10 (1 NC),-1,72,240.0,,Orthodox,1977-05-29,0.0,0.0,0.0,0.0,0.0,0.0,0.0,0.0,253,53,10 (1 NC)
3413,Keisuke Fujiwara,,Record: 17-12-5,-3,66,139.0,,Switch,,0.73,0.44,1.2,0.47,0.0,0.0,0.23,2.5,17,12,5
3414,Katsuhisa Fujii,Shamoji,Record: 9-18-1,-1,72,205.0,,Orthodox,1972-08-15,4.0,0.5,4.43,0.64,2.14,0.25,0.5,2.1,9,18,1
3415,Adam Fugitt,,Record: 10-4-0,1,73,170.0,77.0,Southpaw,1989-01-12,4.72,0.45,4.48,0.51,2.04,0.29,0.5,0.0,10,4,0
3416,Megumi Fujii,Mega Megu,Record: 26-3-0,1,63,113.0,,,1974-04-26,2.4,0.42,0.0,1.0,0.0,0.0,0.0,12.0,26,3,0
3417,Jesse Fujarczyk,The Ronin,Record: 2-2-0,-2,76,225.0,,Southpaw,1983-01-28,1.03,0.33,4.91,0.38,0.0,0.0,0.25,0.0,2,2,0
3418,Sarah Frota,A Treta,Record: 9-2-0,-2,66,125.0,69.0,Southpaw,1987-04-14,4.52,0.52,2.57,0.55,0.0,0.0,0.53,0.0,9,2,0
3419,Tony Fryklund,The Freak,Record: 14-9-1,-4,72,185.0,,Orthodox,1971-03-26,3.49,0.39,6.5,0.43,0.0,0.0,0.66,0.5,14,9,1
3420,Don Frye,The Predator,Record: 20-9-1 (1 NC),-4,73,219.0,,Orthodox,1965-11-23,2.87,0.64,3.57,0.37,0.91,0.57,0.45,0.7,20,9,1 (1 NC)
3421,Jinh Yu Frey,,Record: 11-10-0,-4,63,115.0,65.0,Southpaw,1985-05-20,2.97,0.43,4.23,0.52,1.02,0.36,0.9,0.3,11,10,0
3422,Sarah D'alelio,The Monster,Record: 11-7-0,-1,67,145.0,,,1980-12-13,2.4,0.33,0.0,1.0,0.0,0.0,1.0,0.0,11,7,0
3423,Matt Frevola,The SteamRolla,Record: 11-4-1,0,69,155.0,71.0,Orthodox,1990-06-11,3.71,0.42,3.57,0.59,2.59,0.4,0.42,0.9,11,4,1
3424,Clay French,,Record: 19-7-0,-1,67,161.0,,Southpaw,1980-10-07,1.52,0.5,1.27,0.16,0.0,0.0,1.0,0.0,19,7,0
3425,Mike French,,Record: 9-10-0,-2,70,145.0,,,1975-05-29,0.23,0.23,2.17,0.42,0.0,0.0,0.22,1.0,9,10,0
3426,Josh Fremd,,Record: 11-6-0,0,76,185.0,76.0,Orthodox,1994-01-15,2.52,0.44,2.23,0.47,0.66,0.25,0.3,1.1,11,6,0
3427,Donavon Frelow,,Record: 6-3-0,-1,67,135.0,,Orthodox,1985-01-20,2.4,0.27,3.2,0.52,1.0,1.0,0.26,0.0,6,3,0
3428,Rafael Freitas,Capoeira,Record: 3-6-0 (1 NC),-1,0,205.0,,Orthodox,,2.0,0.29,8.0,0.51,11.25,0.5,0.0,0.0,3,6,0 (1 NC)
3429,Jeremy  Freitag,,Record: 6-10-0,-1,73,205.0,,,,0.0,0.0,8.37,0.19,0.0,0.0,0.33,1.9,6,10,0
3430,Jason Freeman,,Record: 6-4-0 (1 NC),1,74,225.0,,,1976-09-02,0.0,0.0,0.0,0.0,0.0,0.0,0.0,0.0,6,4,0 (1 NC)
3431,Justin Frazier,The Grizzly Bear,Record: 10-3-0,-1,72,265.0,75.0,Southpaw,1989-06-15,1.11,0.66,6.11,0.04,0.0,0.0,0.0,0.0,10,3,0
3432,Willamy Freire,Chiquerim,Record: 26-6-0,-2,68,155.0,,Orthodox,1987-07-28,1.53,0.37,0.93,0.62,0.5,1.0,0.73,0.0,26,6,0
3433,Ian Freeman,The Machine,Record: 20-7-1,0,71,225.0,,Orthodox,1966-11-10,2.54,0.48,3.11,0.44,1.44,0.4,0.8,0.7,20,7,1
3434,Zane Frazier,Nasty,Record: 4-11-0,-2,77,250.0,,Orthodox,,0.0,0.0,0.0,0.0,0.0,0.0,0.0,0.0,4,11,0
3435,Gary Frazier,,Record: 3-3-0,-1,72,245.0,,Orthodox,,1.5,0.39,2.77,0.46,0.0,0.0,1.0,0.0,3,3,0
3436,Zoila Frausto,Warrior Princess,Record: 13-5-0,-1,64,135.0,,Orthodox,,0.77,0.31,1.64,0.53,0.0,0.0,0.57,0.0,13,5,0
3437,Stephanie Frausto,Lil Bovy,Record: 8-7-0,-1,62,115.0,61.0,Orthodox,1990-09-20,1.43,0.21,3.57,0.6,0.0,0.0,0.0,0.0,8,7,0
3438,John Franchi,,Record: 6-2-0,-2,66,145.0,67.0,Orthodox,1982-07-16,1.83,0.48,2.59,0.48,2.68,0.8,0.4,0.3,6,2,0
3439,Glaico Franca Moreira,Nego,Record: 15-5-0,-2,72,155.0,77.0,Orthodox,1991-02-28,2.35,0.42,3.46,0.47,2.68,0.42,0.76,0.3,15,5,0
3440,Rich Franklin,Ace,Record: 29-7-0 (1 NC),-1,73,185.0,76.0,Southpaw,1974-10-05,4.1,0.44,2.07,0.62,1.31,0.66,0.63,0.7,29,7,0 (1 NC)
3441,Francisco France,Kiko,Record: 13-5-1,1,72,205.0,,,1983-01-21,0.54,0.33,3.51,0.27,0.0,0.0,0.0,6.1,13,5,1
3442,Brandon Foxworth,,Record: 18-4-0,-1,71,145.0,,Orthodox,1979-04-28,1.33,0.32,4.59,0.5,0.0,0.0,0.0,0.0,18,4,0
3443,Hermes Franca,,Record: 24-17-0 (1 NC),-1,66,155.0,71.0,Orthodox,1974-08-26,1.78,0.39,2.85,0.55,1.53,0.36,0.37,2.4,24,17,0 (1 NC)
3444,Marcel Fortuna,,Record: 9-3-0,-2,73,205.0,74.0,Orthodox,1985-10-22,3.83,0.46,4.52,0.64,0.45,0.08,0.75,0.5,9,3,0
3445,Raheam Forest,Rambo,Record: 7-2-0,-1,71,170.0,73.0,Switch,1997-07-11,5.32,0.38,12.15,0.42,0.0,0.0,0.0,0.0,7,2,0
3446,Xavier Foupa-Pokam,Professor X,Record: 32-22-0,-2,73,185.0,,Open Stance,1982-07-03,1.47,0.43,2.5,0.49,0.0,0.0,0.16,0.0,32,22,0
3447,Jussier Formiga,,Record: 23-8-0,-3,65,125.0,67.0,Orthodox,1985-04-14,1.42,0.39,2.34,0.64,1.82,0.35,0.87,0.6,23,8,0
3448,Sterling Ford,,Record: 15-7-0,-1,70,155.0,,,1986-03-12,0.0,0.0,0.0,0.0,0.0,0.0,0.0,0.0,15,7,0
3449,Matt Foki,Twin Tiger,Record: 5-4-0 (1 NC),-1,67,220.0,,Orthodox,,0.0,0.0,3.37,0.56,0.0,0.0,0.0,0.0,5,4,0 (1 NC)
3450,Claudionor Fontinelle,,Record: 10-15-1,-1,65,185.0,,Orthodox,,2.62,0.42,10.25,0.28,0.0,0.0,0.0,0.0,10,15,1
3451,AJ Fonseca,,Record: 5-4-0,-1,64,145.0,,,,0.0,0.0,0.0,0.0,0.0,0.0,0.0,0.0,5,4,0
3452,Brianna Fortino,The Bull,Record: 9-3-0,-1,60,115.0,62.0,Southpaw,1993-08-04,3.53,0.41,3.23,0.57,2.5,0.45,0.66,0.0,9,3,0
3453,Mal Foki,Twin Tiger,Record: 5-5-0,-1,67,220.0,,Orthodox,,2.86,0.14,14.29,0.54,0.0,0.0,0.0,0.0,5,5,0
3454,Cody Floyd,,Record: 2-0-0,1,0,,,,1988-07-18,0.0,0.0,0.0,0.0,0.0,0.0,0.0,0.0,2,0,0
3455,Jesse Forbes,Kid Hercules,Record: 15-5-0,-4,74,185.0,75.0,Southpaw,1984-10-24,2.11,0.24,4.06,0.53,1.79,0.75,0.66,1.2,15,5,0
3456,Brian Foster,The Foster Boy,Record: 27-10-0,2,69,170.0,71.0,Orthodox,1984-04-03,3.3,0.39,1.63,0.65,3.67,0.6,0.37,1.8,27,10,0
3457,Darrius Flowers,Beast Mode,Record: 12-8-1,-3,69,155.0,71.0,Orthodox,1994-08-25,3.07,0.49,5.49,0.44,0.98,0.28,0.63,0.0,12,8,1
3458,Caros Fodor,The Future,Record: 11-6-0,-2,69,155.0,74.0,Orthodox,1984-01-07,2.76,0.54,2.83,0.54,2.1,0.25,0.5,0.0,11,6,0
3459,Alejandro Flores,El Gallito,Record: 17-3-0,-1,70,145.0,73.0,Orthodox,1991-08-06,3.66,0.4,2.02,0.54,0.0,0.0,0.0,0.0,17,3,0
3460,Kenny Florian,KenFlo,Record: 14-6-0,-1,70,145.0,74.0,Southpaw,1976-05-26,2.41,0.4,1.85,0.63,2.22,0.33,0.6,1.3,14,6,0
3461,Ty Flores,Big Medicine,Record: 7-3-0,-1,75,205.0,73.0,Switch,1993-12-22,2.0,0.37,7.8,0.25,1.0,0.09,0.0,0.0,7,3,0
3462,Luke Flores,,Record: 9-2-0,-2,72,155.0,73.0,Southpaw,1988-03-17,1.56,0.44,1.88,0.6,0.0,0.0,0.4,1.2,9,2,0
3463,Jimmy Flick,The Brick,Record: 17-8-0,-1,67,125.0,68.0,Orthodox,1990-09-07,1.94,0.5,5.43,0.43,1.55,0.21,0.0,4.3,17,8,0
3464,Renee Forte,,Record: 8-4-0,-2,67,155.0,71.0,Orthodox,1987-03-27,2.08,0.32,2.12,0.63,2.32,0.58,0.66,0.0,8,4,0
3465,Nathan Fletcher,,Record: 9-1-0,1,67,145.0,70.0,Orthodox,1998-01-03,2.25,0.7,0.96,0.4,9.63,0.66,0.0,2.4,9,1,0
3466,Rafael Fiziev,Ataman,Record: 12-3-0,-2,68,155.0,71.0,Switch,1993-03-05,4.9,0.51,4.97,0.49,0.29,0.4,0.89,0.0,12,3,0
3467,AJ Fletcher,The Ghost,Record: 10-3-0,-1,70,170.0,67.0,Switch,1997-02-18,3.36,0.49,4.61,0.46,1.54,0.35,0.33,0.9,10,3,0
3468,Colin Fletcher,The Freakshow,Record: 14-8-0,-2,74,155.0,,Orthodox,1983-01-08,3.1,0.34,2.97,0.62,0.0,0.0,0.27,0.0,14,8,0
3469,Rob Font,,Record: 20-8-0,0,68,135.0,71.0,Orthodox,1987-06-25,5.53,0.45,3.65,0.56,0.89,0.35,0.46,0.3,20,8,0
3470,Chris Fishgold,,Record: 18-4-1,-2,68,145.0,68.0,Orthodox,1992-06-06,2.01,0.32,2.7,0.46,2.59,0.46,0.44,1.3,18,4,1
3471,Jon Fitch,,Record: 30-7-1 (1 NC),-1,72,170.0,74.0,Orthodox,1978-02-24,2.61,0.5,1.65,0.54,3.6,0.51,0.56,0.8,30,7,1 (1 NC)
3472,Luiz Firmino,Buscape,Record: 19-8-0,-1,66,154.0,,Orthodox,1982-03-18,1.23,0.5,1.22,0.51,3.86,0.45,0.2,0.9,19,8,0
3473,Spencer Fisher,The King,Record: 24-9-0,-3,67,155.0,68.0,Southpaw,1976-05-09,3.17,0.43,3.03,0.64,0.67,0.3,0.6,0.8,24,9,0
3474,Nick Fiore,,Record: 6-2-0,-2,70,155.0,72.0,Orthodox,1997-12-10,2.83,0.46,7.93,0.42,2.5,0.45,0.71,0.0,6,2,0
3475,Manon Fiorot,The Beast,Record: 12-1-0,7,67,125.0,65.0,Orthodox,1990-02-17,6.26,0.41,3.77,0.68,1.17,0.42,0.93,0.0,12,1,0
3476,Jan Finney,Cuddles,Record: 11-12-0,-2,68,135.0,,Orthodox,,2.16,0.28,8.75,0.42,0.77,0.11,0.25,0.0,11,12,0
3477,Torrez Finney,The Punisher,Record: 9-0-0,2,68,185.0,75.0,Orthodox,1998-10-24,1.54,0.53,2.2,0.49,11.23,0.68,0.0,1.3,9,0,0
3478,Luigi Fioravanti,,Record: 26-15-0,-1,68,170.0,70.0,Orthodox,1981-01-22,2.23,0.42,2.21,0.69,3.76,0.63,0.67,0.9,26,15,0
3479,Jesse Finney,,Record: 5-1-0,2,72,170.0,,,1974-07-11,0.0,0.0,0.0,0.0,0.0,0.0,0.0,0.0,5,1,0
3480,Brady Fink,,Record: 2-3-0,-1,72,183.0,,Orthodox,,1.69,0.41,1.69,0.61,3.63,0.25,0.0,3.6,2,3,0
3481,Jafel Filho,Pastor,Record: 16-3-0,2,67,125.0,68.0,Orthodox,1993-05-05,2.36,0.41,2.0,0.47,1.77,0.33,0.55,2.6,16,3,0
3482,Paulo Filho,,Record: 23-6-3,1,68,185.0,,Southpaw,1978-05-24,1.86,0.48,1.67,0.66,2.4,0.32,0.42,1.6,23,6,3
3483,Andre Fili,Touchy,Record: 24-11-0 (1 NC),1,71,145.0,74.0,Orthodox,1990-06-25,3.88,0.37,4.11,0.51,2.15,0.43,0.7,0.2,24,11,0 (1 NC)
3484,Anthony Figueroa,,Record: 11-8-1,-2,64,135.0,,Orthodox,,2.37,0.48,3.77,0.49,0.0,0.0,0.58,0.0,11,8,1
3485,Edwin Figueroa,El Feroz,Record: 9-5-0,-3,67,135.0,69.0,Orthodox,1984-07-31,2.57,0.39,3.06,0.51,0.2,1.0,0.37,0.6,9,5,0
3486,Deiveson Figueiredo,Deus da Guerra,Record: 24-3-1,3,65,135.0,68.0,Orthodox,1987-12-18,3.01,0.55,3.39,0.51,1.68,0.35,0.58,1.6,24,3,1
3487,Francisco Figueiredo,Sniper,Record: 13-5-1 (1 NC),-1,66,125.0,68.0,Southpaw,1989-10-23,2.04,0.61,2.59,0.61,2.51,0.75,0.76,0.4,13,5,1 (1 NC)
3488,Ron Fields,Killing,Record: 28-32-1,-1,74,200.0,,Orthodox,1974-11-18,0.33,0.33,2.64,0.11,0.0,0.0,0.0,0.0,28,32,1
3489,Scott Fiedler,,Record: 0-1-0,-1,76,235.0,,Orthodox,,0.0,0.0,0.0,0.0,0.0,0.0,0.0,0.0,0,1,0
3490,Mirko Filipovic,Cro Cop,Record: 35-11-2 (1 NC),1,74,230.0,73.0,Southpaw,1974-09-10,2.11,0.5,1.89,0.63,0.19,0.4,0.78,0.3,35,11,2 (1 NC)
3491,Andre Fialho,,Record: 16-8-0 (1 NC),-4,72,170.0,74.0,Orthodox,1994-04-07,3.3,0.41,6.26,0.45,0.25,1.0,0.66,0.0,16,8,0 (1 NC)
3492,Drew Fickett,The Master,Record: 42-21-0,-1,70,155.0,70.0,Orthodox,1979-12-14,2.33,0.41,2.29,0.57,1.3,0.35,0.3,2.2,42,21,0
3493,Michal Figlak,Mad Dog,Record: 8-2-0,-2,70,155.0,70.0,Orthodox,1996-08-15,4.0,0.39,4.93,0.52,0.5,0.12,0.57,0.0,8,2,0
3494,Scott Ferrozzo,The Pitbull,Record: 4-2-0,-1,71,323.0,,Orthodox,1965-04-26,0.0,0.0,0.0,0.0,0.0,0.0,0.0,0.0,4,2,0
3495,Diego Ferreira,,Record: 19-5-0,2,69,155.0,74.0,Orthodox,1985-01-18,5.04,0.39,3.43,0.56,0.96,0.3,0.6,0.6,19,5,0
3496,Erisson Ferreira,Gato,Record: 12-2-0,-1,66,125.0,70.0,Orthodox,1991-05-03,1.75,0.32,2.75,0.56,1.11,1.0,0.66,1.7,12,2,0
3497,Brunno Ferreira,The Hulk,Record: 12-1-0,0,70,185.0,72.0,Orthodox,1992-11-04,4.99,0.54,4.04,0.5,0.89,0.16,0.6,0.0,12,1,0
3498,Alexandre Ferreira,Cacareco,Record: 18-6-0,-1,67,205.0,,Orthodox,1979-04-25,2.57,0.6,8.14,0.42,0.0,0.0,0.0,0.0,18,6,0
3499,Cezar Ferreira,Mutante,Record: 13-8-0,-2,73,185.0,78.0,Southpaw,1985-02-15,1.9,0.42,2.44,0.53,2.69,0.53,0.84,0.5,13,8,0
3500,CJ Fernandes,,Record: 14-8-3,0,74,170.0,,,1977-11-13,0.0,0.0,0.0,0.0,0.0,0.0,0.0,0.0,14,8,3
3501,Bibiano Fernandes,,Record: 20-3-0,4,67,139.0,,Orthodox,1980-03-30,2.91,0.4,2.02,0.72,3.97,0.53,0.77,0.6,20,3,0
3502,Lucas Fernando,,Record: 9-2-0,-1,75,185.0,80.0,,1997-01-10,1.87,0.51,4.73,0.38,3.0,0.3,0.0,1.0,9,2,0
3503,Kaue Fernandes,,Record: 9-2-0,1,69,155.0,73.0,Orthodox,1995-03-17,3.04,0.57,0.86,0.66,0.76,1.0,0.62,0.0,9,2,0
3504,Josh Ferguson,Taz,Record: 10-5-0,-2,65,125.0,,Orthodox,1988-05-13,2.13,0.43,4.18,0.32,0.59,0.11,0.54,0.0,10,5,0
3505,Rhadi Ferguson,,Record: 3-0-0,1,67,205.0,,,,0.0,0.0,0.0,0.0,0.0,0.0,0.0,0.0,3,0,0
3506,Gabriella Fernandes,Gabi,Record: 9-3-0,1,66,125.0,66.0,Southpaw,1993-08-13,3.73,0.49,5.56,0.47,0.67,0.22,0.59,0.0,9,3,0
3507,Tony Ferguson,El Cucuy,Record: 26-11-0,-8,71,170.0,76.0,Orthodox,1984-02-12,4.91,0.45,4.37,0.55,0.39,0.35,0.66,0.9,26,11,0
3508,Feng Xiaocan,,Record: 10-2-0,2,67,115.0,66.0,Southpaw,2001-12-27,6.04,0.51,1.11,0.75,1.76,1.0,0.7,0.0,10,2,0
3509,Kevin Ferguson,Kimbo Slice,Record: 5-2-0 (1 NC),-1,74,235.0,77.0,Orthodox,1974-02-08,2.3,0.5,3.41,0.38,3.1,0.72,0.36,1.2,5,2,0 (1 NC)
3510,JP Felty,,Record: 4-5-0,-1,0,170.0,,,1979-04-28,0.0,0.0,0.0,0.0,0.0,0.0,0.0,0.0,4,5,0
3511,Rodney Faverus,,Record: 25-20-3 (1 NC),-1,72,215.0,,Southpaw,,2.3,0.53,1.6,0.54,4.5,1.0,0.25,0.0,25,20,3 (1 NC)
3512,Carlos Felipe,Boi,Record: 11-2-0,-1,72,245.0,75.0,Orthodox,1995-01-12,4.88,0.45,5.6,0.5,0.0,0.0,0.72,0.0,11,2,0
3513,Kelly Faszholz,,Record: 4-2-0,-2,68,135.0,,Orthodox,1985-04-09,4.01,0.48,3.61,0.52,0.0,0.0,0.44,0.0,4,2,0
3514,Paul Felder,The Irish Dragon,Record: 17-6-0,-2,71,155.0,70.0,Orthodox,1984-04-25,3.7,0.44,3.44,0.48,0.29,0.28,0.64,0.2,17,6,0
3515,Rico Farrington,The Triggerman,Record: 7-3-0,-1,76,170.0,79.0,Southpaw,1989-06-19,6.33,0.41,7.2,0.51,0.0,0.0,0.2,0.0,7,3,0
3516,Chance Farrar,,Record: 8-3-0 (1 NC),-2,69,145.0,,Southpaw,1975-09-11,0.81,0.22,2.21,0.67,3.02,1.0,0.0,0.0,8,3,0 (1 NC)
3517,Jair Farias,Chosen,Record: 10-1-0,-1,73,145.0,76.0,Orthodox,1993-03-16,3.8,0.39,5.33,0.51,0.0,0.0,0.41,0.0,10,1,0
3518,Brodie Farber,,Record: 16-7-0,-2,73,170.0,,Orthodox,1980-07-05,1.69,0.45,2.17,0.53,0.9,0.5,0.2,0.9,16,7,0
3519,Kalindra Faria,,Record: 18-8-1,-3,67,125.0,,Switch,1986-07-23,2.23,0.56,1.44,0.45,1.31,0.66,0.2,0.7,18,8,1
3520,Pedro Falcao,Pedrinho,Record: 16-4-0,-1,66,135.0,66.0,Orthodox,1992-07-30,2.9,0.48,2.63,0.48,2.07,0.22,0.83,0.0,16,4,0
3521,Rinat Fakhretdinov,Gladiator,Record: 22-1-1,0,72,170.0,74.0,Orthodox,1991-09-28,4.17,0.54,2.71,0.51,4.43,0.46,1.0,0.2,22,1,1
3522,Jason Fairn,,Record: 4-5-0,-1,73,230.0,,,,0.0,0.0,0.0,0.0,0.0,0.0,0.0,0.0,4,5,0
3523,Zarah Fairn,Infinite,Record: 6-6-0,-4,68,135.0,72.0,Orthodox,1983-12-10,4.55,0.31,7.4,0.45,0.0,0.0,0.6,0.0,6,6,0
3524,Maiquel Falcao,Big Rig,Record: 37-10-0 (1 NC),1,71,185.0,,Orthodox,1981-03-08,1.67,0.55,0.53,0.86,1.0,1.0,0.71,3.0,37,10,0 (1 NC)
3525,Ron Faircloth,,Record: 33-20-0 (1 NC),0,69,205.0,,Orthodox,1979-08-16,0.39,0.4,8.9,0.42,0.0,0.0,0.0,0.0,33,20,0 (1 NC)
3526,Wagnney Fabiano,The Silencer,Record: 16-4-0,-1,66,145.0,69.0,Southpaw,1975-07-14,1.19,0.38,0.66,0.7,3.44,0.64,1.0,0.4,16,4,0
3527,Melinda Fabian,,Record: 4-4-2,-1,66,125.0,66.0,Orthodox,1987-06-25,4.03,0.41,4.0,0.62,0.0,0.0,1.0,0.0,4,4,2
3528,Bartosz Fabinski,The Butcher,Record: 15-5-0,-3,72,170.0,75.0,Orthodox,1986-04-26,2.23,0.68,1.46,0.51,7.1,0.7,0.8,0.0,15,5,0
3529,Edward Faaloloto,,Record: 2-5-0,-3,0,155.0,70.0,Orthodox,1984-07-15,2.28,0.32,6.25,0.44,1.01,0.25,0.33,0.0,2,5,0
3530,Urijah Faber,The California Kid,Record: 35-11-0,-1,66,135.0,67.0,Orthodox,1979-05-14,2.65,0.4,2.59,0.64,1.54,0.3,0.58,0.8,35,11,0
3531,Xie Bin,The Stalker,Record: 13-4-0,2,69,145.0,71.0,Orthodox,1998-02-28,4.87,0.48,3.18,0.59,2.15,0.35,0.4,0.0,13,4,0
3532,Rubens Xavier,Macula,Record: 5-3-0,-1,75,220.0,,Orthodox,,0.77,0.42,1.82,0.21,2.1,0.4,0.25,1.1,5,3,0
3533,Xiao Long,,Record: 26-8-0,-1,68,135.0,70.0,Orthodox,1998-04-13,4.98,0.52,4.02,0.48,1.0,0.3,0.78,0.0,26,8,0
3534,Richie Vaculik,Vas,Record: 10-4-0,-2,66,125.0,69.0,Orthodox,1983-06-19,3.69,0.46,4.09,0.57,3.0,0.45,0.31,1.0,10,4,0
3535,Yuri Vaulin,,Record: 0-1-0,-1,76,197.0,,Southpaw,,0.0,0.0,0.0,0.0,0.0,0.0,0.0,0.0,0,1,0
3536,Billy Vaughan,,Record: 12-17-0,-1,66,155.0,,,1983-12-02,0.0,0.0,1.36,0.5,0.0,0.0,0.0,0.0,12,17,0
3537,Javier Vazquez,Showtime,Record: 16-5-0,1,67,145.0,69.0,Southpaw,1977-07-16,2.43,0.36,1.99,0.72,2.56,0.52,0.57,1.5,16,5,0
3538,Kazula Vargas,,Record: 12-5-0,-1,68,155.0,71.0,Southpaw,1985-08-15,3.65,0.53,1.77,0.57,0.4,0.25,0.3,0.4,12,5,0
3539,Manny Vazquez,,Record: 11-2-0,-1,70,125.0,72.0,Orthodox,1993-11-19,1.47,0.41,2.67,0.48,1.0,0.33,0.0,1.0,11,2,0
3540,Guilherme Vasconcelos,Bomba,Record: 9-4-0,-1,72,185.0,,Orthodox,1986-03-23,3.27,0.29,4.4,0.7,0.0,0.0,0.0,0.0,9,4,0
3541,Gilbert Yvel,The Hurricane,Record: 39-16-1 (1 NC),-4,74,225.0,77.0,Orthodox,1976-06-30,1.05,0.47,1.78,0.5,0.0,0.0,0.25,1.0,39,16,1 (1 NC)
3542,Paul Varelans,The Polar Bear,Record: 9-9-0,-1,80,300.0,,Orthodox,,0.0,0.0,0.0,0.0,0.0,0.0,0.0,0.0,9,9,0
3543,James Wade,,Record: 4-11-0,-1,70,205.0,,,,0.0,0.0,0.0,0.0,0.0,0.0,0.0,0.0,4,11,0
3544,Jamie Varner,,Record: 21-11-1 (2 NC),-4,68,155.0,71.0,Orthodox,1984-10-12,2.92,0.34,2.55,0.58,3.49,0.53,0.66,0.8,21,11,1 (2 NC)
3545,Sodiq Yusuff,Super,Record: 13-4-0,-2,69,145.0,71.0,Orthodox,1993-05-19,5.66,0.49,4.51,0.53,0.28,0.2,0.62,0.4,13,4,0
3546,Wuziazibieke Jiahefu,Prairie Kitty,Record: 29-12-1,-1,69,145.0,70.0,Orthodox,1990-04-09,0.41,0.5,2.84,0.41,6.08,0.5,0.0,0.0,29,12,1
3547,Rob Yundt,Monster,Record: 9-5-0,-2,73,185.0,,Orthodox,1980-05-05,1.37,0.41,2.55,0.31,2.94,1.0,0.0,0.0,9,5,0
3548,Paige VanZant,12 Gauge,Record: 8-5-0,-1,64,115.0,65.0,Orthodox,1994-03-26,3.35,0.52,2.62,0.42,1.27,0.33,0.34,1.0,8,5,0
3549,Gauge Young,Gee Money,Record: 8-2-0,-1,69,155.0,70.0,Orthodox,2000-07-14,4.27,0.56,5.4,0.44,0.0,0.0,0.59,0.0,8,2,0
3550,Shane Young,Smokin',Record: 13-8-0,-4,68,145.0,72.0,Orthodox,1993-07-31,5.19,0.4,5.46,0.52,0.63,0.18,0.64,0.0,13,8,0
3551,Besam Yousef,,Record: 7-4-0,-2,71,170.0,,Orthodox,1985-03-25,3.14,0.53,3.98,0.38,1.33,0.66,0.5,0.0,7,4,0
3552,Shanna Young,The Shanimal,Record: 9-6-0,-1,67,125.0,65.0,Orthodox,1991-02-20,3.18,0.47,4.88,0.43,0.0,0.0,0.53,0.6,9,6,0
3553,Trenell Young,Savant,Record: 11-9-0,-2,66,145.0,,Orthodox,1976-06-19,1.43,0.22,5.13,0.5,1.13,0.2,0.0,1.1,11,9,0
3554,Jason Young,Shotgun,Record: 9-6-0,-1,69,145.0,73.0,Orthodox,1986-06-28,2.97,0.37,3.2,0.5,1.98,0.66,0.55,0.0,9,6,0
3555,Artenus Young,,Record: 10-12-0,1,0,205.0,,,1980-07-16,0.0,0.0,0.0,0.0,0.0,0.0,0.0,0.0,10,12,0
3556,SuYoung You,Yoo-Jitsu,Record: 13-3-0 (2 NC),2,66,135.0,65.0,Orthodox,1995-12-11,1.77,0.38,1.8,0.64,6.0,0.63,0.75,0.5,13,3,0 (2 NC)
3557,Kaitlin Young,,Record: 7-9-1,-1,69,135.0,,Orthodox,1985-09-15,2.83,0.26,6.33,0.51,2.5,1.0,0.0,0.0,7,9,1
3558,Yoshiyuki Yoshida,Zenko,Record: 18-9-0,-2,71,170.0,70.0,Southpaw,1974-05-10,0.85,0.36,3.67,0.36,1.41,0.28,0.25,2.8,18,9,0
3559,Hidehiko Yoshida,,Record: 6-8-1,1,71,225.0,,Orthodox,1969-09-03,1.05,0.36,1.89,0.62,1.09,0.33,0.71,2.2,6,8,1
3560,Dong Sik Yoon,,Record: 9-9-0,1,72,185.0,,Orthodox,1972-08-24,0.99,0.36,2.33,0.51,1.6,0.29,0.33,1.3,9,9,0
3561,SangHoon Yoo,Assassin,Record: 8-2-0,1,72,170.0,74.0,Orthodox,1990-01-18,4.83,0.65,6.11,0.4,0.53,1.0,0.69,0.5,8,2,0
3562,Kazunori Yokota,,Record: 25-7-3,-1,68,154.0,,Orthodox,1978-04-03,0.67,0.31,1.13,0.57,0.0,0.0,0.0,0.0,25,7,3
3563,Hirotaka Yokoi,Kaibatsu-Kun,Record: 11-5-0,-4,71,205.0,,Orthodox,1978-06-08,1.52,0.33,3.42,0.38,1.87,0.41,0.66,0.4,11,5,0
3564,Yizha,,Record: 25-5-0,-1,67,145.0,71.0,Orthodox,1997-01-08,2.8,0.44,2.83,0.47,3.54,0.3,0.54,1.1,25,5,0
3565,Yibugele,Eagle,Record: 24-13-1 (1 NC),-2,67,145.0,69.0,Southpaw,1989-11-13,2.87,0.41,5.5,0.54,0.0,0.0,0.81,0.0,24,13,1 (1 NC)
3566,Ashley Yoder,SpiderMonkey,Record: 8-9-0,-3,67,115.0,69.0,Southpaw,1987-10-20,3.42,0.39,4.13,0.47,1.09,0.27,0.66,0.6,8,9,0
3567,Yin Shuai,Black Panther,Record: 16-5-0,-1,67,125.0,65.0,Southpaw,1997-01-01,2.4,0.66,3.07,0.35,9.0,0.6,0.75,0.0,16,5,0
3568,Chris Yee,,Record: 4-6-0,-1,69,185.0,,,,0.0,0.0,0.0,0.0,0.0,0.0,0.0,0.0,4,6,0
3569,Yoshiaki Yatsu,,Record: 0-2-0,-2,73,165.0,,Orthodox,1956-07-19,0.0,0.0,5.57,0.48,0.0,0.0,0.0,0.0,0,2,0
3570,Tadao Yasuda,,Record: 2-4-0,1,76,310.0,,Orthodox,1963-10-09,2.7,0.73,0.85,0.6,0.75,0.14,0.0,0.0,2,4,0
3571,Emmanuel Yarborough,,Record: 1-2-0,-2,80,770.0,,Open Stance,1960-09-05,0.0,0.0,0.0,0.0,0.0,0.0,0.0,0.0,1,2,0
3572,Dongi Yang,The Ox,Record: 13-3-0,1,70,185.0,73.0,Southpaw,1984-12-07,3.55,0.51,3.21,0.63,1.7,0.41,0.61,0.5,13,3,0
3573,Adrian Yanez,,Record: 17-5-0,1,67,135.0,70.0,Orthodox,1993-11-29,6.51,0.41,5.75,0.57,0.0,0.0,1.0,0.0,17,5,0
3574,Cale Yarbrough,,Record: 8-3-0,1,73,185.0,,Orthodox,1986-12-27,3.16,0.27,10.0,0.72,0.0,0.0,0.0,0.0,8,3,0
3575,Masutatsu Yano,,Record: 2-4-1,-1,69,198.0,,Orthodox,1975-07-11,0.0,0.0,0.0,0.0,0.0,0.0,0.0,0.0,2,4,1
3576,Yan Qihui,Queen Kong,Record: 25-5-0,-1,63,125.0,62.0,Orthodox,1996-10-21,4.38,0.46,5.06,0.54,3.68,0.69,0.62,0.0,25,5,0
3577,Adam Yandiev,Boroda,Record: 9-1-0,-1,69,185.0,74.0,Orthodox,1988-08-07,0.18,0.08,6.14,0.36,0.0,0.0,0.25,0.0,9,1,0
3578,Jianping Yang,,Record: 11-4-1,-1,67,145.0,,Orthodox,1988-11-27,1.4,0.26,2.07,0.65,1.0,0.25,0.33,0.0,11,4,1
3579,Yan Xiaonan,,Record: 18-4-0 (1 NC),-1,65,115.0,63.0,Orthodox,1989-06-16,4.97,0.44,3.66,0.58,1.0,0.73,0.62,0.0,18,4,0 (1 NC)
3580,Petr Yan,No Mercy,Record: 17-5-0,1,67,135.0,67.0,Switch,1993-02-11,5.14,0.53,4.36,0.58,1.73,0.51,0.85,0.1,17,5,0
3581,Takeshi Yamazaki,,Record: 15-12-3,-1,68,139.0,,Southpaw,,0.57,0.25,1.57,0.47,4.5,0.5,1.0,1.0,15,12,3
3582,Atsushi Yamamoto,,Record: 19-11-3,-1,66,139.0,,Orthodox,1980-10-02,1.97,0.39,1.27,0.7,1.12,0.33,1.0,0.0,19,11,3
3583,Hiroko Yamanaka,Cat's Eye,Record: 13-3-0 (1 NC),-1,71,135.0,,,1978-10-24,2.1,0.26,3.54,0.63,0.0,0.0,1.0,0.0,13,3,0 (1 NC)
3584,Yoshihisa Yamamoto,,Record: 14-25-1,-2,74,220.0,,Southpaw,1970-07-04,1.65,0.38,3.05,0.53,1.0,0.2,0.5,0.6,14,25,1
3585,Kenichi Yamamoto,,Record: 5-12-2,-4,72,170.0,,Orthodox,1976-07-11,0.3,0.46,1.93,0.38,0.0,0.0,0.1,0.3,5,12,2
3586,Keiichiro Yamamiya,,Record: 45-35-10,-1,71,185.0,,Southpaw,1972-07-12,0.0,0.0,0.0,0.0,0.0,0.0,0.0,0.0,45,35,10
3587,Norifumi Yamamoto,Kid,Record: 18-6-0 (2 NC),0,64,135.0,66.0,Southpaw,1977-03-15,2.09,0.45,2.01,0.57,0.41,0.22,0.45,0.0,18,6,0 (2 NC)
3588,Eddie Yagin,The Filipino Phenom,Record: 16-7-1,1,67,145.0,,Orthodox,1979-03-23,3.13,0.3,5.77,0.42,0.0,0.0,0.62,1.0,16,7,1
3589,Jamie Yager,The Chosyn 1,Record: 8-4-0,-1,73,185.0,,Orthodox,1983-11-29,3.08,0.39,2.55,0.63,0.0,0.0,0.66,0.0,8,4,0
3590,Rani Yahya,,Record: 28-12-1 (1 NC),-2,66,135.0,67.0,Orthodox,1984-09-12,1.71,0.38,2.08,0.5,2.73,0.3,0.29,1.8,28,12,1 (1 NC)
3591,Alexander Yakovlev,Russian Thunder,Record: 24-10-1,-2,75,155.0,74.0,Southpaw,1984-07-18,1.74,0.47,2.41,0.58,1.66,0.35,0.72,0.1,24,10,1
3592,Allan Zuniga,Tigre,Record: 13-1-0,-1,67,155.0,70.0,Orthodox,1992-04-04,3.93,0.52,1.8,0.61,0.0,0.0,0.57,1.0,13,1,0
3593,Virgil Zwicker,RezDog,Record: 15-6-1,-1,74,205.0,74.0,,1982-06-26,3.34,0.48,4.87,0.39,1.31,0.3,0.5,0.0,15,6,1
3594,Mohammad Yahya,The UAE Warrior,Record: 12-5-0,-2,69,155.0,73.0,Switch,1994-05-23,2.38,0.42,4.96,0.38,0.76,1.0,0.42,0.8,12,5,0
3595,Alex Zuniga,,Record: 6-3-0,-1,0,145.0,,,,0.0,0.0,0.0,0.0,0.0,0.0,0.0,0.0,6,3,0
3596,Dave Zitanick,,Record: 5-7-0 (1 NC),-1,0,170.0,,,1980-03-05,0.0,0.0,0.0,0.0,0.0,0.0,0.0,0.0,5,7,0 (1 NC)
3597,Cat Zingano,Alpha,Record: 10-4-0,-1,66,145.0,68.0,Southpaw,1982-07-01,2.57,0.61,1.63,0.47,2.77,0.65,0.42,0.8,10,4,0
3598,Igor Zinoviev,Houdini,Record: 4-1-2,-1,73,199.0,,Orthodox,,0.0,0.0,0.0,0.0,0.0,0.0,0.0,0.0,4,1,2
3599,James Zikic,The Messenger,Record: 21-10-2,-2,74,205.0,,Orthodox,1977-03-01,1.47,0.35,1.6,0.44,0.5,0.25,0.74,0.5,21,10,2
3600,Errol Zimmerman,The Bonecrusher,Record: 0-1-0,-1,75,185.0,,Orthodox,1986-04-20,2.95,0.42,0.0,0.0,0.0,0.0,0.0,0.0,0,1,0
3601,Zhu Kangjie,,Record: 20-4-0 (1 NC),2,66,145.0,70.0,Orthodox,1996-01-16,3.5,0.54,1.03,0.69,0.5,1.0,0.52,0.0,20,4,0 (1 NC)
3602,Zhalgas Zhumagulov,,Record: 14-9-0,-4,64,125.0,66.0,Switch,1988-08-29,5.24,0.43,5.86,0.52,1.3,0.19,0.75,0.2,14,9,0
3603,Zhang Weili,Magnum,Record: 25-3-0,4,64,115.0,63.0,Switch,1989-08-13,5.66,0.53,3.15,0.53,2.51,0.46,0.5,0.5,25,3,0
3604,Yao Zhikui,The Conqueror,Record: 2-4-0,-2,65,125.0,64.0,Orthodox,1991-02-07,1.44,0.21,2.82,0.48,0.66,0.16,0.58,0.0,2,4,0
3605,Fares Ziam,Smile Killer,Record: 15-4-0,0,73,155.0,75.0,Orthodox,1997-03-21,2.7,0.48,1.72,0.65,0.81,0.23,0.67,0.2,15,4,0
3606,Daria Zhelezniakova,Iron Lady,Record: 9-1-0,0,69,135.0,68.0,,1996-01-23,3.8,0.38,1.67,0.82,0.0,0.0,0.5,0.0,9,1,0
3607,Zhang Mingyang,Mountain Tiger,Record: 17-6-0,2,74,205.0,75.0,Orthodox,1998-08-16,9.23,0.57,6.39,0.57,0.0,0.0,0.0,0.0,17,6,0
3608,Daermisi Zhawupasi,,Record: 9-2-0,-1,68,135.0,68.0,Switch,1999-09-15,1.86,0.4,2.36,0.55,7.74,0.65,0.53,1.4,9,2,0
3609,Zhang Lipeng,The Warrior,Record: 23-9-1,-2,71,155.0,71.0,Southpaw,1990-03-10,1.28,0.48,1.88,0.53,1.75,0.3,0.69,0.8,23,9,1
3610,Zhang Tiequan,The Wolf,Record: 15-4-0,-3,68,155.0,69.0,Orthodox,1978-07-25,1.23,0.36,2.14,0.51,1.95,0.58,0.75,3.4,15,4,0
3611,Carlos Zevallos,,Record: 3-4-0,1,72,205.0,,Orthodox,,4.36,0.65,2.28,0.68,0.0,0.0,1.0,0.0,3,4,0
3612,Rickson Zenidim,The King,Record: 14-2-0,-1,67,125.0,67.0,Orthodox,1999-02-17,1.67,0.32,4.07,0.33,0.0,0.0,0.0,0.0,14,2,0
3613,Craig Zellner,Big Z,Record: 4-3-0,-1,74,205.0,,Orthodox,1976-09-09,0.61,0.09,4.65,0.61,0.0,0.0,0.0,0.0,4,3,0
3614,Daniel Zellhuber,Golden Boy,Record: 15-2-0,-1,73,155.0,77.0,Switch,1999-07-07,6.26,0.4,6.02,0.55,0.18,0.25,0.94,0.2,15,2,0
3615,Roman Zentsov,The Russian Hammer,Record: 18-12-0,-1,73,230.0,,Orthodox,1973-09-10,1.18,0.36,0.53,0.7,1.6,1.0,0.33,3.2,18,12,0
3616,Manolo Zecchini,Angelo Veneziano,Record: 11-4-0,-1,68,145.0,68.0,Orthodox,1996-10-22,2.34,0.21,6.75,0.46,0.0,0.0,0.0,0.0,11,4,0
3617,Joao Zeferino,The Brazilian Samurai,Record: 21-9-0,-2,71,170.0,,Orthodox,1986-01-15,0.83,0.36,2.6,0.48,0.5,0.05,0.5,1.0,21,9,0
3618,Marius Zaromskis,The Whitemare,Record: 20-9-0 (1 NC),2,69,170.0,,Orthodox,1980-07-30,5.02,0.34,5.93,0.5,0.73,0.42,0.73,0.0,20,9,0 (1 NC)
3619,Roger Zapata,Viva,Record: 4-2-0,-1,71,170.0,,Southpaw,1986-05-09,2.6,0.51,2.13,0.36,0.0,0.0,0.81,1.4,4,2,0
3620,Zach Zane,The Hurricane,Record: 10-7-0,-1,67,145.0,69.0,Southpaw,1989-12-14,0.87,0.56,6.67,0.2,0.0,0.0,0.26,0.0,10,7,0
3621,David Zawada,Sagat,Record: 17-7-0,-2,72,170.0,75.0,Orthodox,1990-08-01,3.84,0.41,4.54,0.55,0.97,0.33,0.57,1.7,17,7,0
3622,Aiemann Zahabi,,Record: 11-2-0,0,68,135.0,68.0,Orthodox,1987-11-19,3.43,0.43,3.61,0.71,0.2,0.16,0.79,0.0,11,2,0
3623,Anton Zafir,The Professor,Record: 7-3-0,-2,71,170.0,,Orthodox,1987-05-10,2.99,0.64,2.31,0.52,6.11,0.6,0.0,0.0,7,3,0
3624,Youssef Zalal,The Moroccan Devil,Record: 15-5-1,2,70,145.0,72.0,Switch,1996-09-04,2.87,0.49,1.73,0.66,2.33,0.34,0.6,1.4,15,5,1
3625,Elizeu Zaleski dos Santos,Capoeira,Record: 24-8-1,-1,71,170.0,73.0,Orthodox,1986-12-11,4.3,0.42,3.42,0.56,0.71,0.2,0.68,0.5,24,8,1
3626,Luke Zachrich,,Record: 14-4-0,-1,74,185.0,74.0,Orthodox,1981-12-19,4.56,0.32,4.46,0.62,0.74,0.33,0.8,0.0,14,4,0
3627,Wulijiburen,Beast Master,Record: 20-9-0,-4,69,135.0,69.0,Orthodox,1989-03-01,1.61,0.42,3.02,0.56,3.28,0.42,0.77,0.4,20,9,0
3628,Wu Yanan,Mulan,Record: 13-6-0,-4,68,135.0,66.0,Orthodox,1996-04-18,4.23,0.41,4.95,0.49,0.62,0.3,0.63,0.2,13,6,0
3629,Eric Wray,,Record: 5-1-0,-1,72,170.0,,Orthodox,,1.76,0.48,3.12,0.28,4.07,0.66,0.0,2.0,5,1,0
3630,Marcin Wrzosek,The Polish Zombie,Record: 12-4-0,-1,69,155.0,,,1987-10-14,3.47,0.43,4.07,0.43,3.0,0.25,0.33,0.0,12,4,0
3631,Jordan Wright,The Beverly Hills Ninja,Record: 12-5-0 (1 NC),-4,74,205.0,77.0,Orthodox,1991-10-07,4.1,0.56,6.03,0.31,2.09,0.45,1.0,0.4,12,5,0 (1 NC)
3632,Hunter Worsham,The Future,Record: 7-3-0,-1,0,185.0,,,,0.0,0.0,0.0,0.0,0.0,0.0,0.0,0.0,7,3,0
3633,JW Wright,,Record: 1-0-0,1,0,130.0,,,1976-01-12,0.0,0.0,0.0,0.0,0.0,0.0,0.0,0.0,1,0,0
3634,Khama Worthy,The Death Star,Record: 16-9-0,-3,71,155.0,74.0,Orthodox,1986-10-15,4.18,0.48,4.45,0.46,0.0,0.0,0.57,0.7,16,9,0
3635,Justin Wren,The Viking,Record: 13-2-0,-1,74,265.0,,Orthodox,1987-04-27,3.43,0.35,2.07,0.64,0.0,0.0,1.0,0.0,13,2,0
3636,Cal Worsham,,Record: 13-10-0,-1,71,230.0,,Orthodox,,0.0,0.0,0.0,0.0,0.0,0.0,0.0,0.0,13,10,0
3637,Sean Woodson,The Sniper,Record: 12-1-1,3,74,145.0,78.0,Orthodox,1992-06-07,5.58,0.46,4.19,0.58,0.66,0.62,0.84,0.4,12,1,1
3638,Salvador Woods,,Record: 8-17-0,-2,71,170.0,,,1985-02-05,0.0,0.0,0.0,0.0,0.0,0.0,0.0,0.0,8,17,0
3639,Tyron Woodley,The Chosen One,Record: 19-7-1,-4,69,170.0,74.0,Orthodox,1982-04-07,2.36,0.48,2.76,0.54,1.06,0.4,0.87,0.4,19,7,1
3640,Val Woodburn,The Animal,Record: 7-2-0,-2,68,170.0,74.0,Orthodox,1993-08-10,1.6,0.35,4.93,0.36,1.92,1.0,0.5,0.0,7,2,0
3641,Nathaniel Wood,The Prospect,Record: 20-6-0,1,66,145.0,69.0,Orthodox,1993-05-08,5.75,0.51,4.0,0.56,1.56,0.48,0.72,0.5,20,6,0
3642,Ray Wizard,,Record: 0-1-0,-1,0,,,,,0.0,0.0,0.0,0.0,0.0,0.0,0.0,0.0,0,1,0
3643,Danyelle Wolf,,Record: 1-1-0,-1,71,145.0,70.0,Orthodox,1983-09-08,2.37,0.25,4.57,0.47,0.0,0.0,0.77,0.5,1,1,0
3644,Karolina Wojcik,Polish Assassin,Record: 9-2-0,1,62,115.0,,Orthodox,1994-12-09,2.67,0.65,0.87,0.62,2.0,0.66,1.0,1.0,9,2,0
3645,Joanne Wood,JoJo,Record: 17-8-0,2,66,125.0,65.0,Orthodox,1985-12-23,7.1,0.51,4.89,0.51,1.52,0.55,0.58,0.3,17,8,0
3646,Jason Witt,The Vanilla Gorilla,Record: 19-9-0,-2,70,170.0,70.0,Orthodox,1986-11-07,2.15,0.44,2.54,0.52,6.9,0.48,1.0,0.9,19,9,0
3647,Brandon Wolff,,Record: 7-5-0,-2,69,170.0,,Orthodox,1975-10-18,0.47,0.33,10.91,0.19,0.0,0.0,0.0,0.0,7,5,0
3648,Keith Wisniewski,The Polish Connection,Record: 28-15-1,-5,72,170.0,,Orthodox,1981-10-25,2.32,0.52,4.86,0.42,1.57,0.4,0.78,0.3,28,15,1
3649,Travis Wiuff,The Diesel,Record: 75-21-0 (1 NC),-4,75,205.0,,Orthodox,1978-03-15,0.48,0.3,4.03,0.41,4.84,0.57,0.44,1.2,75,21,0 (1 NC)
3650,Andre Winner,,Record: 21-11-2,-3,71,155.0,73.0,Orthodox,1981-11-09,2.52,0.33,4.57,0.51,0.0,0.0,0.74,0.0,21,11,2
3651,Deron Winn,,Record: 7-3-0,-1,66,185.0,70.0,Orthodox,1989-06-13,4.55,0.44,6.21,0.46,4.28,0.52,0.4,0.0,7,3,0
3652,Eric Wisely,Little Lee,Record: 26-9-1,-3,68,145.0,,Southpaw,1984-07-25,1.42,0.47,2.08,0.56,0.0,0.0,0.27,0.9,26,9,1
3653,Westin Wilson,,Record: 17-9-0,1,73,145.0,73.0,Southpaw,1989-01-24,1.68,0.33,5.72,0.31,1.68,0.16,0.33,8.4,17,9,0
3654,Greg Wilson,,Record: 2-3-0,-1,0,155.0,,,1988-10-02,0.0,0.0,0.0,0.0,0.0,0.0,0.0,0.0,2,3,0
3655,Matt Wiman,,Record: 16-10-0,-3,70,155.0,68.0,Orthodox,1983-09-19,3.17,0.5,3.57,0.51,2.13,0.37,0.56,1.5,16,10,0
3656,Eddie Wineland,,Record: 24-16-1,-3,67,135.0,69.0,Orthodox,1984-06-26,3.4,0.29,3.76,0.68,0.34,0.33,0.86,0.1,24,16,1
3657,Jonathan Wilson,Johnny Bravo,Record: 7-3-0,-3,74,205.0,75.0,Southpaw,1987-07-17,2.92,0.48,5.65,0.56,0.37,1.0,0.8,0.0,7,3,0
3658,Chris Wilson,The Professor,Record: 18-10-0 (1 NC),-2,73,170.0,75.0,Orthodox,1977-06-07,2.32,0.5,1.36,0.55,1.31,0.5,0.6,1.6,18,10,0 (1 NC)
3659,Justin Willis,Big Pretty,Record: 8-2-0,-1,73,264.0,78.0,Southpaw,1987-07-19,3.37,0.59,2.57,0.57,0.96,0.66,0.36,0.0,8,2,0
3660,Karl Williams,,Record: 10-2-0,-1,75,235.0,79.0,Orthodox,1990-01-06,2.68,0.48,2.15,0.55,4.2,0.48,1.0,0.2,10,2,0
3661,Karl Willis,,Record: 0-5-0,-1,0,,,,,0.0,0.0,0.0,0.0,0.0,0.0,0.0,0.0,0,5,0
3662,Khaos Williams,The OxFighter,Record: 15-3-0,2,72,170.0,77.0,Orthodox,1994-03-30,5.81,0.39,5.42,0.42,0.0,0.0,0.8,0.0,15,3,0
3663,Cole Williams,Havoc,Record: 11-3-0,-2,72,170.0,73.0,Orthodox,1983-12-15,0.31,0.27,5.34,0.23,0.0,0.0,0.25,0.0,11,3,0
3664,Tim Williams,The South Jersey Strangler,Record: 15-5-0,-2,74,185.0,76.0,Orthodox,1986-07-03,3.07,0.38,3.55,0.48,1.81,0.4,1.0,0.0,15,5,0
3665,Jordan Williams,Bomaye,Record: 9-6-0 (1 NC),-3,73,185.0,75.0,Southpaw,1990-10-13,5.83,0.5,5.46,0.35,1.11,0.5,0.85,0.0,9,6,0 (1 NC)
3666,Rubin Williams,Mr. Hollywood,Record: 0-1-0,-1,73,185.0,,Orthodox,1976-04-09,0.0,0.0,1.39,0.6,0.0,0.0,0.0,0.0,0,1,0
3667,Carter Williams,The Beast,Record: 4-5-0,-1,73,265.0,,Orthodox,,1.55,0.36,2.32,0.58,2.9,0.33,1.0,0.0,4,5,0
3668,Patrick Williams,The Animal,Record: 8-6-0,-2,68,135.0,73.0,Orthodox,1981-09-07,4.12,0.51,4.12,0.52,2.71,0.41,1.0,0.5,8,6,0
3669,Tedd Williams,,Record: 7-1-0,-1,73,275.0,,Orthodox,1969-12-19,0.0,0.0,0.0,0.0,0.0,0.0,0.0,0.0,7,1,0
3670,Pete Williams,El Duro,Record: 12-6-0,-4,75,235.0,,Orthodox,1975-07-10,0.61,0.62,2.77,0.4,1.84,0.4,0.16,0.9,12,6,0
3671,Rob Wilkinson,Razor,Record: 11-2-0,-2,75,185.0,80.0,Orthodox,1992-02-22,2.74,0.5,5.66,0.39,4.47,0.25,0.0,0.0,11,2,0
3672,James Wilks,Lightning,Record: 7-4-0,-1,73,170.0,75.0,Orthodox,1978-05-04,1.82,0.45,2.03,0.5,1.27,0.22,0.66,3.8,7,4,0
3673,Mike Wilkinson,The Warrior,Record: 9-4-0,-1,67,145.0,66.0,Orthodox,1987-09-15,2.35,0.38,3.7,0.35,0.92,0.14,0.55,0.9,9,4,0
3674,Aaron Wilkinson,The Daywalker,Record: 11-7-0,-1,70,155.0,,Orthodox,1987-01-31,0.0,0.0,0.0,1.0,7.32,1.0,0.0,0.0,11,7,0
3675,Justin Wilcox,Silverback,Record: 14-7-0 (1 NC),-2,66,155.0,,Orthodox,1979-03-12,3.82,0.28,2.63,0.71,1.43,0.16,1.0,0.0,14,7,0 (1 NC)
3676,Joe Wilk,The Nose,Record: 19-11-0,-1,69,145.0,,,1982-04-12,1.0,0.54,2.0,0.72,0.0,0.0,0.0,0.0,19,11,0
3677,Jonathan Wiezorek,,Record: 11-2-0,-1,75,250.0,,Southpaw,1978-02-10,1.27,0.58,5.47,0.31,1.91,0.2,0.0,0.0,11,2,0
3678,Adam Wieczorek,Siwy,Record: 10-2-0,-1,77,250.0,81.0,Orthodox,1992-02-05,1.68,0.38,1.87,0.48,0.41,0.33,0.58,0.4,10,2,0
3679,Orlando Wiet,The Gladiator,Record: 1-5-0,-1,70,170.0,,Southpaw,,0.0,0.0,0.0,0.0,0.0,0.0,0.0,0.0,1,5,0
3680,Josh Wick,The White Mamba,Record: 12-6-0,-1,69,155.0,69.0,Switch,1994-10-04,0.65,0.6,6.52,0.41,0.0,0.0,0.8,0.0,12,6,0
3681,Emily Whitmire,Spitfire,Record: 4-5-0,-3,65,125.0,63.0,Orthodox,1991-05-24,2.5,0.31,2.98,0.54,1.9,0.66,0.7,0.5,4,5,0
3682,Robert Whittaker,The Reaper,Record: 27-7-0,0,72,185.0,73.0,Orthodox,1990-12-20,4.58,0.43,3.44,0.59,0.8,0.38,0.82,0.0,27,7,0
3683,Mitch Whitesel,,Record: 17-27-0 (1 NC),1,69,185.0,,,1981-07-12,0.0,0.0,0.0,0.0,0.0,0.0,0.0,0.0,17,27,0 (1 NC)
3684,Garett Whiteley,Goodnight,Record: 7-3-0,-3,72,155.0,72.0,Orthodox,1980-12-13,3.72,0.48,4.04,0.46,0.0,0.0,0.27,0.9,7,3,0
3685,Patrik White,Primetime,Record: 9-2-0,-1,72,155.0,72.0,Orthodox,1993-06-11,9.77,0.49,6.28,0.6,0.0,0.0,0.5,0.0,9,2,0
3686,Mike Whitehead,,Record: 27-8-0,-1,73,205.0,,Orthodox,1981-06-29,1.62,0.33,2.36,0.59,3.59,0.43,0.77,0.3,27,8,0
3687,Robert Whiteford,The Hammer,Record: 14-4-0,-2,69,145.0,69.0,Southpaw,1983-04-12,2.33,0.46,1.99,0.62,1.9,0.3,0.45,0.0,14,4,0
3688,Alex White,The Spartan,Record: 13-6-0,-1,72,155.0,71.0,Southpaw,1988-10-22,3.76,0.42,3.07,0.6,0.92,0.28,0.71,0.5,13,6,0
3689,Aaron Wetherspoon,Slam,Record: 9-5-0 (1 NC),-1,0,170.0,,,,2.27,0.32,4.33,0.45,0.0,0.0,0.77,0.0,9,5,0 (1 NC)
3690,Craig White,The Thundercat,Record: 14-9-0,-2,74,170.0,76.0,Orthodox,1990-07-01,1.23,0.4,3.28,0.39,0.0,0.0,0.5,0.8,14,9,0
3691,Coty Wheeler,Ox,Record: 14-5-0,-2,66,135.0,67.0,Orthodox,1978-10-11,1.88,0.22,3.16,0.59,0.87,0.37,0.33,2.6,14,5,0
3692,Dustin West,,Record: 6-6-0,1,71,170.0,,,,0.0,0.0,0.0,0.0,0.0,0.0,0.0,0.0,6,6,0
3693,Vernon White,Tiger,Record: 26-33-2,-3,72,205.0,,Southpaw,1971-12-03,2.11,0.38,2.2,0.54,0.88,0.28,0.44,0.0,26,33,2
3694,Mike Wessel,Juggernaut,Record: 15-8-0,-1,72,260.0,,Orthodox,1977-12-02,1.82,0.56,6.43,0.22,6.29,0.5,0.0,0.0,15,8,0
3695,Sheldon Westcott,,Record: 10-3-1,1,73,170.0,71.0,Southpaw,1984-08-20,2.26,0.4,3.73,0.37,3.23,0.37,0.14,0.0,10,3,1
3696,Malcolm Wellmaker,The Machine,Record: 8-0-0,1,70,135.0,71.0,Switch,1994-06-04,8.05,0.66,7.65,0.54,0.0,0.0,1.0,0.0,8,0,0
3697,Christian Wellisch,The Hungarian Nightmare,Record: 8-5-0,-2,74,234.0,77.0,Orthodox,1975-09-13,3.12,0.27,3.04,0.56,1.22,0.42,0.45,1.2,8,5,0
3698,Jeremiah Wells,,Record: 12-4-1,-2,69,170.0,74.0,Switch,1986-10-30,2.41,0.43,1.31,0.48,3.08,0.44,0.8,0.8,12,4,1
3699,Mark Weir,The Wizard,Record: 21-18-1,-3,74,185.0,,Southpaw,1967-09-19,1.54,0.56,2.5,0.38,0.8,0.5,0.25,2.4,21,18,1
3700,Fabricio Werdum,Vai Cavalo,Record: 24-9-1,1,76,231.0,77.0,Orthodox,1977-07-30,3.59,0.52,2.64,0.55,1.75,0.31,0.31,1.2,24,9,1
3701,Chris Weidman,The All-American,Record: 16-7-0,0,74,185.0,78.0,Orthodox,1984-06-17,3.18,0.45,3.22,0.51,3.44,0.42,0.65,0.8,16,7,0
3702,Joshua Weems,Wide Open,Record: 11-3-0,-2,68,135.0,69.0,Orthodox,1994-05-05,5.25,0.64,3.34,0.61,4.77,0.4,1.0,0.0,11,3,0
3703,Darian Weeks,,Record: 5-3-0,-3,71,170.0,72.0,Orthodox,1993-11-23,4.49,0.51,4.56,0.51,2.0,0.3,1.0,0.0,5,3,0
3704,Royston Wee,,Record: 4-1-0,-1,67,135.0,67.0,Orthodox,1986-11-15,1.1,0.6,2.45,0.49,3.38,0.81,0.0,0.0,4,1,0
3705,Stephanie Webber,,Record: 2-2-0,-1,66,135.0,,,,0.91,0.8,3.85,0.15,6.79,0.4,0.0,0.0,2,2,0
3706,Brok Weaver,Chata Tuska,Record: 15-6-0,-2,72,155.0,73.0,Southpaw,1991-12-05,4.78,0.64,4.35,0.46,0.41,0.1,0.66,0.4,15,6,0
3707,Jonavin Webb,The Spyder,Record: 9-2-0 (1 NC),-2,70,170.0,,Orthodox,1989-04-28,1.47,0.3,2.27,0.64,2.5,0.31,0.4,1.0,9,2,0 (1 NC)
3708,Tom Watson,Kong,Record: 17-9-0,-2,73,185.0,73.0,Orthodox,1982-07-13,4.01,0.44,4.41,0.5,0.15,0.07,0.43,0.0,17,9,0
3709,Walel Watson,The Gazelle,Record: 14-10-0,-3,71,135.0,75.0,Orthodox,1984-07-16,2.1,0.29,3.79,0.43,0.0,0.0,0.61,1.4,14,10,0
3710,Kyle Watson,,Record: 13-8-1,-1,72,155.0,,Southpaw,1979-08-09,3.67,0.35,3.25,0.62,0.0,0.0,1.0,0.0,13,8,1
3711,Maka Watson,,Record: 4-2-0,-2,0,155.0,,,1984-09-22,0.93,0.37,1.6,0.22,2.0,1.0,0.33,0.0,4,2,0
3712,Dominic Waters,Sho Nuff,Record: 9-5-0,-3,73,170.0,79.0,Orthodox,1989-04-11,0.48,0.23,2.53,0.39,4.07,0.52,0.28,0.0,9,5,0
3713,Andy Waters,,Record: 1-2-0,-1,72,170.0,,,,0.0,0.0,0.0,0.0,0.0,0.0,0.0,0.0,1,2,0
3714,Trey Waters,The Truth,Record: 9-1-0,2,77,170.0,77.0,Orthodox,1995-02-21,6.43,0.44,5.61,0.56,0.44,0.33,0.85,0.9,9,1,0
3715,Michelle Waterson-Gomez,The Karate Hottie,Record: 18-13-0,-5,63,115.0,62.0,Orthodox,1986-01-06,3.42,0.46,4.25,0.48,1.39,0.33,0.69,0.6,18,13,0
3716,Merritt Warren,,Record: 3-3-0,1,70,155.0,,Southpaw,,0.0,0.0,0.0,0.0,0.0,0.0,0.0,0.0,3,3,0
3717,Kazuhisa Watanabe,,Record: 0-1-0,-1,66,139.0,,,1983-05-18,0.62,0.5,0.94,0.0,0.0,0.0,0.14,0.0,0,1,0
3718,Kengo Watanabe,,Record: 8-13-3 (1 NC),-1,76,220.0,,Orthodox,1976-01-31,0.6,0.4,3.4,0.35,1.0,1.0,0.37,0.0,8,13,3 (1 NC)
3719,Ron Waterman,H20,Record: 16-6-2,-2,74,280.0,,Orthodox,1965-11-23,0.84,0.5,1.37,0.42,4.19,0.69,0.5,2.8,16,6,2
3720,Joe Warren,,Record: 15-6-0,-1,66,135.0,,Orthodox,1976-10-31,2.15,0.46,2.39,0.52,6.14,0.46,0.6,0.0,15,6,0
3721,Terrion Ware,Flash,Record: 17-9-0,-4,68,135.0,71.0,Orthodox,1986-03-31,4.02,0.32,6.07,0.5,0.5,0.22,0.44,0.0,17,9,0
3722,Brian Warren,Mr. Unbreakable,Record: 18-17-1,-1,72,185.0,,Orthodox,,1.16,0.21,4.63,0.57,0.0,0.0,0.0,0.0,18,17,1
3723,Charlie Ward,,Record: 3-3-0,-2,71,170.0,,Orthodox,1980-12-17,1.64,0.19,7.21,0.53,0.0,0.0,0.0,0.0,3,3,0
3724,Joshua Wang-Kim,Twin Dragon,Record: 5-2-0,-1,69,135.0,71.0,Switch,1992-11-16,2.95,0.4,4.43,0.6,1.17,1.0,0.66,0.0,5,2,0
3725,Curt Warburton,,Record: 13-6-0,-1,72,155.0,73.0,Orthodox,,2.13,0.42,3.44,0.43,2.35,0.5,0.83,0.9,13,6,0
3726,Wang Cong,The Joker,Record: 6-0-0,2,66,125.0,66.0,Southpaw,1992-05-15,7.07,0.59,0.73,0.76,3.66,1.0,0.0,7.3,6,0,0
3727,Sai Wang,The Fire Kylin,Record: 20-6-1,1,72,170.0,,Southpaw,1986-01-14,3.17,0.46,2.27,0.53,0.0,0.0,0.77,0.0,20,6,1
3728,Anying Wang,,Record: 2-1-0,-1,72,170.0,,Orthodox,1991-04-04,1.32,0.26,1.63,0.44,0.0,0.0,0.33,0.0,2,1,0
3729,Dimitiri Wanderley,,Record: 5-2-0,-1,0,205.0,,Orthodox,,0.92,0.25,4.31,0.3,1.16,0.2,0.0,0.0,5,2,0
3730,Erick Wanderlei,,Record: 3-3-0,-1,73,205.0,,Orthodox,,0.63,0.41,2.66,0.4,3.8,0.66,0.0,1.9,3,3,0
3731,Andy Wang,,Record: 7-8-1 (1 NC),-1,66,155.0,,Orthodox,1977-05-28,3.43,0.36,10.29,0.62,0.0,0.0,0.0,0.0,7,8,1 (1 NC)
3732,Richard Walsh,Filthy Rich,Record: 9-5-0,-2,72,170.0,73.0,Orthodox,1988-12-01,3.84,0.46,2.72,0.58,1.55,0.4,0.66,0.2,9,5,0
3733,Cory Walmsley,Hardcore,Record: 8-2-0,-1,72,205.0,,Orthodox,,0.79,1.0,1.18,0.5,0.0,0.0,0.0,0.0,8,2,0
3734,Jim Wallhead,Judo,Record: 29-11-0,-2,70,170.0,,Orthodox,1984-03-14,3.19,0.26,6.65,0.49,0.0,0.0,1.0,0.0,29,11,0
3735,Patrick Walsh,The Beast of the East,Record: 10-3-0,-1,71,185.0,,,1988-11-28,2.03,0.19,2.83,0.64,3.0,0.54,1.0,1.5,10,3,0
3736,James Wallace,Jesse,Record: 5-2-0,-1,70,155.0,69.0,Orthodox,1992-11-17,0.52,0.28,3.41,0.35,0.0,0.0,0.0,0.0,5,2,0
3737,Jeremy Wallace,,Record: 4-6-0,-1,69,,,,,0.0,0.0,0.0,0.0,0.0,0.0,0.0,0.0,4,6,0
3738,Randall Wallace,Braveheart,Record: 15-6-0,-1,71,185.0,73.0,Orthodox,1989-03-01,1.13,0.38,4.11,0.45,2.13,0.5,0.0,0.0,15,6,0
3739,Rodney Wallace,Shonuff the Master,Record: 26-15-1,-3,69,205.0,72.0,Switch,1981-11-21,1.13,0.46,3.44,0.45,6.0,0.54,0.28,1.0,26,15,1
3740,Ben Wall,Manimal,Record: 8-7-1,-2,70,155.0,,Orthodox,1989-03-25,1.47,0.29,8.53,0.29,0.0,0.0,1.0,0.0,8,7,1
3741,Crafton Wallace,Blaze,Record: 18-6-1,-2,72,185.0,,Orthodox,1975-11-10,1.55,0.44,2.36,0.47,0.0,0.0,0.42,0.0,18,6,1
3742,Herschel Walker,,Record: 2-0-0,2,73,215.0,,Orthodox,1962-03-03,3.42,0.67,0.45,0.46,1.94,1.0,1.0,0.0,2,0,0
3743,Valter Walker,The Clean Monster,Record: 12-1-0,1,78,265.0,78.0,Orthodox,1997-12-14,1.86,0.52,3.16,0.42,4.52,0.75,0.0,0.8,12,1,0
3744,Johnny Walker,,Record: 21-9-0 (1 NC),-2,78,205.0,82.0,Orthodox,1992-03-30,3.87,0.53,3.12,0.44,0.45,1.0,0.57,0.9,21,9,0 (1 NC)
3745,Donny Walker,Eagle Eye,Record: 15-10-0,-2,69,135.0,,,1980-01-04,1.81,0.37,3.85,0.46,0.0,0.0,0.57,1.7,15,10,0
3746,Brogan Walker,The Bear,Record: 8-4-0,-2,64,125.0,67.0,Switch,1988-08-02,2.04,0.3,3.7,0.47,0.0,0.0,0.11,0.0,8,4,0
3747,Andre Walker,,Record: 1-5-0,-1,71,205.0,,Southpaw,,2.28,0.31,4.36,0.34,0.0,0.0,0.0,0.0,1,5,0
3748,Chase Waldon,,Record: 11-2-0,-1,73,185.0,75.0,Orthodox,1986-09-19,1.03,0.28,6.72,0.38,7.76,0.33,0.0,0.0,11,2,0
3749,Jordan Vucenic,The Epidemic,Record: 13-3-0,-1,70,155.0,73.0,Orthodox,1996-03-02,2.27,0.4,2.0,0.55,0.0,0.0,0.75,0.0,13,3,0
3750,TJ Waldburger,,Record: 16-9-0,-2,71,170.0,75.0,Orthodox,1988-04-25,2.02,0.51,2.39,0.4,3.03,0.46,0.4,4.8,16,9,0
3751,Neil Wain,Old School,Record: 13-4-0,-1,70,242.0,,Orthodox,,2.64,0.5,8.57,0.43,0.0,0.0,0.5,0.0,13,4,0
3752,Chris Wade,,Record: 12-3-0,1,70,155.0,70.0,Orthodox,1987-09-30,1.7,0.53,1.75,0.51,2.6,0.51,0.55,1.1,12,3,0
3753,Alexander Volkanovski,The Great,Record: 26-4-0,-2,66,145.0,71.0,Orthodox,1988-09-29,6.16,0.56,3.44,0.58,1.78,0.37,0.7,0.2,26,4,0
3754,Milco Voorn,,Record: 20-11-1,-1,0,220.0,,Orthodox,,0.0,0.0,0.0,1.0,0.0,0.0,0.0,0.0,20,11,1
3755,Jason Von Flue,Live Wire,Record: 14-12-1,-2,72,170.0,,Orthodox,1975-08-01,1.89,0.36,3.23,0.52,0.62,0.16,0.58,1.5,14,12,1
3756,Alexander Volkov,Drago,Record: 38-10-0,0,79,250.0,80.0,Orthodox,1988-10-24,5.13,0.57,3.0,0.55,0.45,0.63,0.73,0.2,38,10,0
3757,Jacob Volkmann,Christmas,Record: 19-7-0,-1,69,155.0,71.0,Southpaw,1980-09-05,1.19,0.34,1.78,0.52,3.19,0.48,0.52,2.0,19,7,0
3758,Igor Vovchanchyn,Ice Cold,Record: 55-10-0 (1 NC),-2,68,205.0,,Orthodox,1973-08-06,1.59,0.49,0.97,0.63,1.19,0.66,0.5,0.5,55,10,0 (1 NC)
3759,Bobby Voelker,Vicious,Record: 19-13-0,-4,72,170.0,74.0,Orthodox,1979-04-26,4.01,0.35,5.84,0.42,1.04,0.5,0.66,0.0,19,13,0
3760,Falaniko Vitale,Niko,Record: 30-11-0,-2,70,185.0,,Orthodox,1974-07-14,1.88,0.49,3.68,0.47,0.72,0.33,0.86,0.0,30,11,0
3761,Brandon Visher,The Viper,Record: 13-3-0,-2,66,135.0,68.0,Orthodox,1984-05-06,2.55,0.45,3.76,0.42,0.67,0.2,0.0,0.0,13,3,0
3762,Cheyanne Vlismas,The Warrior Princess,Record: 7-3-0,-1,63,115.0,63.0,Switch,1995-06-25,4.93,0.5,2.57,0.64,0.25,0.33,0.66,0.2,7,3,0
3763,Mateo Vogel,Carrapato,Record: 8-3-0,-1,68,145.0,71.0,Orthodox,1996-03-05,4.47,0.46,2.87,0.65,1.0,0.16,0.0,0.0,8,3,0
3764,Yuri Villefort,,Record: 10-5-0,-3,72,170.0,73.0,Orthodox,1991-03-23,3.18,0.43,5.42,0.55,2.0,0.35,0.4,0.3,10,5,0
3765,Marcos Vinicius,Vina,Record: 23-11-1,-2,69,125.0,,Orthodox,1979-12-05,1.93,0.49,2.91,0.47,0.0,0.0,0.25,0.5,23,11,1
3766,Danillo Villefort,Indio,Record: 15-5-0,-2,73,185.0,,Orthodox,1983-05-08,2.86,0.37,2.4,0.68,1.71,0.66,0.33,1.7,15,5,0
3767,Joey Villasenor,Smokin' Joe,Record: 29-10-0,-1,72,185.0,,Orthodox,1975-10-17,2.05,0.38,3.26,0.52,0.71,0.4,0.53,1.1,29,10,0
3768,Ruben Villareal,Warpath,Record: 22-28-3,-2,76,265.0,,Orthodox,1970-05-01,5.18,0.53,4.86,0.35,0.0,0.0,0.0,0.0,22,28,3
3769,Armando Villarreal,La Lumbre,Record: 5-2-0,-1,67,135.0,66.0,Southpaw,1989-08-08,3.23,0.55,4.3,0.52,3.23,0.25,0.0,0.0,5,2,0
3770,Ike Villanueva,Hurricane,Record: 18-14-0,-3,73,205.0,73.0,Orthodox,1984-04-04,3.66,0.38,7.24,0.36,0.6,0.5,1.0,0.0,18,14,0
3771,Steve Vigneault,Lionheart,Record: 12-6-0,-2,70,185.0,,Orthodox,1978-02-14,2.19,0.28,5.75,0.44,0.0,0.0,1.0,0.0,12,6,0
3772,Gian Villante,,Record: 17-14-0,-4,75,230.0,76.0,Orthodox,1985-08-18,4.38,0.44,5.47,0.55,0.45,0.23,0.83,0.0,17,14,0
3773,Rodolfo Vieira,,Record: 10-2-0,2,72,185.0,73.0,Orthodox,1989-09-25,3.19,0.54,4.6,0.49,4.18,0.3,1.0,1.6,10,2,0
3774,Polyana Viana,Dama de Ferro,Record: 13-7-0,0,65,115.0,67.0,Orthodox,1992-06-14,2.99,0.4,2.65,0.53,0.82,0.33,0.38,1.9,13,7,0
3775,Ketlen Vieira,Fenomeno,Record: 14-3-0,0,68,135.0,68.0,Orthodox,1991-08-26,3.04,0.41,3.92,0.51,1.51,0.44,0.92,0.6,14,3,0
3776,Reginaldo Vieira,,Record: 13-5-0,-2,67,135.0,65.0,Orthodox,1982-11-26,3.76,0.4,2.89,0.59,1.97,0.27,0.25,0.8,13,5,0
3777,Milton Vieira,Miltinho,Record: 13-8-2,-1,72,145.0,,Orthodox,1978-10-04,1.13,0.35,2.36,0.48,2.67,0.53,0.12,0.7,13,8,2
3778,James Vick,The Texecutioner,Record: 13-5-0,-4,75,155.0,76.0,Orthodox,1987-02-23,4.13,0.39,3.31,0.6,0.26,0.33,0.57,0.7,13,5,0
3779,Vitor Vianna,,Record: 12-3-1,-1,0,205.0,,Orthodox,,3.1,0.3,8.28,0.52,0.0,0.0,0.0,0.0,12,3,1
3780,Tamires Vidal,Tractor,Record: 7-3-0,0,66,135.0,68.0,Orthodox,1998-07-27,3.2,0.55,3.9,0.54,0.0,0.0,0.28,1.0,7,3,0
3781,Bryan Vetell,,Record: 4-3-0,-1,75,265.0,,Southpaw,1977-07-26,2.74,0.6,2.13,0.41,0.0,0.0,0.0,0.0,4,3,0
3782,Hugo Viana,Wolverine,Record: 8-4-0,-2,66,135.0,67.0,Orthodox,1982-09-26,3.05,0.38,3.2,0.57,0.22,0.06,0.5,0.0,8,4,0
3783,CJ Vergara,,Record: 12-5-1,0,66,125.0,68.0,Orthodox,1991-06-18,5.24,0.57,4.62,0.52,0.0,0.0,0.6,0.2,12,5,1
3784,Marvin Vettori,The Italian Dream,Record: 19-7-1,-1,72,185.0,74.0,Southpaw,1993-09-20,4.56,0.45,4.24,0.56,1.66,0.45,0.69,0.5,19,7,1
3785,Renato Verissimo,Charuto,Record: 7-5-0 (1 NC),-3,73,170.0,,Orthodox,1973-08-03,0.92,0.48,1.87,0.47,1.46,0.3,0.5,2.5,7,5,0 (1 NC)
3786,Nikolay Veretennikov,,Record: 12-5-0,-2,73,170.0,75.0,Orthodox,1989-12-22,3.4,0.59,3.33,0.54,0.0,0.0,0.6,0.0,12,5,0
3787,Joe Veres,,Record: 4-3-0,-2,67,155.0,,Orthodox,1977-11-09,0.0,0.0,5.55,0.27,0.0,0.0,0.0,0.0,4,3,0
3788,Ernie Verdicia,,Record: 0-1-0,-1,71,199.0,,Orthodox,,0.0,0.0,0.0,0.0,0.0,0.0,0.0,0.0,0,1,0
3789,Isis Verbeek,Fight Queen,Record: 5-2-0,-1,64,115.0,64.0,Orthodox,1995-01-12,3.13,0.43,3.53,0.53,0.0,0.0,0.66,0.0,5,2,0
3790,Kerry Vera,,Record: 2-0-0,1,67,135.0,,Orthodox,,0.0,0.0,0.0,0.0,0.0,0.0,0.0,0.0,2,0,0
3791,Jerrel Venetiaan,,Record: 4-3-0 (1 NC),-1,73,195.0,,Orthodox,1971-03-09,0.81,0.33,1.51,0.67,0.0,0.0,0.6,0.0,4,3,0 (1 NC)
3792,Scott Ventimiglia,Meant to Kill Ya,Record: 14-6-1,-1,71,185.0,,,1972-11-17,0.0,0.0,0.0,0.0,0.0,0.0,0.0,0.0,14,6,1
3793,Marlon Vera,Chito,Record: 23-10-1,-2,68,135.0,70.0,Switch,1992-12-02,4.27,0.49,5.37,0.5,0.51,0.39,0.72,0.8,23,10,1
3794,Karlos Vemola,,Record: 17-5-0,-2,72,185.0,75.0,Orthodox,1985-07-03,1.67,0.44,2.13,0.37,1.93,0.25,0.31,1.7,17,5,0
3795,Carlos Vera,Pequeno,Record: 11-4-0,-1,66,135.0,69.0,Orthodox,1987-11-05,0.8,0.48,2.53,0.45,0.0,0.0,0.0,0.0,11,4,0
3796,David Velasquez,Little,Record: 10-10-0,-1,65,145.0,,Orthodox,,0.0,0.0,0.0,0.0,0.0,0.0,0.0,0.0,10,10,0
3797,Cain Velasquez,,Record: 14-3-0,-1,73,240.0,77.0,Orthodox,1982-07-28,6.37,0.57,2.33,0.57,5.13,0.45,0.85,0.4,14,3,0
3798,Kelly Velasco,Killer,Record: 2-1-0,-1,69,135.0,,Orthodox,1995-05-21,2.27,0.35,5.67,0.47,0.0,0.0,1.0,0.0,2,1,0
3799,Bojan Velickovic,Serbian Steel,Record: 15-6-1,-2,72,170.0,76.0,Southpaw,1988-12-18,2.18,0.34,2.31,0.57,0.67,0.25,0.55,0.5,15,6,1
3800,Joe Vedepo,The Doctor,Record: 18-9-0,-2,72,185.0,,Orthodox,,1.43,0.42,5.71,0.38,1.07,0.2,0.0,0.0,18,9,0
3801,Matt Veach,,Record: 17-5-0,-2,71,155.0,,Orthodox,1981-05-31,1.12,0.28,4.91,0.44,3.64,0.38,1.0,1.5,17,5,0
3802,Brandon Vera,The Truth,Record: 15-7-0 (1 NC),-2,75,230.0,78.0,Orthodox,1977-10-10,3.03,0.56,2.81,0.52,0.7,0.53,0.59,0.2,15,7,0 (1 NC)
3803,Luigi Vendramini,The Italian Stallion,Record: 9-3-0,-2,68,155.0,73.0,Orthodox,1996-01-16,2.82,0.4,3.82,0.57,1.11,0.15,1.0,0.6,9,3,0
3804,Austin Vanderford,AK-47,Record: 4-0-0,1,71,170.0,,Orthodox,1990-03-21,3.9,0.52,5.19,0.45,0.0,0.0,1.0,1.9,4,0,0
3805,Greg Velasco,The Viking King,Record: 6-1-0,-1,74,265.0,70.0,Southpaw,1993-09-23,0.0,0.0,1.52,0.0,0.0,0.0,0.0,0.0,6,1,0
3806,Lloyd Van Dams,,Record: 0-1-0,-1,73,240.0,,Southpaw,1972-03-05,0.0,0.0,3.01,0.15,0.0,0.0,0.0,0.0,0,1,0
3807,Jared Vanderaa,,Record: 12-10-0,-5,76,265.0,80.0,Orthodox,1992-05-12,4.96,0.44,5.67,0.45,0.18,0.5,0.2,0.0,12,10,0
3808,Cameron VanCamp,Jumpman,Record: 15-7-1 (1 NC),-2,74,155.0,74.0,Switch,1993-04-27,5.31,0.47,6.41,0.4,0.0,0.0,0.0,0.0,15,7,1 (1 NC)
3809,Matt Van Buren,Gutter,Record: 7-6-0,-2,77,205.0,,,1986-06-12,7.73,0.45,6.82,0.49,0.0,0.0,0.5,0.0,7,6,0
3810,Lando Vannata,Groovy,Record: 12-7-2,-2,69,155.0,71.0,Orthodox,1992-03-14,4.52,0.45,4.76,0.55,1.09,0.37,0.69,0.3,12,7,2
3811,Chad Vance,,Record: 7-5-0,-1,72,185.0,,Orthodox,,0.0,0.0,0.0,0.0,0.0,0.0,0.0,0.0,7,5,0
3812,Victor Valimaki,The Matrix,Record: 18-10-0,-2,72,205.0,,Orthodox,,3.94,0.3,2.99,0.67,0.9,0.14,0.0,0.0,18,10,0
3813,Ron van Clief,The Black Dragon,Record: 0-1-0,-1,70,190.0,,Orthodox,1943-01-25,0.0,0.0,0.0,0.0,0.0,0.0,0.0,0.0,0,1,0
3814,Kevin Vallejos,El Chino,Record: 11-1-0,0,67,145.0,68.0,Switch,2001-12-08,4.73,0.44,5.8,0.51,0.0,0.0,0.66,0.0,11,1,0
3815,Mike van Arsdale,,Record: 8-5-0,-2,74,205.0,,Switch,1965-06-20,1.52,0.41,1.91,0.41,1.06,0.14,0.37,0.0,8,5,0
3816,Timur Valiev,Lucky,Record: 18-3-0 (1 NC),-1,66,135.0,67.0,Orthodox,1990-01-19,5.19,0.53,3.33,0.45,1.73,0.4,0.55,0.3,18,3,0 (1 NC)
3817,Joshua Van,The Fearless,Record: 11-2-0,1,65,125.0,65.0,Orthodox,2001-10-10,8.39,0.53,6.09,0.58,1.62,0.63,0.83,0.0,11,2,0
3818,Ivan Valenzuela,Bam Bam,Record: 8-2-0,-1,74,185.0,77.0,Orthodox,1992-11-17,0.0,0.0,9.6,0.33,0.0,0.0,0.0,0.0,8,2,0
3819,Victor Valenzuela,Joe Boxer,Record: 13-6-2,-1,70,155.0,,,,1.28,1.0,2.55,0.0,0.0,0.0,0.0,0.0,13,6,2
3820,Robert Valentin,Robzilla,Record: 11-4-0 (1 NC),-1,74,185.0,77.0,Orthodox,1995-03-31,0.15,0.5,6.16,0.19,0.0,0.0,0.66,4.4,11,4,0 (1 NC)
3821,Andrew Valladerez,,Record: 5-7-0,-2,0,135.0,,,,0.0,0.0,0.0,0.0,0.0,0.0,0.0,0.0,5,7,0
3822,Charlie Valencia,,Record: 12-7-0,-2,63,135.0,64.0,Orthodox,1974-10-31,2.58,0.37,2.61,0.77,1.4,0.53,0.75,0.5,12,7,0
3823,Isaac Vallie-Flagg,,Record: 16-7-1,-3,68,155.0,70.0,Orthodox,1978-04-08,5.56,0.47,5.6,0.45,0.2,0.12,0.58,0.0,16,7,1
3824,Genaro Valdez,Rayadito,Record: 10-3-0,-3,69,155.0,72.0,Orthodox,1992-01-16,4.08,0.3,7.16,0.48,1.54,0.44,0.36,0.4,10,3,0
3825,Egidijus Valavicius,,Record: 29-12-0,-1,72,200.0,,Orthodox,,0.0,0.0,0.0,0.0,0.0,0.0,0.0,0.0,29,12,0
